Bringing machine 'node-gitlab-tr' up with 'virtualbox' provider...
Bringing machine 'node-redmine-tr' up with 'virtualbox' provider...
Bringing machine 'node-mattermost-tr' up with 'virtualbox' provider...
Bringing machine 'node-control-tr' up with 'virtualbox' provider...
==> node-gitlab-tr: Importing base box 'ubuntu/jammy64'...

[K==> node-gitlab-tr: Matching MAC address for NAT networking...
==> node-gitlab-tr: Setting the name of the VM: node-gitlab-tr
==> node-gitlab-tr: Clearing any previously set network interfaces...
==> node-gitlab-tr: Preparing network interfaces based on configuration...
    node-gitlab-tr: Adapter 1: nat
    node-gitlab-tr: Adapter 2: hostonly
==> node-gitlab-tr: Forwarding ports...
    node-gitlab-tr: 22 (guest) => 2222 (host) (adapter 1)
==> node-gitlab-tr: Running 'pre-boot' VM customizations...
==> node-gitlab-tr: Booting VM...
==> node-gitlab-tr: Waiting for machine to boot. This may take a few minutes...
    node-gitlab-tr: SSH address: 127.0.0.1:2222
    node-gitlab-tr: SSH username: vagrant
    node-gitlab-tr: SSH auth method: private key
    node-gitlab-tr: Warning: Connection reset. Retrying...
    node-gitlab-tr: Warning: Connection aborted. Retrying...
    node-gitlab-tr: 
    node-gitlab-tr: Vagrant insecure key detected. Vagrant will automatically replace
    node-gitlab-tr: this with a newly generated keypair for better security.
    node-gitlab-tr: 
    node-gitlab-tr: Inserting generated public key within guest...
    node-gitlab-tr: Removing insecure key from the guest if it's present...
    node-gitlab-tr: Key inserted! Disconnecting and reconnecting using new SSH key...
==> node-gitlab-tr: Machine booted and ready!
==> node-gitlab-tr: Checking for guest additions in VM...
    node-gitlab-tr: The guest additions on this VM do not match the installed version of
    node-gitlab-tr: VirtualBox! In most cases this is fine, but in rare cases it can
    node-gitlab-tr: prevent things such as shared folders from working properly. If you see
    node-gitlab-tr: shared folder errors, please make sure the guest additions within the
    node-gitlab-tr: virtual machine match the version of VirtualBox you have installed on
    node-gitlab-tr: your host and reload your VM.
    node-gitlab-tr: 
    node-gitlab-tr: Guest Additions Version: 6.0.0 r127566
    node-gitlab-tr: VirtualBox Version: 7.2
==> node-gitlab-tr: Setting hostname...
==> node-gitlab-tr: Configuring and enabling network interfaces...
==> node-gitlab-tr: Running provisioner: shell...
    node-gitlab-tr: Running: C:/Users/176D~1/AppData/Local/Temp/vagrant-shell20260429-9496-1tsena.sh
    node-gitlab-tr: [node-gitlab] scenario=ok
    node-gitlab-tr: Reading package lists...
    node-gitlab-tr: Building dependency tree...
    node-gitlab-tr: Reading state information...
    node-gitlab-tr: lsb-release is already the newest version (11.1.0ubuntu4).
    node-gitlab-tr: lsb-release set to manually installed.
    node-gitlab-tr: ca-certificates is already the newest version (20240203~22.04.1).
    node-gitlab-tr: ca-certificates set to manually installed.
    node-gitlab-tr: ufw is already the newest version (0.36.1-4ubuntu0.1).
    node-gitlab-tr: ufw set to manually installed.
    node-gitlab-tr: The following additional packages will be installed:
    node-gitlab-tr:   dirmngr gnupg-l10n gnupg-utils gpg gpg-agent gpg-wks-client gpg-wks-server
    node-gitlab-tr:   gpgconf gpgsm gpgv libcurl4
    node-gitlab-tr: Suggested packages:
    node-gitlab-tr:   pinentry-gnome3 tor parcimonie xloadimage scdaemon
    node-gitlab-tr: The following packages will be upgraded:
    node-gitlab-tr:   curl dirmngr gnupg gnupg-l10n gnupg-utils gpg gpg-agent gpg-wks-client
    node-gitlab-tr:   gpg-wks-server gpgconf gpgsm gpgv libcurl4
    node-gitlab-tr: 13 upgraded, 0 newly installed, 0 to remove and 134 not upgraded.
    node-gitlab-tr: Need to get 2732 kB of archives.
    node-gitlab-tr: After this operation, 0 B of additional disk space will be used.
    node-gitlab-tr: Get:1 http://archive.ubuntu.com/ubuntu jammy-updates/main amd64 gpg-wks-client amd64 2.2.27-3ubuntu2.5 [62.7 kB]
    node-gitlab-tr: Get:2 http://archive.ubuntu.com/ubuntu jammy-updates/main amd64 dirmngr amd64 2.2.27-3ubuntu2.5 [293 kB]
    node-gitlab-tr: Get:3 http://archive.ubuntu.com/ubuntu jammy-updates/main amd64 gpg-wks-server amd64 2.2.27-3ubuntu2.5 [57.6 kB]
    node-gitlab-tr: Get:4 http://archive.ubuntu.com/ubuntu jammy-updates/main amd64 gnupg-utils amd64 2.2.27-3ubuntu2.5 [309 kB]
    node-gitlab-tr: Get:5 http://archive.ubuntu.com/ubuntu jammy-updates/main amd64 gpg-agent amd64 2.2.27-3ubuntu2.5 [209 kB]
    node-gitlab-tr: Get:6 http://archive.ubuntu.com/ubuntu jammy-updates/main amd64 gpg amd64 2.2.27-3ubuntu2.5 [519 kB]
    node-gitlab-tr: Get:7 http://archive.ubuntu.com/ubuntu jammy-updates/main amd64 gpgconf amd64 2.2.27-3ubuntu2.5 [94.3 kB]
    node-gitlab-tr: Get:8 http://archive.ubuntu.com/ubuntu jammy-updates/main amd64 gnupg-l10n all 2.2.27-3ubuntu2.5 [54.5 kB]
    node-gitlab-tr: Get:9 http://archive.ubuntu.com/ubuntu jammy-updates/main amd64 gnupg all 2.2.27-3ubuntu2.5 [315 kB]
    node-gitlab-tr: Get:10 http://archive.ubuntu.com/ubuntu jammy-updates/main amd64 gpgsm amd64 2.2.27-3ubuntu2.5 [197 kB]
    node-gitlab-tr: Get:11 http://archive.ubuntu.com/ubuntu jammy-updates/main amd64 gpgv amd64 2.2.27-3ubuntu2.5 [137 kB]
    node-gitlab-tr: Get:12 http://archive.ubuntu.com/ubuntu jammy-updates/main amd64 curl amd64 7.81.0-1ubuntu1.23 [194 kB]
    node-gitlab-tr: Get:13 http://archive.ubuntu.com/ubuntu jammy-updates/main amd64 libcurl4 amd64 7.81.0-1ubuntu1.23 [290 kB]
    node-gitlab-tr: Fetched 2732 kB in 1s (3345 kB/s)
    node-gitlab-tr: (Reading database ... 
(Reading database ... 5%
(Reading database ... 10%
(Reading database ... 15%
(Reading database ... 20%
(Reading database ... 25%
(Reading database ... 30%
(Reading database ... 35%
(Reading database ... 40%
(Reading database ... 45%
(Reading database ... 50%
(Reading database ... 55%
(Reading database ... 60%
(Reading database ... 65%
(Reading database ... 70%
(Reading database ... 75%
(Reading database ... 80%
(Reading database ... 85%
(Reading database ... 90%
(Reading database ... 95%
(Reading database ... 100%
(Reading database ... 64257 files and directories currently installed.)
    node-gitlab-tr: Preparing to unpack .../00-gpg-wks-client_2.2.27-3ubuntu2.5_amd64.deb ...
    node-gitlab-tr: Unpacking gpg-wks-client (2.2.27-3ubuntu2.5) over (2.2.27-3ubuntu2.4) ...
    node-gitlab-tr: Preparing to unpack .../01-dirmngr_2.2.27-3ubuntu2.5_amd64.deb ...
    node-gitlab-tr: Unpacking dirmngr (2.2.27-3ubuntu2.5) over (2.2.27-3ubuntu2.4) ...
    node-gitlab-tr: Preparing to unpack .../02-gpg-wks-server_2.2.27-3ubuntu2.5_amd64.deb ...
    node-gitlab-tr: Unpacking gpg-wks-server (2.2.27-3ubuntu2.5) over (2.2.27-3ubuntu2.4) ...
    node-gitlab-tr: Preparing to unpack .../03-gnupg-utils_2.2.27-3ubuntu2.5_amd64.deb ...
    node-gitlab-tr: Unpacking gnupg-utils (2.2.27-3ubuntu2.5) over (2.2.27-3ubuntu2.4) ...
    node-gitlab-tr: Preparing to unpack .../04-gpg-agent_2.2.27-3ubuntu2.5_amd64.deb ...
    node-gitlab-tr: Unpacking gpg-agent (2.2.27-3ubuntu2.5) over (2.2.27-3ubuntu2.4) ...
    node-gitlab-tr: Preparing to unpack .../05-gpg_2.2.27-3ubuntu2.5_amd64.deb ...
    node-gitlab-tr: Unpacking gpg (2.2.27-3ubuntu2.5) over (2.2.27-3ubuntu2.4) ...
    node-gitlab-tr: Preparing to unpack .../06-gpgconf_2.2.27-3ubuntu2.5_amd64.deb ...
    node-gitlab-tr: Unpacking gpgconf (2.2.27-3ubuntu2.5) over (2.2.27-3ubuntu2.4) ...
    node-gitlab-tr: Preparing to unpack .../07-gnupg-l10n_2.2.27-3ubuntu2.5_all.deb ...
    node-gitlab-tr: Unpacking gnupg-l10n (2.2.27-3ubuntu2.5) over (2.2.27-3ubuntu2.4) ...
    node-gitlab-tr: Preparing to unpack .../08-gnupg_2.2.27-3ubuntu2.5_all.deb ...
    node-gitlab-tr: Unpacking gnupg (2.2.27-3ubuntu2.5) over (2.2.27-3ubuntu2.4) ...
    node-gitlab-tr: Preparing to unpack .../09-gpgsm_2.2.27-3ubuntu2.5_amd64.deb ...
    node-gitlab-tr: Unpacking gpgsm (2.2.27-3ubuntu2.5) over (2.2.27-3ubuntu2.4) ...
    node-gitlab-tr: Preparing to unpack .../10-gpgv_2.2.27-3ubuntu2.5_amd64.deb ...
    node-gitlab-tr: Unpacking gpgv (2.2.27-3ubuntu2.5) over (2.2.27-3ubuntu2.4) ...
    node-gitlab-tr: Setting up gpgv (2.2.27-3ubuntu2.5) ...
    node-gitlab-tr: (Reading database ... 
(Reading database ... 5%
(Reading database ... 10%
(Reading database ... 15%
(Reading database ... 20%
(Reading database ... 25%
(Reading database ... 30%
(Reading database ... 35%
(Reading database ... 40%
(Reading database ... 45%
(Reading database ... 50%
(Reading database ... 55%
(Reading database ... 60%
(Reading database ... 65%
(Reading database ... 70%
(Reading database ... 75%
(Reading database ... 80%
(Reading database ... 85%
(Reading database ... 90%
(Reading database ... 95%
(Reading database ... 100%
(Reading database ... 64257 files and directories currently installed.)
    node-gitlab-tr: Preparing to unpack .../curl_7.81.0-1ubuntu1.23_amd64.deb ...
    node-gitlab-tr: Unpacking curl (7.81.0-1ubuntu1.23) over (7.81.0-1ubuntu1.20) ...
    node-gitlab-tr: Preparing to unpack .../libcurl4_7.81.0-1ubuntu1.23_amd64.deb ...
    node-gitlab-tr: Unpacking libcurl4:amd64 (7.81.0-1ubuntu1.23) over (7.81.0-1ubuntu1.20) ...
    node-gitlab-tr: Setting up gnupg-l10n (2.2.27-3ubuntu2.5) ...
    node-gitlab-tr: Setting up gpgconf (2.2.27-3ubuntu2.5) ...
    node-gitlab-tr: Setting up libcurl4:amd64 (7.81.0-1ubuntu1.23) ...
    node-gitlab-tr: Setting up curl (7.81.0-1ubuntu1.23) ...
    node-gitlab-tr: Setting up gpg (2.2.27-3ubuntu2.5) ...
    node-gitlab-tr: Setting up gnupg-utils (2.2.27-3ubuntu2.5) ...
    node-gitlab-tr: Setting up gpg-agent (2.2.27-3ubuntu2.5) ...
    node-gitlab-tr: Setting up gpgsm (2.2.27-3ubuntu2.5) ...
    node-gitlab-tr: Setting up dirmngr (2.2.27-3ubuntu2.5) ...
    node-gitlab-tr: Setting up gpg-wks-server (2.2.27-3ubuntu2.5) ...
    node-gitlab-tr: Setting up gpg-wks-client (2.2.27-3ubuntu2.5) ...
    node-gitlab-tr: Setting up gnupg (2.2.27-3ubuntu2.5) ...
    node-gitlab-tr: Processing triggers for libc-bin (2.35-0ubuntu3.10) ...
    node-gitlab-tr: Processing triggers for man-db (2.10.2-1) ...
    node-gitlab-tr: Processing triggers for install-info (6.8-4build1) ...
    node-gitlab-tr: NEEDRESTART-VER: 3.5
    node-gitlab-tr: NEEDRESTART-KCUR: 5.15.0-144-generic
    node-gitlab-tr: NEEDRESTART-KEXP: 5.15.0-144-generic
    node-gitlab-tr: NEEDRESTART-KSTA: 1
    node-gitlab-tr: Reading package lists...
    node-gitlab-tr: Building dependency tree...
    node-gitlab-tr: Reading state information...
    node-gitlab-tr: The following additional packages will be installed:
    node-gitlab-tr:   docker-buildx-plugin docker-ce-rootless-extras libslirp0 pigz slirp4netns
    node-gitlab-tr: Suggested packages:
    node-gitlab-tr:   cgroupfs-mount | cgroup-lite docker-model-plugin
    node-gitlab-tr: The following NEW packages will be installed:
    node-gitlab-tr:   containerd.io docker-buildx-plugin docker-ce docker-ce-cli
    node-gitlab-tr:   docker-ce-rootless-extras docker-compose-plugin libslirp0 pigz slirp4netns
    node-gitlab-tr: 0 upgraded, 9 newly installed, 0 to remove and 134 not upgraded.
    node-gitlab-tr: Need to get 94.9 MB of archives.
    node-gitlab-tr: After this operation, 365 MB of additional disk space will be used.
    node-gitlab-tr: Get:1 https://download.docker.com/linux/ubuntu jammy/stable amd64 containerd.io amd64 2.2.3-1~ubuntu.22.04~jammy [23.6 MB]
    node-gitlab-tr: Get:2 http://archive.ubuntu.com/ubuntu jammy/universe amd64 pigz amd64 2.6-1 [63.6 kB]
    node-gitlab-tr: Get:3 http://archive.ubuntu.com/ubuntu jammy/main amd64 libslirp0 amd64 4.6.1-1build1 [61.5 kB]
    node-gitlab-tr: Get:4 http://archive.ubuntu.com/ubuntu jammy/universe amd64 slirp4netns amd64 1.0.1-2 [28.2 kB]
    node-gitlab-tr: Get:5 https://download.docker.com/linux/ubuntu jammy/stable amd64 docker-ce-cli amd64 5:29.4.1-1~ubuntu.22.04~jammy [17.0 MB]
    node-gitlab-tr: Get:6 https://download.docker.com/linux/ubuntu jammy/stable amd64 docker-ce amd64 5:29.4.1-1~ubuntu.22.04~jammy [22.7 MB]
    node-gitlab-tr: Get:7 https://download.docker.com/linux/ubuntu jammy/stable amd64 docker-buildx-plugin amd64 0.33.0-1~ubuntu.22.04~jammy [16.9 MB]
    node-gitlab-tr: Get:8 https://download.docker.com/linux/ubuntu jammy/stable amd64 docker-ce-rootless-extras amd64 5:29.4.1-1~ubuntu.22.04~jammy [6560 kB]
    node-gitlab-tr: Get:9 https://download.docker.com/linux/ubuntu jammy/stable amd64 docker-compose-plugin amd64 5.1.3-1~ubuntu.22.04~jammy [8023 kB]
    node-gitlab-tr: Fetched 94.9 MB in 7s (14.5 MB/s)
    node-gitlab-tr: Selecting previously unselected package containerd.io.
    node-gitlab-tr: (Reading database ... 
(Reading database ... 5%
(Reading database ... 10%
(Reading database ... 15%
(Reading database ... 20%
(Reading database ... 25%
(Reading database ... 30%
(Reading database ... 35%
(Reading database ... 40%
(Reading database ... 45%
(Reading database ... 50%
(Reading database ... 55%
(Reading database ... 60%
(Reading database ... 65%
(Reading database ... 70%
(Reading database ... 75%
(Reading database ... 80%
(Reading database ... 85%
(Reading database ... 90%
(Reading database ... 95%
(Reading database ... 100%
(Reading database ... 64257 files and directories currently installed.)
    node-gitlab-tr: Preparing to unpack .../0-containerd.io_2.2.3-1~ubuntu.22.04~jammy_amd64.deb ...
    node-gitlab-tr: Unpacking containerd.io (2.2.3-1~ubuntu.22.04~jammy) ...
    node-gitlab-tr: Selecting previously unselected package docker-ce-cli.
    node-gitlab-tr: Preparing to unpack .../1-docker-ce-cli_5%3a29.4.1-1~ubuntu.22.04~jammy_amd64.deb ...
    node-gitlab-tr: Unpacking docker-ce-cli (5:29.4.1-1~ubuntu.22.04~jammy) ...
    node-gitlab-tr: Selecting previously unselected package docker-ce.
    node-gitlab-tr: Preparing to unpack .../2-docker-ce_5%3a29.4.1-1~ubuntu.22.04~jammy_amd64.deb ...
    node-gitlab-tr: Unpacking docker-ce (5:29.4.1-1~ubuntu.22.04~jammy) ...
    node-gitlab-tr: Selecting previously unselected package pigz.
    node-gitlab-tr: Preparing to unpack .../3-pigz_2.6-1_amd64.deb ...
    node-gitlab-tr: Unpacking pigz (2.6-1) ...
    node-gitlab-tr: Selecting previously unselected package docker-buildx-plugin.
    node-gitlab-tr: Preparing to unpack .../4-docker-buildx-plugin_0.33.0-1~ubuntu.22.04~jammy_amd64.deb ...
    node-gitlab-tr: Unpacking docker-buildx-plugin (0.33.0-1~ubuntu.22.04~jammy) ...
    node-gitlab-tr: Selecting previously unselected package docker-ce-rootless-extras.
    node-gitlab-tr: Preparing to unpack .../5-docker-ce-rootless-extras_5%3a29.4.1-1~ubuntu.22.04~jammy_amd64.deb ...
    node-gitlab-tr: Unpacking docker-ce-rootless-extras (5:29.4.1-1~ubuntu.22.04~jammy) ...
    node-gitlab-tr: Selecting previously unselected package docker-compose-plugin.
    node-gitlab-tr: Preparing to unpack .../6-docker-compose-plugin_5.1.3-1~ubuntu.22.04~jammy_amd64.deb ...
    node-gitlab-tr: Unpacking docker-compose-plugin (5.1.3-1~ubuntu.22.04~jammy) ...
    node-gitlab-tr: Selecting previously unselected package libslirp0:amd64.
    node-gitlab-tr: Preparing to unpack .../7-libslirp0_4.6.1-1build1_amd64.deb ...
    node-gitlab-tr: Unpacking libslirp0:amd64 (4.6.1-1build1) ...
    node-gitlab-tr: Selecting previously unselected package slirp4netns.
    node-gitlab-tr: Preparing to unpack .../8-slirp4netns_1.0.1-2_amd64.deb ...
    node-gitlab-tr: Unpacking slirp4netns (1.0.1-2) ...
    node-gitlab-tr: Setting up docker-buildx-plugin (0.33.0-1~ubuntu.22.04~jammy) ...
    node-gitlab-tr: Setting up containerd.io (2.2.3-1~ubuntu.22.04~jammy) ...
    node-gitlab-tr: Created symlink /etc/systemd/system/multi-user.target.wants/containerd.service → /lib/systemd/system/containerd.service.
    node-gitlab-tr: Setting up docker-compose-plugin (5.1.3-1~ubuntu.22.04~jammy) ...
    node-gitlab-tr: Setting up docker-ce-cli (5:29.4.1-1~ubuntu.22.04~jammy) ...
    node-gitlab-tr: Setting up libslirp0:amd64 (4.6.1-1build1) ...
    node-gitlab-tr: Setting up pigz (2.6-1) ...
    node-gitlab-tr: Setting up docker-ce-rootless-extras (5:29.4.1-1~ubuntu.22.04~jammy) ...
    node-gitlab-tr: Setting up slirp4netns (1.0.1-2) ...
    node-gitlab-tr: Setting up docker-ce (5:29.4.1-1~ubuntu.22.04~jammy) ...
    node-gitlab-tr: Created symlink /etc/systemd/system/multi-user.target.wants/docker.service → /lib/systemd/system/docker.service.
    node-gitlab-tr: Created symlink /etc/systemd/system/sockets.target.wants/docker.socket → /lib/systemd/system/docker.socket.
    node-gitlab-tr: Processing triggers for man-db (2.10.2-1) ...
    node-gitlab-tr: Processing triggers for libc-bin (2.35-0ubuntu3.10) ...
    node-gitlab-tr: NEEDRESTART-VER: 3.5
    node-gitlab-tr: NEEDRESTART-KCUR: 5.15.0-144-generic
    node-gitlab-tr: NEEDRESTART-KEXP: 5.15.0-144-generic
    node-gitlab-tr: NEEDRESTART-KSTA: 1
    node-gitlab-tr: Synchronizing state of docker.service with SysV service script with /lib/systemd/systemd-sysv-install.
    node-gitlab-tr: Executing: /lib/systemd/systemd-sysv-install enable docker
    node-gitlab-tr: [node-gitlab] detected NODE_IP=192.168.58.10
    node-gitlab-tr: Firewall is active and enabled on system startup
    node-gitlab-tr: Rule added
    node-gitlab-tr: Rule added (v6)
    node-gitlab-tr: Rule added
    node-gitlab-tr: Rule added (v6)
    node-gitlab-tr: Rule added
    node-gitlab-tr: Rule added (v6)
    node-gitlab-tr: Rule added
    node-gitlab-tr: Rule added (v6)
    node-gitlab-tr: [node-gitlab] starting GitLab container (это займёт 5-10 минут на первом старте)...
    node-gitlab-tr:  Image gitlab/gitlab-ce:16.11.10-ce.0 Pulling
    node-gitlab-tr:  593a7107a1a7 Pulling fs layer 0B
    node-gitlab-tr:  857cc8cb19c0 Pulling fs layer 0B
    node-gitlab-tr:  015434abbe99 Pulling fs layer 0B
    node-gitlab-tr:  f36042b6a203 Pulling fs layer 0B
    node-gitlab-tr:  a94369ef6758 Pulling fs layer 0B
    node-gitlab-tr:  5d1b92dc061c Pulling fs layer 0B
    node-gitlab-tr:  459b426ff184 Pulling fs layer 0B
    node-gitlab-tr:  b570f1357c2a Pulling fs layer 0B
    node-gitlab-tr:  df82ff08fcb9 Pulling fs layer 0B
    node-gitlab-tr:  df82ff08fcb9 Download complete 0B
    node-gitlab-tr:  593a7107a1a7 Downloading 1.049MB
    node-gitlab-tr:  593a7107a1a7 Downloading 2.097MB
    node-gitlab-tr:  593a7107a1a7 Downloading 3.146MB
    node-gitlab-tr:  593a7107a1a7 Downloading 4.194MB
    node-gitlab-tr:  593a7107a1a7 Downloading 5.243MB
    node-gitlab-tr:  593a7107a1a7 Downloading 6.291MB
    node-gitlab-tr:  593a7107a1a7 Downloading 7.34MB
    node-gitlab-tr:  593a7107a1a7 Downloading 8.389MB
    node-gitlab-tr:  593a7107a1a7 Downloading 9.437MB
    node-gitlab-tr:  459b426ff184 Downloading 140B
    node-gitlab-tr:  b570f1357c2a Download complete 0B
    node-gitlab-tr:  593a7107a1a7 Downloading 10.49MB
    node-gitlab-tr:  015434abbe99 Downloading 158B
    node-gitlab-tr:  015434abbe99 Download complete 0B
    node-gitlab-tr:  5d1b92dc061c Download complete 0B
    node-gitlab-tr:  459b426ff184 Download complete 0B
    node-gitlab-tr:  593a7107a1a7 Downloading 10.49MB
    node-gitlab-tr:  593a7107a1a7 Downloading 10.49MB
    node-gitlab-tr:  593a7107a1a7 Downloading 10.49MB
    node-gitlab-tr:  857cc8cb19c0 Downloading 1.049MB
    node-gitlab-tr:  593a7107a1a7 Downloading 11.53MB
    node-gitlab-tr:  857cc8cb19c0 Downloading 1.049MB
    node-gitlab-tr:  a94369ef6758 Download complete 0B
    node-gitlab-tr:  593a7107a1a7 Downloading 11.53MB
    node-gitlab-tr:  857cc8cb19c0 Downloading 1.049MB
    node-gitlab-tr:  857cc8cb19c0 Downloading 1.049MB
    node-gitlab-tr:  593a7107a1a7 Downloading 12.58MB
    node-gitlab-tr:  593a7107a1a7 Downloading 13.63MB
    node-gitlab-tr:  f36042b6a203 Downloading 2.097MB
    node-gitlab-tr:  857cc8cb19c0 Downloading 2.097MB
    node-gitlab-tr:  593a7107a1a7 Downloading 13.63MB
    node-gitlab-tr:  f36042b6a203 Downloading 2.097MB
    node-gitlab-tr:  857cc8cb19c0 Downloading 2.097MB
    node-gitlab-tr:  593a7107a1a7 Downloading 13.63MB
    node-gitlab-tr:  f36042b6a203 Downloading 3.146MB
    node-gitlab-tr:  857cc8cb19c0 Downloading 3.146MB
    node-gitlab-tr:  857cc8cb19c0 Downloading 4.194MB
    node-gitlab-tr:  593a7107a1a7 Downloading 13.63MB
    node-gitlab-tr:  f36042b6a203 Downloading 3.146MB
    node-gitlab-tr:  857cc8cb19c0 Downloading 4.194MB
    node-gitlab-tr:  593a7107a1a7 Downloading 14.68MB
    node-gitlab-tr:  f36042b6a203 Downloading 4.194MB
    node-gitlab-tr:  857cc8cb19c0 Downloading 4.194MB
    node-gitlab-tr:  593a7107a1a7 Downloading 14.68MB
    node-gitlab-tr:  f36042b6a203 Downloading 4.194MB
    node-gitlab-tr:  857cc8cb19c0 Downloading 5.243MB
    node-gitlab-tr:  593a7107a1a7 Downloading 15.73MB
    node-gitlab-tr:  f36042b6a203 Downloading 5.243MB
    node-gitlab-tr:  593a7107a1a7 Downloading 15.73MB
    node-gitlab-tr:  f36042b6a203 Downloading 5.243MB
    node-gitlab-tr:  857cc8cb19c0 Downloading 5.243MB
    node-gitlab-tr:  593a7107a1a7 Downloading 15.73MB
    node-gitlab-tr:  f36042b6a203 Downloading 5.243MB
    node-gitlab-tr:  857cc8cb19c0 Downloading 6.291MB
    node-gitlab-tr:  593a7107a1a7 Downloading 16.78MB
    node-gitlab-tr:  f36042b6a203 Downloading 6.291MB
    node-gitlab-tr:  857cc8cb19c0 Downloading 7.34MB
    node-gitlab-tr:  857cc8cb19c0 Downloading 7.34MB
    node-gitlab-tr:  593a7107a1a7 Downloading 16.78MB
    node-gitlab-tr:  f36042b6a203 Downloading 6.291MB
    node-gitlab-tr:  593a7107a1a7 Downloading 17.83MB
    node-gitlab-tr:  f36042b6a203 Downloading 6.291MB
    node-gitlab-tr:  857cc8cb19c0 Downloading 7.34MB
    node-gitlab-tr:  593a7107a1a7 Downloading 17.83MB
    node-gitlab-tr:  f36042b6a203 Downloading 7.34MB
    node-gitlab-tr:  857cc8cb19c0 Downloading 8.389MB
    node-gitlab-tr:  857cc8cb19c0 Downloading 9.437MB
    node-gitlab-tr:  593a7107a1a7 Downloading 18.87MB
    node-gitlab-tr:  f36042b6a203 Downloading 7.34MB
    node-gitlab-tr:  857cc8cb19c0 Downloading 9.437MB
    node-gitlab-tr:  593a7107a1a7 Downloading 18.87MB
    node-gitlab-tr:  f36042b6a203 Downloading 8.389MB
    node-gitlab-tr:  857cc8cb19c0 Downloading 10.49MB
    node-gitlab-tr:  593a7107a1a7 Downloading 19.92MB
    node-gitlab-tr:  f36042b6a203 Downloading 9.437MB
    node-gitlab-tr:  593a7107a1a7 Downloading 19.92MB
    node-gitlab-tr:  f36042b6a203 Downloading 9.437MB
    node-gitlab-tr:  857cc8cb19c0 Downloading 10.49MB
    node-gitlab-tr:  857cc8cb19c0 Downloading 10.49MB
    node-gitlab-tr:  593a7107a1a7 Downloading 20.97MB
    node-gitlab-tr:  f36042b6a203 Downloading 10.49MB
    node-gitlab-tr:  857cc8cb19c0 Downloading 11.53MB
    node-gitlab-tr:  593a7107a1a7 Downloading 20.97MB
    node-gitlab-tr:  f36042b6a203 Downloading 10.49MB
    node-gitlab-tr:  593a7107a1a7 Downloading 22.02MB
    node-gitlab-tr:  f36042b6a203 Downloading 10.49MB
    node-gitlab-tr:  857cc8cb19c0 Downloading 12.58MB
    node-gitlab-tr:  593a7107a1a7 Downloading 22.02MB
    node-gitlab-tr:  f36042b6a203 Downloading 11.53MB
    node-gitlab-tr:  857cc8cb19c0 Downloading 12.58MB
    node-gitlab-tr:  857cc8cb19c0 Downloading 12.58MB
    node-gitlab-tr:  593a7107a1a7 Downloading 22.02MB
    node-gitlab-tr:  f36042b6a203 Downloading 11.53MB
    node-gitlab-tr:  593a7107a1a7 Downloading 22.02MB
    node-gitlab-tr:  f36042b6a203 Downloading 12.58MB
    node-gitlab-tr:  857cc8cb19c0 Downloading 13.63MB
    node-gitlab-tr:  593a7107a1a7 Downloading 23.07MB
    node-gitlab-tr:  f36042b6a203 Downloading 12.58MB
    node-gitlab-tr:  857cc8cb19c0 Downloading 13.63MB
    node-gitlab-tr:  857cc8cb19c0 Downloading 14.68MB
    node-gitlab-tr:  593a7107a1a7 Downloading 23.07MB
    node-gitlab-tr:  f36042b6a203 Downloading 13.63MB
    node-gitlab-tr:  593a7107a1a7 Downloading 24.12MB
    node-gitlab-tr:  f36042b6a203 Downloading 13.63MB
    node-gitlab-tr:  857cc8cb19c0 Downloading 14.68MB
    node-gitlab-tr:  593a7107a1a7 Downloading 24.12MB
    node-gitlab-tr:  f36042b6a203 Downloading 14.68MB
    node-gitlab-tr:  857cc8cb19c0 Downloading 15.73MB
    node-gitlab-tr:  f36042b6a203 Downloading 14.68MB
    node-gitlab-tr:  857cc8cb19c0 Downloading 15.73MB
    node-gitlab-tr:  593a7107a1a7 Downloading 25.17MB
    node-gitlab-tr:  857cc8cb19c0 Downloading 16.78MB
    node-gitlab-tr:  593a7107a1a7 Downloading 25.17MB
    node-gitlab-tr:  f36042b6a203 Downloading 14.68MB
    node-gitlab-tr:  857cc8cb19c0 Downloading 17.83MB
    node-gitlab-tr:  593a7107a1a7 Downloading 26.21MB
    node-gitlab-tr:  f36042b6a203 Downloading 15.73MB
    node-gitlab-tr:  857cc8cb19c0 Downloading 17.83MB
    node-gitlab-tr:  593a7107a1a7 Downloading 26.21MB
    node-gitlab-tr:  f36042b6a203 Downloading 15.73MB
    node-gitlab-tr:  593a7107a1a7 Downloading 27.26MB
    node-gitlab-tr:  f36042b6a203 Downloading 16.78MB
    node-gitlab-tr:  857cc8cb19c0 Downloading 17.83MB
    node-gitlab-tr:  593a7107a1a7 Downloading 28.31MB
    node-gitlab-tr:  f36042b6a203 Downloading 17.16MB
    node-gitlab-tr:  857cc8cb19c0 Downloading 18.87MB
    node-gitlab-tr:  f36042b6a203 Downloading 17.16MB
    node-gitlab-tr:  857cc8cb19c0 Downloading 18.87MB
    node-gitlab-tr:  593a7107a1a7 Downloading 28.31MB
    node-gitlab-tr:  593a7107a1a7 Downloading 29.36MB
    node-gitlab-tr:  f36042b6a203 Download complete 0B
    node-gitlab-tr:  857cc8cb19c0 Downloading 19.92MB
    node-gitlab-tr:  857cc8cb19c0 Downloading 19.92MB
    node-gitlab-tr:  593a7107a1a7 Downloading 29.36MB
    node-gitlab-tr:  857cc8cb19c0 Downloading 20.97MB
    node-gitlab-tr:  593a7107a1a7 Downloading 30.41MB
    node-gitlab-tr:  593a7107a1a7 Downloading 31.46MB
    node-gitlab-tr:  857cc8cb19c0 Downloading 22.02MB
    node-gitlab-tr:  857cc8cb19c0 Downloading 23.07MB
    node-gitlab-tr:  593a7107a1a7 Downloading 31.46MB
    node-gitlab-tr:  593a7107a1a7 Downloading 32.51MB
    node-gitlab-tr:  857cc8cb19c0 Downloading 24.12MB
    node-gitlab-tr:  857cc8cb19c0 Downloading 24.12MB
    node-gitlab-tr:  593a7107a1a7 Downloading 33.55MB
    node-gitlab-tr:  857cc8cb19c0 Downloading 25.17MB
    node-gitlab-tr:  593a7107a1a7 Downloading 33.55MB
    node-gitlab-tr:  857cc8cb19c0 Downloading 26.21MB
    node-gitlab-tr:  593a7107a1a7 Downloading 34.6MB
    node-gitlab-tr:  857cc8cb19c0 Downloading 26.21MB
    node-gitlab-tr:  593a7107a1a7 Downloading 35.65MB
    node-gitlab-tr:  593a7107a1a7 Downloading 35.65MB
    node-gitlab-tr:  857cc8cb19c0 Downloading 27.26MB
    node-gitlab-tr:  593a7107a1a7 Downloading 36.7MB
    node-gitlab-tr:  857cc8cb19c0 Downloading 28.31MB
    node-gitlab-tr:  593a7107a1a7 Downloading 37.75MB
    node-gitlab-tr:  857cc8cb19c0 Downloading 28.31MB
    node-gitlab-tr:  593a7107a1a7 Downloading 37.75MB
    node-gitlab-tr:  857cc8cb19c0 Downloading 29.54MB
    node-gitlab-tr:  857cc8cb19c0 Downloading 29.54MB
    node-gitlab-tr:  593a7107a1a7 Downloading 38.8MB
    node-gitlab-tr:  593a7107a1a7 Downloading 39.85MB
    node-gitlab-tr:  857cc8cb19c0 Download complete 0B
    node-gitlab-tr:  857cc8cb19c0 Extracting 1B
    node-gitlab-tr:  593a7107a1a7 Downloading 40.89MB
    node-gitlab-tr:  857cc8cb19c0 Extracting 1B
    node-gitlab-tr:  593a7107a1a7 Downloading 41.62MB
    node-gitlab-tr:  857cc8cb19c0 Extracting 1B
    node-gitlab-tr:  593a7107a1a7 Downloading 42.99MB
    node-gitlab-tr:  857cc8cb19c0 Extracting 1B
    node-gitlab-tr:  593a7107a1a7 Downloading 42.99MB
    node-gitlab-tr:  857cc8cb19c0 Extracting 1B
    node-gitlab-tr:  593a7107a1a7 Downloading 44.04MB
    node-gitlab-tr:  857cc8cb19c0 Extracting 1B
    node-gitlab-tr:  593a7107a1a7 Downloading 44.04MB
    node-gitlab-tr:  857cc8cb19c0 Extracting 1B
    node-gitlab-tr:  593a7107a1a7 Downloading 45.09MB
    node-gitlab-tr:  857cc8cb19c0 Extracting 1B
    node-gitlab-tr:  593a7107a1a7 Downloading 45.09MB
    node-gitlab-tr:  857cc8cb19c0 Extracting 1B
    node-gitlab-tr:  593a7107a1a7 Downloading 46.14MB
    node-gitlab-tr:  857cc8cb19c0 Extracting 1B
    node-gitlab-tr:  593a7107a1a7 Downloading 47.19MB
    node-gitlab-tr:  857cc8cb19c0 Extracting 2B
    node-gitlab-tr:  593a7107a1a7 Downloading 47.19MB
    node-gitlab-tr:  857cc8cb19c0 Extracting 2B
    node-gitlab-tr:  593a7107a1a7 Downloading 48.23MB
    node-gitlab-tr:  857cc8cb19c0 Extracting 2B
    node-gitlab-tr:  593a7107a1a7 Downloading 48.23MB
    node-gitlab-tr:  857cc8cb19c0 Extracting 2B
    node-gitlab-tr:  593a7107a1a7 Downloading 49.28MB
    node-gitlab-tr:  857cc8cb19c0 Extracting 2B
    node-gitlab-tr:  593a7107a1a7 Downloading 51.05MB
    node-gitlab-tr:  857cc8cb19c0 Extracting 2B
    node-gitlab-tr:  593a7107a1a7 Downloading 51.38MB
    node-gitlab-tr:  857cc8cb19c0 Extracting 2B
    node-gitlab-tr:  593a7107a1a7 Downloading 52.43MB
    node-gitlab-tr:  857cc8cb19c0 Extracting 2B
    node-gitlab-tr:  593a7107a1a7 Downloading 52.43MB
    node-gitlab-tr:  857cc8cb19c0 Extracting 2B
    node-gitlab-tr:  593a7107a1a7 Downloading 53.48MB
    node-gitlab-tr:  857cc8cb19c0 Extracting 3B
    node-gitlab-tr:  593a7107a1a7 Downloading 53.7MB
    node-gitlab-tr:  857cc8cb19c0 Extracting 3B
    node-gitlab-tr:  593a7107a1a7 Downloading 54.53MB
    node-gitlab-tr:  857cc8cb19c0 Extracting 3B
    node-gitlab-tr:  593a7107a1a7 Downloading 54.53MB
    node-gitlab-tr:  857cc8cb19c0 Extracting 3B
    node-gitlab-tr:  593a7107a1a7 Downloading 55.24MB
    node-gitlab-tr:  857cc8cb19c0 Extracting 3B
    node-gitlab-tr:  593a7107a1a7 Downloading 55.57MB
    node-gitlab-tr:  857cc8cb19c0 Extracting 3B
    node-gitlab-tr:  593a7107a1a7 Downloading 56.62MB
    node-gitlab-tr:  857cc8cb19c0 Extracting 3B
    node-gitlab-tr:  593a7107a1a7 Downloading 57.5MB
    node-gitlab-tr:  857cc8cb19c0 Extracting 3B
    node-gitlab-tr:  593a7107a1a7 Downloading 57.67MB
    node-gitlab-tr:  857cc8cb19c0 Extracting 3B
    node-gitlab-tr:  593a7107a1a7 Downloading 58.72MB
    node-gitlab-tr:  857cc8cb19c0 Extracting 3B
    node-gitlab-tr:  593a7107a1a7 Downloading 59.02MB
    node-gitlab-tr:  857cc8cb19c0 Extracting 3B
    node-gitlab-tr:  593a7107a1a7 Downloading 59.77MB
    node-gitlab-tr:  857cc8cb19c0 Extracting 4B
    node-gitlab-tr:  593a7107a1a7 Downloading 60.82MB
    node-gitlab-tr:  857cc8cb19c0 Extracting 4B
    node-gitlab-tr:  593a7107a1a7 Downloading 61.87MB
    node-gitlab-tr:  857cc8cb19c0 Extracting 4B
    node-gitlab-tr:  593a7107a1a7 Downloading 61.87MB
    node-gitlab-tr:  857cc8cb19c0 Extracting 4B
    node-gitlab-tr:  593a7107a1a7 Downloading 62.91MB
    node-gitlab-tr:  857cc8cb19c0 Extracting 4B
    node-gitlab-tr:  593a7107a1a7 Downloading 63.96MB
    node-gitlab-tr:  857cc8cb19c0 Extracting 4B
    node-gitlab-tr:  593a7107a1a7 Downloading 63.96MB
    node-gitlab-tr:  857cc8cb19c0 Extracting 4B
    node-gitlab-tr:  593a7107a1a7 Downloading 64.51MB
    node-gitlab-tr:  857cc8cb19c0 Extracting 4B
    node-gitlab-tr:  593a7107a1a7 Downloading 65.01MB
    node-gitlab-tr:  857cc8cb19c0 Extracting 4B
    node-gitlab-tr:  593a7107a1a7 Downloading 65.95MB
    node-gitlab-tr:  857cc8cb19c0 Extracting 4B
    node-gitlab-tr:  593a7107a1a7 Downloading 66.06MB
    node-gitlab-tr:  857cc8cb19c0 Extracting 5B
    node-gitlab-tr:  593a7107a1a7 Downloading 67.11MB
    node-gitlab-tr:  857cc8cb19c0 Extracting 5B
    node-gitlab-tr:  593a7107a1a7 Downloading 68.16MB
    node-gitlab-tr:  857cc8cb19c0 Extracting 5B
    node-gitlab-tr:  593a7107a1a7 Downloading 69.21MB
    node-gitlab-tr:  857cc8cb19c0 Extracting 5B
    node-gitlab-tr:  593a7107a1a7 Downloading 69.21MB
    node-gitlab-tr:  857cc8cb19c0 Extracting 5B
    node-gitlab-tr:  593a7107a1a7 Downloading 69.7MB
    node-gitlab-tr:  857cc8cb19c0 Extracting 5B
    node-gitlab-tr:  593a7107a1a7 Downloading 70.25MB
    node-gitlab-tr:  857cc8cb19c0 Extracting 5B
    node-gitlab-tr:  593a7107a1a7 Downloading 71.3MB
    node-gitlab-tr:  857cc8cb19c0 Extracting 5B
    node-gitlab-tr:  593a7107a1a7 Downloading 71.3MB
    node-gitlab-tr:  857cc8cb19c0 Extracting 5B
    node-gitlab-tr:  593a7107a1a7 Downloading 72.35MB
    node-gitlab-tr:  857cc8cb19c0 Extracting 5B
    node-gitlab-tr:  593a7107a1a7 Downloading 73.4MB
    node-gitlab-tr:  857cc8cb19c0 Extracting 6B
    node-gitlab-tr:  593a7107a1a7 Downloading 74.45MB
    node-gitlab-tr:  857cc8cb19c0 Extracting 6B
    node-gitlab-tr:  593a7107a1a7 Downloading 74.94MB
    node-gitlab-tr:  857cc8cb19c0 Extracting 6B
    node-gitlab-tr:  593a7107a1a7 Downloading 75.5MB
    node-gitlab-tr:  857cc8cb19c0 Extracting 6B
    node-gitlab-tr:  593a7107a1a7 Downloading 76.26MB
    node-gitlab-tr:  857cc8cb19c0 Extracting 6B
    node-gitlab-tr:  593a7107a1a7 Downloading 76.63MB
    node-gitlab-tr:  857cc8cb19c0 Extracting 6B
    node-gitlab-tr:  593a7107a1a7 Downloading 77.59MB
    node-gitlab-tr:  857cc8cb19c0 Extracting 6B
    node-gitlab-tr:  593a7107a1a7 Downloading 78.63MB
    node-gitlab-tr:  857cc8cb19c0 Extracting 6B
    node-gitlab-tr:  593a7107a1a7 Downloading 78.64MB
    node-gitlab-tr:  857cc8cb19c0 Extracting 7B
    node-gitlab-tr:  593a7107a1a7 Downloading 79.11MB
    node-gitlab-tr:  857cc8cb19c0 Extracting 7B
    node-gitlab-tr:  593a7107a1a7 Downloading 79.69MB
    node-gitlab-tr:  857cc8cb19c0 Extracting 7B
    node-gitlab-tr:  593a7107a1a7 Downloading 80.74MB
    node-gitlab-tr:  857cc8cb19c0 Extracting 7B
    node-gitlab-tr:  593a7107a1a7 Downloading 80.74MB
    node-gitlab-tr:  857cc8cb19c0 Extracting 7B
    node-gitlab-tr:  593a7107a1a7 Downloading 81.78MB
    node-gitlab-tr:  857cc8cb19c0 Extracting 7B
    node-gitlab-tr:  593a7107a1a7 Downloading 81.79MB
    node-gitlab-tr:  857cc8cb19c0 Extracting 7B
    node-gitlab-tr:  593a7107a1a7 Downloading 82.84MB
    node-gitlab-tr:  857cc8cb19c0 Extracting 7B
    node-gitlab-tr:  593a7107a1a7 Downloading 83.12MB
    node-gitlab-tr:  857cc8cb19c0 Extracting 7B
    node-gitlab-tr:  593a7107a1a7 Downloading 84.66MB
    node-gitlab-tr:  857cc8cb19c0 Extracting 7B
    node-gitlab-tr:  593a7107a1a7 Downloading 84.93MB
    node-gitlab-tr:  857cc8cb19c0 Extracting 7B
    node-gitlab-tr:  593a7107a1a7 Downloading 84.93MB
    node-gitlab-tr:  857cc8cb19c0 Pull complete 0B
    node-gitlab-tr:  593a7107a1a7 Downloading 85.98MB
    node-gitlab-tr:  015434abbe99 Pull complete 0B
    node-gitlab-tr:  f36042b6a203 Extracting 1B
    node-gitlab-tr:  593a7107a1a7 Downloading 87.03MB
    node-gitlab-tr:  f36042b6a203 Extracting 1B
    node-gitlab-tr:  593a7107a1a7 Downloading 87.5MB
    node-gitlab-tr:  f36042b6a203 Extracting 1B
    node-gitlab-tr:  593a7107a1a7 Downloading 88.08MB
    node-gitlab-tr:  f36042b6a203 Extracting 1B
    node-gitlab-tr:  593a7107a1a7 Downloading 89.13MB
    node-gitlab-tr:  f36042b6a203 Extracting 1B
    node-gitlab-tr:  593a7107a1a7 Downloading 89.13MB
    node-gitlab-tr:  f36042b6a203 Extracting 1B
    node-gitlab-tr:  593a7107a1a7 Downloading 90.18MB
    node-gitlab-tr:  f36042b6a203 Extracting 1B
    node-gitlab-tr:  593a7107a1a7 Downloading 90.18MB
    node-gitlab-tr:  f36042b6a203 Extracting 1B
    node-gitlab-tr:  593a7107a1a7 Downloading 91.23MB
    node-gitlab-tr:  f36042b6a203 Extracting 1B
    node-gitlab-tr:  593a7107a1a7 Downloading 91.23MB
    node-gitlab-tr:  f36042b6a203 Extracting 1B
    node-gitlab-tr:  593a7107a1a7 Downloading 92.27MB
    node-gitlab-tr:  f36042b6a203 Extracting 1B
    node-gitlab-tr:  593a7107a1a7 Downloading 92.93MB
    node-gitlab-tr:  f36042b6a203 Extracting 2B
    node-gitlab-tr:  593a7107a1a7 Downloading 93.32MB
    node-gitlab-tr:  f36042b6a203 Extracting 2B
    node-gitlab-tr:  593a7107a1a7 Downloading 94.37MB
    node-gitlab-tr:  f36042b6a203 Extracting 2B
    node-gitlab-tr:  593a7107a1a7 Downloading 95.27MB
    node-gitlab-tr:  f36042b6a203 Extracting 2B
    node-gitlab-tr:  593a7107a1a7 Downloading 95.42MB
    node-gitlab-tr:  f36042b6a203 Extracting 2B
    node-gitlab-tr:  593a7107a1a7 Downloading 96.47MB
    node-gitlab-tr:  f36042b6a203 Extracting 2B
    node-gitlab-tr:  593a7107a1a7 Downloading 97.3MB
    node-gitlab-tr:  f36042b6a203 Extracting 2B
    node-gitlab-tr:  593a7107a1a7 Downloading 98.57MB
    node-gitlab-tr:  f36042b6a203 Extracting 2B
    node-gitlab-tr:  593a7107a1a7 Downloading 98.57MB
    node-gitlab-tr:  f36042b6a203 Extracting 2B
    node-gitlab-tr:  593a7107a1a7 Downloading 99.61MB
    node-gitlab-tr:  f36042b6a203 Extracting 2B
    node-gitlab-tr:  593a7107a1a7 Downloading 100.7MB
    node-gitlab-tr:  f36042b6a203 Extracting 3B
    node-gitlab-tr:  593a7107a1a7 Downloading 101.3MB
    node-gitlab-tr:  f36042b6a203 Extracting 3B
    node-gitlab-tr:  593a7107a1a7 Downloading 102.3MB
    node-gitlab-tr:  f36042b6a203 Extracting 3B
    node-gitlab-tr:  593a7107a1a7 Downloading 102.8MB
    node-gitlab-tr:  f36042b6a203 Extracting 3B
    node-gitlab-tr:  593a7107a1a7 Downloading 102.8MB
    node-gitlab-tr:  f36042b6a203 Extracting 3B
    node-gitlab-tr:  593a7107a1a7 Downloading 103.8MB
    node-gitlab-tr:  f36042b6a203 Extracting 3B
    node-gitlab-tr:  593a7107a1a7 Downloading 103.8MB
    node-gitlab-tr:  f36042b6a203 Extracting 3B
    node-gitlab-tr:  593a7107a1a7 Downloading 104.9MB
    node-gitlab-tr:  f36042b6a203 Extracting 3B
    node-gitlab-tr:  593a7107a1a7 Downloading 105.3MB
    node-gitlab-tr:  f36042b6a203 Extracting 3B
    node-gitlab-tr:  593a7107a1a7 Downloading 105.9MB
    node-gitlab-tr:  f36042b6a203 Extracting 3B
    node-gitlab-tr:  593a7107a1a7 Downloading 107MB
    node-gitlab-tr:  f36042b6a203 Extracting 4B
    node-gitlab-tr:  593a7107a1a7 Downloading 107.7MB
    node-gitlab-tr:  f36042b6a203 Extracting 4B
    node-gitlab-tr:  593a7107a1a7 Downloading 108MB
    node-gitlab-tr:  f36042b6a203 Extracting 4B
    node-gitlab-tr:  593a7107a1a7 Downloading 108.5MB
    node-gitlab-tr:  f36042b6a203 Extracting 4B
    node-gitlab-tr:  593a7107a1a7 Downloading 109.7MB
    node-gitlab-tr:  f36042b6a203 Extracting 4B
    node-gitlab-tr:  593a7107a1a7 Downloading 111.1MB
    node-gitlab-tr:  f36042b6a203 Extracting 4B
    node-gitlab-tr:  593a7107a1a7 Downloading 111.1MB
    node-gitlab-tr:  f36042b6a203 Extracting 4B
    node-gitlab-tr:  593a7107a1a7 Downloading 112.2MB
    node-gitlab-tr:  f36042b6a203 Extracting 4B
    node-gitlab-tr:  593a7107a1a7 Downloading 112.8MB
    node-gitlab-tr:  f36042b6a203 Extracting 4B
    node-gitlab-tr:  593a7107a1a7 Downloading 113.2MB
    node-gitlab-tr:  f36042b6a203 Extracting 4B
    node-gitlab-tr:  593a7107a1a7 Downloading 114.3MB
    node-gitlab-tr:  f36042b6a203 Extracting 5B
    node-gitlab-tr:  593a7107a1a7 Downloading 114.3MB
    node-gitlab-tr:  f36042b6a203 Extracting 5B
    node-gitlab-tr:  593a7107a1a7 Downloading 115.2MB
    node-gitlab-tr:  f36042b6a203 Extracting 5B
    node-gitlab-tr:  593a7107a1a7 Downloading 116.4MB
    node-gitlab-tr:  f36042b6a203 Extracting 5B
    node-gitlab-tr:  593a7107a1a7 Downloading 116.4MB
    node-gitlab-tr:  f36042b6a203 Extracting 5B
    node-gitlab-tr:  593a7107a1a7 Downloading 117MB
    node-gitlab-tr:  f36042b6a203 Extracting 5B
    node-gitlab-tr:  593a7107a1a7 Downloading 117.4MB
    node-gitlab-tr:  f36042b6a203 Extracting 5B
    node-gitlab-tr:  593a7107a1a7 Downloading 118.5MB
    node-gitlab-tr:  f36042b6a203 Extracting 5B
    node-gitlab-tr:  593a7107a1a7 Downloading 118.5MB
    node-gitlab-tr:  f36042b6a203 Extracting 5B
    node-gitlab-tr:  593a7107a1a7 Downloading 119.5MB
    node-gitlab-tr:  f36042b6a203 Extracting 6B
    node-gitlab-tr:  593a7107a1a7 Downloading 119.8MB
    node-gitlab-tr:  f36042b6a203 Extracting 6B
    node-gitlab-tr:  593a7107a1a7 Downloading 120.6MB
    node-gitlab-tr:  f36042b6a203 Extracting 6B
    node-gitlab-tr:  593a7107a1a7 Downloading 120.9MB
    node-gitlab-tr:  f36042b6a203 Extracting 6B
    node-gitlab-tr:  593a7107a1a7 Downloading 121.6MB
    node-gitlab-tr:  f36042b6a203 Extracting 6B
    node-gitlab-tr:  593a7107a1a7 Downloading 122.7MB
    node-gitlab-tr:  f36042b6a203 Extracting 6B
    node-gitlab-tr:  593a7107a1a7 Downloading 122.7MB
    node-gitlab-tr:  f36042b6a203 Extracting 6B
    node-gitlab-tr:  593a7107a1a7 Downloading 123.7MB
    node-gitlab-tr:  f36042b6a203 Extracting 6B
    node-gitlab-tr:  593a7107a1a7 Downloading 124.4MB
    node-gitlab-tr:  f36042b6a203 Extracting 6B
    node-gitlab-tr:  593a7107a1a7 Downloading 124.8MB
    node-gitlab-tr:  f36042b6a203 Extracting 7B
    node-gitlab-tr:  593a7107a1a7 Downloading 125.6MB
    node-gitlab-tr:  f36042b6a203 Extracting 7B
    node-gitlab-tr:  593a7107a1a7 Downloading 125.6MB
    node-gitlab-tr:  f36042b6a203 Extracting 7B
    node-gitlab-tr:  593a7107a1a7 Downloading 125.8MB
    node-gitlab-tr:  f36042b6a203 Extracting 7B
    node-gitlab-tr:  593a7107a1a7 Downloading 126.7MB
    node-gitlab-tr:  f36042b6a203 Extracting 7B
    node-gitlab-tr:  593a7107a1a7 Downloading 126.9MB
    node-gitlab-tr:  f36042b6a203 Extracting 7B
    node-gitlab-tr:  593a7107a1a7 Downloading 126.9MB
    node-gitlab-tr:  f36042b6a203 Extracting 7B
    node-gitlab-tr:  593a7107a1a7 Downloading 129MB
    node-gitlab-tr:  f36042b6a203 Extracting 7B
    node-gitlab-tr:  593a7107a1a7 Downloading 129MB
    node-gitlab-tr:  f36042b6a203 Extracting 7B
    node-gitlab-tr:  593a7107a1a7 Downloading 129.6MB
    node-gitlab-tr:  f36042b6a203 Extracting 7B
    node-gitlab-tr:  593a7107a1a7 Downloading 130MB
    node-gitlab-tr:  f36042b6a203 Extracting 8B
    node-gitlab-tr:  593a7107a1a7 Downloading 130.5MB
    node-gitlab-tr:  f36042b6a203 Extracting 8B
    node-gitlab-tr:  593a7107a1a7 Downloading 131.1MB
    node-gitlab-tr:  f36042b6a203 Extracting 8B
    node-gitlab-tr:  593a7107a1a7 Downloading 131.1MB
    node-gitlab-tr:  f36042b6a203 Extracting 8B
    node-gitlab-tr:  593a7107a1a7 Downloading 132.1MB
    node-gitlab-tr:  f36042b6a203 Extracting 8B
    node-gitlab-tr:  593a7107a1a7 Downloading 132.7MB
    node-gitlab-tr:  f36042b6a203 Extracting 8B
    node-gitlab-tr:  593a7107a1a7 Downloading 133.2MB
    node-gitlab-tr:  f36042b6a203 Extracting 8B
    node-gitlab-tr:  593a7107a1a7 Downloading 133.8MB
    node-gitlab-tr:  f36042b6a203 Extracting 8B
    node-gitlab-tr:  593a7107a1a7 Downloading 135.1MB
    node-gitlab-tr:  f36042b6a203 Extracting 8B
    node-gitlab-tr:  593a7107a1a7 Downloading 135.3MB
    node-gitlab-tr:  a94369ef6758 Extracting 1B
    node-gitlab-tr:  f36042b6a203 Pull complete 0B
    node-gitlab-tr:  593a7107a1a7 Downloading 136.2MB
    node-gitlab-tr:  a94369ef6758 Extracting 1B
    node-gitlab-tr:  593a7107a1a7 Downloading 137.4MB
    node-gitlab-tr:  a94369ef6758 Pull complete 0B
    node-gitlab-tr:  593a7107a1a7 Downloading 137.4MB
    node-gitlab-tr:  5d1b92dc061c Pull complete 0B
    node-gitlab-tr:  459b426ff184 Extracting 1B
    node-gitlab-tr:  593a7107a1a7 Downloading 138.4MB
    node-gitlab-tr:  b570f1357c2a Extracting 1B
    node-gitlab-tr:  459b426ff184 Pull complete 0B
    node-gitlab-tr:  593a7107a1a7 Downloading 139.5MB
    node-gitlab-tr:  df82ff08fcb9 Extracting 1B
    node-gitlab-tr:  b570f1357c2a Pull complete 0B
    node-gitlab-tr:  593a7107a1a7 Downloading 139.9MB
    node-gitlab-tr:  df82ff08fcb9 Pull complete 0B
    node-gitlab-tr:  593a7107a1a7 Downloading 141.2MB
    node-gitlab-tr:  593a7107a1a7 Downloading 142.6MB
    node-gitlab-tr:  593a7107a1a7 Downloading 143.7MB
    node-gitlab-tr:  593a7107a1a7 Downloading 144.7MB
    node-gitlab-tr:  593a7107a1a7 Downloading 147.8MB
    node-gitlab-tr:  593a7107a1a7 Downloading 148.9MB
    node-gitlab-tr:  593a7107a1a7 Downloading 151MB
    node-gitlab-tr:  593a7107a1a7 Downloading 152MB
    node-gitlab-tr:  593a7107a1a7 Downloading 154.1MB
    node-gitlab-tr:  593a7107a1a7 Downloading 155.2MB
    node-gitlab-tr:  593a7107a1a7 Downloading 156.2MB
    node-gitlab-tr:  593a7107a1a7 Downloading 158.3MB
    node-gitlab-tr:  593a7107a1a7 Downloading 159.4MB
    node-gitlab-tr:  593a7107a1a7 Downloading 161.5MB
    node-gitlab-tr:  593a7107a1a7 Downloading 162.5MB
    node-gitlab-tr:  593a7107a1a7 Downloading 163.6MB
    node-gitlab-tr:  593a7107a1a7 Downloading 164.6MB
    node-gitlab-tr:  593a7107a1a7 Downloading 165.7MB
    node-gitlab-tr:  593a7107a1a7 Downloading 167MB
    node-gitlab-tr:  593a7107a1a7 Downloading 168.8MB
    node-gitlab-tr:  593a7107a1a7 Downloading 169.9MB
    node-gitlab-tr:  593a7107a1a7 Downloading 172MB
    node-gitlab-tr:  593a7107a1a7 Downloading 173MB
    node-gitlab-tr:  593a7107a1a7 Downloading 174.1MB
    node-gitlab-tr:  593a7107a1a7 Downloading 176.2MB
    node-gitlab-tr:  593a7107a1a7 Downloading 177.2MB
    node-gitlab-tr:  593a7107a1a7 Downloading 178.3MB
    node-gitlab-tr:  593a7107a1a7 Downloading 179.3MB
    node-gitlab-tr:  593a7107a1a7 Downloading 181.4MB
    node-gitlab-tr:  593a7107a1a7 Downloading 182.5MB
    node-gitlab-tr:  593a7107a1a7 Downloading 183.5MB
    node-gitlab-tr:  593a7107a1a7 Downloading 184.5MB
    node-gitlab-tr:  593a7107a1a7 Downloading 186.6MB
    node-gitlab-tr:  593a7107a1a7 Downloading 187.7MB
    node-gitlab-tr:  593a7107a1a7 Downloading 188.7MB
    node-gitlab-tr:  593a7107a1a7 Downloading 189.8MB
    node-gitlab-tr:  593a7107a1a7 Downloading 191.9MB
    node-gitlab-tr:  593a7107a1a7 Downloading 192.9MB
    node-gitlab-tr:  593a7107a1a7 Downloading 194MB
    node-gitlab-tr:  593a7107a1a7 Downloading 195MB
    node-gitlab-tr:  593a7107a1a7 Downloading 197MB
    node-gitlab-tr:  593a7107a1a7 Downloading 198.2MB
    node-gitlab-tr:  593a7107a1a7 Downloading 199.2MB
    node-gitlab-tr:  593a7107a1a7 Downloading 200.3MB
    node-gitlab-tr:  593a7107a1a7 Downloading 202.4MB
    node-gitlab-tr:  593a7107a1a7 Downloading 203.4MB
    node-gitlab-tr:  593a7107a1a7 Downloading 204.5MB
    node-gitlab-tr:  593a7107a1a7 Downloading 205.5MB
    node-gitlab-tr:  593a7107a1a7 Downloading 207.6MB
    node-gitlab-tr:  593a7107a1a7 Downloading 208.7MB
    node-gitlab-tr:  593a7107a1a7 Downloading 209.7MB
    node-gitlab-tr:  593a7107a1a7 Downloading 210.8MB
    node-gitlab-tr:  593a7107a1a7 Downloading 212.9MB
    node-gitlab-tr:  593a7107a1a7 Downloading 213.9MB
    node-gitlab-tr:  593a7107a1a7 Downloading 215MB
    node-gitlab-tr:  593a7107a1a7 Downloading 217MB
    node-gitlab-tr:  593a7107a1a7 Downloading 217.1MB
    node-gitlab-tr:  593a7107a1a7 Downloading 219.2MB
    node-gitlab-tr:  593a7107a1a7 Downloading 220.2MB
    node-gitlab-tr:  593a7107a1a7 Downloading 222.3MB
    node-gitlab-tr:  593a7107a1a7 Downloading 223.3MB
    node-gitlab-tr:  593a7107a1a7 Downloading 224.4MB
    node-gitlab-tr:  593a7107a1a7 Downloading 225.4MB
    node-gitlab-tr:  593a7107a1a7 Downloading 227.5MB
    node-gitlab-tr:  593a7107a1a7 Downloading 228.6MB
    node-gitlab-tr:  593a7107a1a7 Downloading 229.6MB
    node-gitlab-tr:  593a7107a1a7 Downloading 231.2MB
    node-gitlab-tr:  593a7107a1a7 Downloading 232.8MB
    node-gitlab-tr:  593a7107a1a7 Downloading 233.8MB
    node-gitlab-tr:  593a7107a1a7 Downloading 234.9MB
    node-gitlab-tr:  593a7107a1a7 Downloading 237MB
    node-gitlab-tr:  593a7107a1a7 Downloading 238MB
    node-gitlab-tr:  593a7107a1a7 Downloading 239.1MB
    node-gitlab-tr:  593a7107a1a7 Downloading 240.1MB
    node-gitlab-tr:  593a7107a1a7 Downloading 242.1MB
    node-gitlab-tr:  593a7107a1a7 Downloading 243.3MB
    node-gitlab-tr:  593a7107a1a7 Downloading 244.3MB
    node-gitlab-tr:  593a7107a1a7 Downloading 246.4MB
    node-gitlab-tr:  593a7107a1a7 Downloading 246.4MB
    node-gitlab-tr:  593a7107a1a7 Downloading 248.5MB
    node-gitlab-tr:  593a7107a1a7 Downloading 249.6MB
    node-gitlab-tr:  593a7107a1a7 Downloading 250.6MB
    node-gitlab-tr:  593a7107a1a7 Downloading 251.7MB
    node-gitlab-tr:  593a7107a1a7 Downloading 253.8MB
    node-gitlab-tr:  593a7107a1a7 Downloading 254.8MB
    node-gitlab-tr:  593a7107a1a7 Downloading 255.9MB
    node-gitlab-tr:  593a7107a1a7 Downloading 257.2MB
    node-gitlab-tr:  593a7107a1a7 Downloading 259MB
    node-gitlab-tr:  593a7107a1a7 Downloading 260MB
    node-gitlab-tr:  593a7107a1a7 Downloading 261.1MB
    node-gitlab-tr:  593a7107a1a7 Downloading 263.2MB
    node-gitlab-tr:  593a7107a1a7 Downloading 264.2MB
    node-gitlab-tr:  593a7107a1a7 Downloading 265.3MB
    node-gitlab-tr:  593a7107a1a7 Downloading 266.3MB
    node-gitlab-tr:  593a7107a1a7 Downloading 268.4MB
    node-gitlab-tr:  593a7107a1a7 Downloading 269.5MB
    node-gitlab-tr:  593a7107a1a7 Downloading 270.5MB
    node-gitlab-tr:  593a7107a1a7 Downloading 272.6MB
    node-gitlab-tr:  593a7107a1a7 Downloading 273.7MB
    node-gitlab-tr:  593a7107a1a7 Downloading 274.7MB
    node-gitlab-tr:  593a7107a1a7 Downloading 275.8MB
    node-gitlab-tr:  593a7107a1a7 Downloading 277.9MB
    node-gitlab-tr:  593a7107a1a7 Downloading 278.9MB
    node-gitlab-tr:  593a7107a1a7 Downloading 280MB
    node-gitlab-tr:  593a7107a1a7 Downloading 281.3MB
    node-gitlab-tr:  593a7107a1a7 Downloading 283.1MB
    node-gitlab-tr:  593a7107a1a7 Downloading 284.2MB
    node-gitlab-tr:  593a7107a1a7 Downloading 285.2MB
    node-gitlab-tr:  593a7107a1a7 Downloading 287.1MB
    node-gitlab-tr:  593a7107a1a7 Downloading 288.4MB
    node-gitlab-tr:  593a7107a1a7 Downloading 289.4MB
    node-gitlab-tr:  593a7107a1a7 Downloading 291MB
    node-gitlab-tr:  593a7107a1a7 Downloading 292.6MB
    node-gitlab-tr:  593a7107a1a7 Downloading 293.6MB
    node-gitlab-tr:  593a7107a1a7 Downloading 294.6MB
    node-gitlab-tr:  593a7107a1a7 Downloading 296.7MB
    node-gitlab-tr:  593a7107a1a7 Downloading 297.8MB
    node-gitlab-tr:  593a7107a1a7 Downloading 299.9MB
    node-gitlab-tr:  593a7107a1a7 Downloading 299.9MB
    node-gitlab-tr:  593a7107a1a7 Downloading 302MB
    node-gitlab-tr:  593a7107a1a7 Downloading 303MB
    node-gitlab-tr:  593a7107a1a7 Downloading 305.1MB
    node-gitlab-tr:  593a7107a1a7 Downloading 305.5MB
    node-gitlab-tr:  593a7107a1a7 Downloading 307.2MB
    node-gitlab-tr:  593a7107a1a7 Downloading 308.3MB
    node-gitlab-tr:  593a7107a1a7 Downloading 310.4MB
    node-gitlab-tr:  593a7107a1a7 Downloading 311.4MB
    node-gitlab-tr:  593a7107a1a7 Downloading 312.5MB
    node-gitlab-tr:  593a7107a1a7 Downloading 313.7MB
    node-gitlab-tr:  593a7107a1a7 Downloading 315.6MB
    node-gitlab-tr:  593a7107a1a7 Downloading 316.7MB
    node-gitlab-tr:  593a7107a1a7 Downloading 317.9MB
    node-gitlab-tr:  593a7107a1a7 Downloading 319.8MB
    node-gitlab-tr:  593a7107a1a7 Downloading 320.9MB
    node-gitlab-tr:  593a7107a1a7 Downloading 321.9MB
    node-gitlab-tr:  593a7107a1a7 Downloading 324MB
    node-gitlab-tr:  593a7107a1a7 Downloading 325.1MB
    node-gitlab-tr:  593a7107a1a7 Downloading 326.1MB
    node-gitlab-tr:  593a7107a1a7 Downloading 328.2MB
    node-gitlab-tr:  593a7107a1a7 Downloading 329.3MB
    node-gitlab-tr:  593a7107a1a7 Downloading 330.3MB
    node-gitlab-tr:  593a7107a1a7 Downloading 331.7MB
    node-gitlab-tr:  593a7107a1a7 Downloading 333.4MB
    node-gitlab-tr:  593a7107a1a7 Downloading 334.5MB
    node-gitlab-tr:  593a7107a1a7 Downloading 335.5MB
    node-gitlab-tr:  593a7107a1a7 Downloading 337.6MB
    node-gitlab-tr:  593a7107a1a7 Downloading 337.6MB
    node-gitlab-tr:  593a7107a1a7 Downloading 339.7MB
    node-gitlab-tr:  593a7107a1a7 Downloading 340.8MB
    node-gitlab-tr:  593a7107a1a7 Downloading 342.9MB
    node-gitlab-tr:  593a7107a1a7 Downloading 343.9MB
    node-gitlab-tr:  593a7107a1a7 Downloading 345MB
    node-gitlab-tr:  593a7107a1a7 Downloading 347.1MB
    node-gitlab-tr:  593a7107a1a7 Downloading 348.1MB
    node-gitlab-tr:  593a7107a1a7 Downloading 349.2MB
    node-gitlab-tr:  593a7107a1a7 Downloading 350.3MB
    node-gitlab-tr:  593a7107a1a7 Downloading 352.3MB
    node-gitlab-tr:  593a7107a1a7 Downloading 353.4MB
    node-gitlab-tr:  593a7107a1a7 Downloading 354.4MB
    node-gitlab-tr:  593a7107a1a7 Downloading 356.5MB
    node-gitlab-tr:  593a7107a1a7 Downloading 357.6MB
    node-gitlab-tr:  593a7107a1a7 Downloading 358.6MB
    node-gitlab-tr:  593a7107a1a7 Downloading 360.4MB
    node-gitlab-tr:  593a7107a1a7 Downloading 361.8MB
    node-gitlab-tr:  593a7107a1a7 Downloading 362.8MB
    node-gitlab-tr:  593a7107a1a7 Downloading 363.9MB
    node-gitlab-tr:  593a7107a1a7 Downloading 364.9MB
    node-gitlab-tr:  593a7107a1a7 Downloading 367MB
    node-gitlab-tr:  593a7107a1a7 Downloading 368.1MB
    node-gitlab-tr:  593a7107a1a7 Downloading 369.1MB
    node-gitlab-tr:  593a7107a1a7 Downloading 370.1MB
    node-gitlab-tr:  593a7107a1a7 Downloading 371.2MB
    node-gitlab-tr:  593a7107a1a7 Downloading 373MB
    node-gitlab-tr:  593a7107a1a7 Downloading 374.3MB
    node-gitlab-tr:  593a7107a1a7 Downloading 375.4MB
    node-gitlab-tr:  593a7107a1a7 Downloading 377.5MB
    node-gitlab-tr:  593a7107a1a7 Downloading 378.5MB
    node-gitlab-tr:  593a7107a1a7 Downloading 379.6MB
    node-gitlab-tr:  593a7107a1a7 Downloading 381.6MB
    node-gitlab-tr:  593a7107a1a7 Downloading 382.7MB
    node-gitlab-tr:  593a7107a1a7 Downloading 383.8MB
    node-gitlab-tr:  593a7107a1a7 Downloading 384.8MB
    node-gitlab-tr:  593a7107a1a7 Downloading 386.9MB
    node-gitlab-tr:  593a7107a1a7 Downloading 388MB
    node-gitlab-tr:  593a7107a1a7 Downloading 389MB
    node-gitlab-tr:  593a7107a1a7 Downloading 390.1MB
    node-gitlab-tr:  593a7107a1a7 Downloading 391.1MB
    node-gitlab-tr:  593a7107a1a7 Downloading 392.9MB
    node-gitlab-tr:  593a7107a1a7 Downloading 394.3MB
    node-gitlab-tr:  593a7107a1a7 Downloading 395.3MB
    node-gitlab-tr:  593a7107a1a7 Downloading 396.4MB
    node-gitlab-tr:  593a7107a1a7 Downloading 398.5MB
    node-gitlab-tr:  593a7107a1a7 Downloading 399.5MB
    node-gitlab-tr:  593a7107a1a7 Downloading 400.6MB
    node-gitlab-tr:  593a7107a1a7 Downloading 401.6MB
    node-gitlab-tr:  593a7107a1a7 Downloading 403.7MB
    node-gitlab-tr:  593a7107a1a7 Downloading 404.8MB
    node-gitlab-tr:  593a7107a1a7 Downloading 405.8MB
    node-gitlab-tr:  593a7107a1a7 Downloading 406.8MB
    node-gitlab-tr:  593a7107a1a7 Downloading 408.9MB
    node-gitlab-tr:  593a7107a1a7 Downloading 410MB
    node-gitlab-tr:  593a7107a1a7 Downloading 412.1MB
    node-gitlab-tr:  593a7107a1a7 Downloading 413.1MB
    node-gitlab-tr:  593a7107a1a7 Downloading 414.2MB
    node-gitlab-tr:  593a7107a1a7 Downloading 415.2MB
    node-gitlab-tr:  593a7107a1a7 Downloading 417.2MB
    node-gitlab-tr:  593a7107a1a7 Downloading 417.3MB
    node-gitlab-tr:  593a7107a1a7 Downloading 419.4MB
    node-gitlab-tr:  593a7107a1a7 Downloading 420.5MB
    node-gitlab-tr:  593a7107a1a7 Downloading 421.5MB
    node-gitlab-tr:  593a7107a1a7 Downloading 423.6MB
    node-gitlab-tr:  593a7107a1a7 Downloading 424.7MB
    node-gitlab-tr:  593a7107a1a7 Downloading 424.7MB
    node-gitlab-tr:  593a7107a1a7 Downloading 427.1MB
    node-gitlab-tr:  593a7107a1a7 Downloading 428.9MB
    node-gitlab-tr:  593a7107a1a7 Downloading 429.9MB
    node-gitlab-tr:  593a7107a1a7 Downloading 431MB
    node-gitlab-tr:  593a7107a1a7 Downloading 432MB
    node-gitlab-tr:  593a7107a1a7 Downloading 433.1MB
    node-gitlab-tr:  593a7107a1a7 Downloading 434.1MB
    node-gitlab-tr:  593a7107a1a7 Downloading 435.2MB
    node-gitlab-tr:  593a7107a1a7 Downloading 436.9MB
    node-gitlab-tr:  593a7107a1a7 Downloading 438.3MB
    node-gitlab-tr:  593a7107a1a7 Downloading 439.4MB
    node-gitlab-tr:  593a7107a1a7 Downloading 440.4MB
    node-gitlab-tr:  593a7107a1a7 Downloading 441.5MB
    node-gitlab-tr:  593a7107a1a7 Downloading 443.3MB
    node-gitlab-tr:  593a7107a1a7 Downloading 444.6MB
    node-gitlab-tr:  593a7107a1a7 Downloading 445.6MB
    node-gitlab-tr:  593a7107a1a7 Downloading 446.7MB
    node-gitlab-tr:  593a7107a1a7 Downloading 448.8MB
    node-gitlab-tr:  593a7107a1a7 Downloading 449.8MB
    node-gitlab-tr:  593a7107a1a7 Downloading 450.9MB
    node-gitlab-tr:  593a7107a1a7 Downloading 452.7MB
    node-gitlab-tr:  593a7107a1a7 Downloading 453MB
    node-gitlab-tr:  593a7107a1a7 Downloading 454MB
    node-gitlab-tr:  593a7107a1a7 Downloading 456.1MB
    node-gitlab-tr:  593a7107a1a7 Downloading 457.2MB
    node-gitlab-tr:  593a7107a1a7 Downloading 458.2MB
    node-gitlab-tr:  593a7107a1a7 Downloading 459.3MB
    node-gitlab-tr:  593a7107a1a7 Downloading 461.4MB
    node-gitlab-tr:  593a7107a1a7 Downloading 462.4MB
    node-gitlab-tr:  593a7107a1a7 Downloading 463.5MB
    node-gitlab-tr:  593a7107a1a7 Downloading 464.5MB
    node-gitlab-tr:  593a7107a1a7 Downloading 465.6MB
    node-gitlab-tr:  593a7107a1a7 Downloading 465.6MB
    node-gitlab-tr:  593a7107a1a7 Downloading 466.6MB
    node-gitlab-tr:  593a7107a1a7 Downloading 467.7MB
    node-gitlab-tr:  593a7107a1a7 Downloading 468.7MB
    node-gitlab-tr:  593a7107a1a7 Downloading 469.8MB
    node-gitlab-tr:  593a7107a1a7 Downloading 469.8MB
    node-gitlab-tr:  593a7107a1a7 Downloading 470.8MB
    node-gitlab-tr:  593a7107a1a7 Downloading 472.9MB
    node-gitlab-tr:  593a7107a1a7 Downloading 474MB
    node-gitlab-tr:  593a7107a1a7 Downloading 475MB
    node-gitlab-tr:  593a7107a1a7 Downloading 476MB
    node-gitlab-tr:  593a7107a1a7 Downloading 476.1MB
    node-gitlab-tr:  593a7107a1a7 Downloading 477.1MB
    node-gitlab-tr:  593a7107a1a7 Downloading 478.2MB
    node-gitlab-tr:  593a7107a1a7 Downloading 479.2MB
    node-gitlab-tr:  593a7107a1a7 Downloading 480.2MB
    node-gitlab-tr:  593a7107a1a7 Downloading 481.3MB
    node-gitlab-tr:  593a7107a1a7 Downloading 482.3MB
    node-gitlab-tr:  593a7107a1a7 Downloading 483.4MB
    node-gitlab-tr:  593a7107a1a7 Downloading 484.4MB
    node-gitlab-tr:  593a7107a1a7 Downloading 484.4MB
    node-gitlab-tr:  593a7107a1a7 Downloading 485.5MB
    node-gitlab-tr:  593a7107a1a7 Downloading 486.5MB
    node-gitlab-tr:  593a7107a1a7 Downloading 487.6MB
    node-gitlab-tr:  593a7107a1a7 Downloading 488.6MB
    node-gitlab-tr:  593a7107a1a7 Downloading 489.7MB
    node-gitlab-tr:  593a7107a1a7 Downloading 490.7MB
    node-gitlab-tr:  593a7107a1a7 Downloading 492.8MB
    node-gitlab-tr:  593a7107a1a7 Downloading 493.9MB
    node-gitlab-tr:  593a7107a1a7 Downloading 494.9MB
    node-gitlab-tr:  593a7107a1a7 Downloading 496MB
    node-gitlab-tr:  593a7107a1a7 Downloading 498.1MB
    node-gitlab-tr:  593a7107a1a7 Downloading 499.1MB
    node-gitlab-tr:  593a7107a1a7 Downloading 500.2MB
    node-gitlab-tr:  593a7107a1a7 Downloading 502.3MB
    node-gitlab-tr:  593a7107a1a7 Downloading 503.3MB
    node-gitlab-tr:  593a7107a1a7 Downloading 504.4MB
    node-gitlab-tr:  593a7107a1a7 Downloading 505.4MB
    node-gitlab-tr:  593a7107a1a7 Downloading 507.5MB
    node-gitlab-tr:  593a7107a1a7 Downloading 508.6MB
    node-gitlab-tr:  593a7107a1a7 Downloading 509.6MB
    node-gitlab-tr:  593a7107a1a7 Downloading 511.4MB
    node-gitlab-tr:  593a7107a1a7 Downloading 512.8MB
    node-gitlab-tr:  593a7107a1a7 Downloading 513.8MB
    node-gitlab-tr:  593a7107a1a7 Downloading 514.9MB
    node-gitlab-tr:  593a7107a1a7 Downloading 515.9MB
    node-gitlab-tr:  593a7107a1a7 Downloading 517.3MB
    node-gitlab-tr:  593a7107a1a7 Downloading 519MB
    node-gitlab-tr:  593a7107a1a7 Downloading 520.1MB
    node-gitlab-tr:  593a7107a1a7 Downloading 521.8MB
    node-gitlab-tr:  593a7107a1a7 Downloading 523.2MB
    node-gitlab-tr:  593a7107a1a7 Downloading 524.3MB
    node-gitlab-tr:  593a7107a1a7 Downloading 526.4MB
    node-gitlab-tr:  593a7107a1a7 Downloading 527.4MB
    node-gitlab-tr:  593a7107a1a7 Downloading 528.5MB
    node-gitlab-tr:  593a7107a1a7 Downloading 530.5MB
    node-gitlab-tr:  593a7107a1a7 Downloading 530.6MB
    node-gitlab-tr:  593a7107a1a7 Downloading 532.6MB
    node-gitlab-tr:  593a7107a1a7 Downloading 532.7MB
    node-gitlab-tr:  593a7107a1a7 Downloading 534.8MB
    node-gitlab-tr:  593a7107a1a7 Downloading 535.8MB
    node-gitlab-tr:  593a7107a1a7 Downloading 537.9MB
    node-gitlab-tr:  593a7107a1a7 Downloading 539MB
    node-gitlab-tr:  593a7107a1a7 Downloading 540MB
    node-gitlab-tr:  593a7107a1a7 Downloading 541.1MB
    node-gitlab-tr:  593a7107a1a7 Downloading 543.2MB
    node-gitlab-tr:  593a7107a1a7 Downloading 544.2MB
    node-gitlab-tr:  593a7107a1a7 Downloading 545.3MB
    node-gitlab-tr:  593a7107a1a7 Downloading 546.3MB
    node-gitlab-tr:  593a7107a1a7 Downloading 548.3MB
    node-gitlab-tr:  593a7107a1a7 Downloading 549.5MB
    node-gitlab-tr:  593a7107a1a7 Downloading 550.5MB
    node-gitlab-tr:  593a7107a1a7 Downloading 551.6MB
    node-gitlab-tr:  593a7107a1a7 Downloading 553.6MB
    node-gitlab-tr:  593a7107a1a7 Downloading 554.7MB
    node-gitlab-tr:  593a7107a1a7 Downloading 555.7MB
    node-gitlab-tr:  593a7107a1a7 Downloading 557.8MB
    node-gitlab-tr:  593a7107a1a7 Downloading 558.9MB
    node-gitlab-tr:  593a7107a1a7 Downloading 559.9MB
    node-gitlab-tr:  593a7107a1a7 Downloading 561MB
    node-gitlab-tr:  593a7107a1a7 Downloading 563.1MB
    node-gitlab-tr:  593a7107a1a7 Downloading 564.1MB
    node-gitlab-tr:  593a7107a1a7 Downloading 565.2MB
    node-gitlab-tr:  593a7107a1a7 Downloading 567.3MB
    node-gitlab-tr:  593a7107a1a7 Downloading 568.3MB
    node-gitlab-tr:  593a7107a1a7 Downloading 569.4MB
    node-gitlab-tr:  593a7107a1a7 Downloading 570.4MB
    node-gitlab-tr:  593a7107a1a7 Downloading 572.5MB
    node-gitlab-tr:  593a7107a1a7 Downloading 573.6MB
    node-gitlab-tr:  593a7107a1a7 Downloading 574.6MB
    node-gitlab-tr:  593a7107a1a7 Downloading 575.7MB
    node-gitlab-tr:  593a7107a1a7 Downloading 577.8MB
    node-gitlab-tr:  593a7107a1a7 Downloading 578.8MB
    node-gitlab-tr:  593a7107a1a7 Downloading 579.9MB
    node-gitlab-tr:  593a7107a1a7 Downloading 580.9MB
    node-gitlab-tr:  593a7107a1a7 Downloading 583MB
    node-gitlab-tr:  593a7107a1a7 Downloading 584.1MB
    node-gitlab-tr:  593a7107a1a7 Downloading 585.1MB
    node-gitlab-tr:  593a7107a1a7 Downloading 586.2MB
    node-gitlab-tr:  593a7107a1a7 Downloading 588.3MB
    node-gitlab-tr:  593a7107a1a7 Downloading 589.3MB
    node-gitlab-tr:  593a7107a1a7 Downloading 590.3MB
    node-gitlab-tr:  593a7107a1a7 Downloading 592.4MB
    node-gitlab-tr:  593a7107a1a7 Downloading 593.5MB
    node-gitlab-tr:  593a7107a1a7 Downloading 594.5MB
    node-gitlab-tr:  593a7107a1a7 Downloading 596.6MB
    node-gitlab-tr:  593a7107a1a7 Downloading 597.7MB
    node-gitlab-tr:  593a7107a1a7 Downloading 598.7MB
    node-gitlab-tr:  593a7107a1a7 Downloading 600.8MB
    node-gitlab-tr:  593a7107a1a7 Downloading 601.9MB
    node-gitlab-tr:  593a7107a1a7 Downloading 602.9MB
    node-gitlab-tr:  593a7107a1a7 Downloading 604MB
    node-gitlab-tr:  593a7107a1a7 Downloading 606.1MB
    node-gitlab-tr:  593a7107a1a7 Downloading 607.1MB
    node-gitlab-tr:  593a7107a1a7 Downloading 608.2MB
    node-gitlab-tr:  593a7107a1a7 Downloading 610.3MB
    node-gitlab-tr:  593a7107a1a7 Downloading 611.3MB
    node-gitlab-tr:  593a7107a1a7 Downloading 612.4MB
    node-gitlab-tr:  593a7107a1a7 Downloading 614.5MB
    node-gitlab-tr:  593a7107a1a7 Downloading 615.5MB
    node-gitlab-tr:  593a7107a1a7 Downloading 616.6MB
    node-gitlab-tr:  593a7107a1a7 Downloading 617.6MB
    node-gitlab-tr:  593a7107a1a7 Downloading 619.7MB
    node-gitlab-tr:  593a7107a1a7 Downloading 620.8MB
    node-gitlab-tr:  593a7107a1a7 Downloading 621.8MB
    node-gitlab-tr:  593a7107a1a7 Downloading 623.9MB
    node-gitlab-tr:  593a7107a1a7 Downloading 624.9MB
    node-gitlab-tr:  593a7107a1a7 Downloading 626MB
    node-gitlab-tr:  593a7107a1a7 Downloading 627MB
    node-gitlab-tr:  593a7107a1a7 Downloading 628.1MB
    node-gitlab-tr:  593a7107a1a7 Downloading 630.2MB
    node-gitlab-tr:  593a7107a1a7 Downloading 631.2MB
    node-gitlab-tr:  593a7107a1a7 Downloading 633.3MB
    node-gitlab-tr:  593a7107a1a7 Downloading 634.2MB
    node-gitlab-tr:  593a7107a1a7 Downloading 635.4MB
    node-gitlab-tr:  593a7107a1a7 Downloading 636.5MB
    node-gitlab-tr:  593a7107a1a7 Downloading 638.4MB
    node-gitlab-tr:  593a7107a1a7 Downloading 639.6MB
    node-gitlab-tr:  593a7107a1a7 Downloading 640.7MB
    node-gitlab-tr:  593a7107a1a7 Downloading 641.7MB
    node-gitlab-tr:  593a7107a1a7 Downloading 643.7MB
    node-gitlab-tr:  593a7107a1a7 Downloading 644.9MB
    node-gitlab-tr:  593a7107a1a7 Downloading 645.9MB
    node-gitlab-tr:  593a7107a1a7 Downloading 647MB
    node-gitlab-tr:  593a7107a1a7 Downloading 649.1MB
    node-gitlab-tr:  593a7107a1a7 Downloading 650.1MB
    node-gitlab-tr:  593a7107a1a7 Downloading 651.2MB
    node-gitlab-tr:  593a7107a1a7 Downloading 653.3MB
    node-gitlab-tr:  593a7107a1a7 Downloading 654.3MB
    node-gitlab-tr:  593a7107a1a7 Downloading 655.4MB
    node-gitlab-tr:  593a7107a1a7 Downloading 656.4MB
    node-gitlab-tr:  593a7107a1a7 Downloading 658.5MB
    node-gitlab-tr:  593a7107a1a7 Downloading 659.6MB
    node-gitlab-tr:  593a7107a1a7 Downloading 660.6MB
    node-gitlab-tr:  593a7107a1a7 Downloading 661.7MB
    node-gitlab-tr:  593a7107a1a7 Downloading 663.1MB
    node-gitlab-tr:  593a7107a1a7 Downloading 664.8MB
    node-gitlab-tr:  593a7107a1a7 Downloading 665.7MB
    node-gitlab-tr:  593a7107a1a7 Downloading 666.9MB
    node-gitlab-tr:  593a7107a1a7 Downloading 669MB
    node-gitlab-tr:  593a7107a1a7 Downloading 670MB
    node-gitlab-tr:  593a7107a1a7 Downloading 671.1MB
    node-gitlab-tr:  593a7107a1a7 Downloading 673.2MB
    node-gitlab-tr:  593a7107a1a7 Downloading 674.2MB
    node-gitlab-tr:  593a7107a1a7 Downloading 675.3MB
    node-gitlab-tr:  593a7107a1a7 Downloading 677.4MB
    node-gitlab-tr:  593a7107a1a7 Downloading 678.4MB
    node-gitlab-tr:  593a7107a1a7 Downloading 679.5MB
    node-gitlab-tr:  593a7107a1a7 Downloading 680.5MB
    node-gitlab-tr:  593a7107a1a7 Downloading 681.6MB
    node-gitlab-tr:  593a7107a1a7 Downloading 683.7MB
    node-gitlab-tr:  593a7107a1a7 Downloading 684.7MB
    node-gitlab-tr:  593a7107a1a7 Downloading 685.8MB
    node-gitlab-tr:  593a7107a1a7 Downloading 687.9MB
    node-gitlab-tr:  593a7107a1a7 Downloading 688.9MB
    node-gitlab-tr:  593a7107a1a7 Downloading 690MB
    node-gitlab-tr:  593a7107a1a7 Downloading 692.1MB
    node-gitlab-tr:  593a7107a1a7 Downloading 693.1MB
    node-gitlab-tr:  593a7107a1a7 Downloading 694.2MB
    node-gitlab-tr:  593a7107a1a7 Downloading 695.2MB
    node-gitlab-tr:  593a7107a1a7 Downloading 697.3MB
    node-gitlab-tr:  593a7107a1a7 Downloading 698.4MB
    node-gitlab-tr:  593a7107a1a7 Downloading 699.4MB
    node-gitlab-tr:  593a7107a1a7 Downloading 701.5MB
    node-gitlab-tr:  593a7107a1a7 Downloading 702.5MB
    node-gitlab-tr:  593a7107a1a7 Downloading 703.6MB
    node-gitlab-tr:  593a7107a1a7 Downloading 704.6MB
    node-gitlab-tr:  593a7107a1a7 Downloading 705.7MB
    node-gitlab-tr:  593a7107a1a7 Downloading 707.8MB
    node-gitlab-tr:  593a7107a1a7 Downloading 708.8MB
    node-gitlab-tr:  593a7107a1a7 Downloading 710.9MB
    node-gitlab-tr:  593a7107a1a7 Downloading 712MB
    node-gitlab-tr:  593a7107a1a7 Downloading 713MB
    node-gitlab-tr:  593a7107a1a7 Downloading 714.1MB
    node-gitlab-tr:  593a7107a1a7 Downloading 716.2MB
    node-gitlab-tr:  593a7107a1a7 Downloading 717.2MB
    node-gitlab-tr:  593a7107a1a7 Downloading 718.3MB
    node-gitlab-tr:  593a7107a1a7 Downloading 720.4MB
    node-gitlab-tr:  593a7107a1a7 Downloading 721.4MB
    node-gitlab-tr:  593a7107a1a7 Downloading 722.5MB
    node-gitlab-tr:  593a7107a1a7 Downloading 723.5MB
    node-gitlab-tr:  593a7107a1a7 Downloading 724.6MB
    node-gitlab-tr:  593a7107a1a7 Downloading 726.7MB
    node-gitlab-tr:  593a7107a1a7 Downloading 727.7MB
    node-gitlab-tr:  593a7107a1a7 Downloading 728.8MB
    node-gitlab-tr:  593a7107a1a7 Downloading 730.9MB
    node-gitlab-tr:  593a7107a1a7 Downloading 731.9MB
    node-gitlab-tr:  593a7107a1a7 Downloading 733MB
    node-gitlab-tr:  593a7107a1a7 Downloading 734.4MB
    node-gitlab-tr:  593a7107a1a7 Downloading 736.1MB
    node-gitlab-tr:  593a7107a1a7 Downloading 737.1MB
    node-gitlab-tr:  593a7107a1a7 Downloading 738.2MB
    node-gitlab-tr:  593a7107a1a7 Downloading 739.2MB
    node-gitlab-tr:  593a7107a1a7 Downloading 741.2MB
    node-gitlab-tr:  593a7107a1a7 Downloading 742.4MB
    node-gitlab-tr:  593a7107a1a7 Downloading 743.4MB
    node-gitlab-tr:  593a7107a1a7 Downloading 745.5MB
    node-gitlab-tr:  593a7107a1a7 Downloading 746.6MB
    node-gitlab-tr:  593a7107a1a7 Downloading 747.6MB
    node-gitlab-tr:  593a7107a1a7 Downloading 748.7MB
    node-gitlab-tr:  593a7107a1a7 Downloading 750.8MB
    node-gitlab-tr:  593a7107a1a7 Downloading 751.8MB
    node-gitlab-tr:  593a7107a1a7 Downloading 752.9MB
    node-gitlab-tr:  593a7107a1a7 Downloading 755MB
    node-gitlab-tr:  593a7107a1a7 Downloading 756MB
    node-gitlab-tr:  593a7107a1a7 Downloading 757.1MB
    node-gitlab-tr:  593a7107a1a7 Downloading 758.1MB
    node-gitlab-tr:  593a7107a1a7 Downloading 759.9MB
    node-gitlab-tr:  593a7107a1a7 Downloading 761.3MB
    node-gitlab-tr:  593a7107a1a7 Downloading 762.3MB
    node-gitlab-tr:  593a7107a1a7 Downloading 763.4MB
    node-gitlab-tr:  593a7107a1a7 Downloading 764.4MB
    node-gitlab-tr:  593a7107a1a7 Downloading 766.5MB
    node-gitlab-tr:  593a7107a1a7 Downloading 767.6MB
    node-gitlab-tr:  593a7107a1a7 Downloading 768.6MB
    node-gitlab-tr:  593a7107a1a7 Downloading 769.7MB
    node-gitlab-tr:  593a7107a1a7 Downloading 771.8MB
    node-gitlab-tr:  593a7107a1a7 Downloading 772.8MB
    node-gitlab-tr:  593a7107a1a7 Downloading 773.8MB
    node-gitlab-tr:  593a7107a1a7 Downloading 775.9MB
    node-gitlab-tr:  593a7107a1a7 Downloading 776.8MB
    node-gitlab-tr:  593a7107a1a7 Downloading 778MB
    node-gitlab-tr:  593a7107a1a7 Downloading 779.1MB
    node-gitlab-tr:  593a7107a1a7 Downloading 780.5MB
    node-gitlab-tr:  593a7107a1a7 Downloading 782.2MB
    node-gitlab-tr:  593a7107a1a7 Downloading 783.3MB
    node-gitlab-tr:  593a7107a1a7 Downloading 785.4MB
    node-gitlab-tr:  593a7107a1a7 Downloading 786.4MB
    node-gitlab-tr:  593a7107a1a7 Downloading 787.5MB
    node-gitlab-tr:  593a7107a1a7 Downloading 788.5MB
    node-gitlab-tr:  593a7107a1a7 Downloading 790.6MB
    node-gitlab-tr:  593a7107a1a7 Downloading 791.7MB
    node-gitlab-tr:  593a7107a1a7 Downloading 792.7MB
    node-gitlab-tr:  593a7107a1a7 Downloading 793.8MB
    node-gitlab-tr:  593a7107a1a7 Downloading 795.9MB
    node-gitlab-tr:  593a7107a1a7 Downloading 796.9MB
    node-gitlab-tr:  593a7107a1a7 Downloading 798MB
    node-gitlab-tr:  593a7107a1a7 Downloading 799MB
    node-gitlab-tr:  593a7107a1a7 Downloading 801.1MB
    node-gitlab-tr:  593a7107a1a7 Downloading 802.2MB
    node-gitlab-tr:  593a7107a1a7 Downloading 803.2MB
    node-gitlab-tr:  593a7107a1a7 Downloading 804.3MB
    node-gitlab-tr:  593a7107a1a7 Downloading 805.3MB
    node-gitlab-tr:  593a7107a1a7 Downloading 807.4MB
    node-gitlab-tr:  593a7107a1a7 Downloading 808.5MB
    node-gitlab-tr:  593a7107a1a7 Downloading 810.2MB
    node-gitlab-tr:  593a7107a1a7 Downloading 811.6MB
    node-gitlab-tr:  593a7107a1a7 Downloading 812.6MB
    node-gitlab-tr:  593a7107a1a7 Downloading 813.7MB
    node-gitlab-tr:  593a7107a1a7 Downloading 815.1MB
    node-gitlab-tr:  593a7107a1a7 Downloading 816.8MB
    node-gitlab-tr:  593a7107a1a7 Downloading 817.9MB
    node-gitlab-tr:  593a7107a1a7 Downloading 820MB
    node-gitlab-tr:  593a7107a1a7 Downloading 821MB
    node-gitlab-tr:  593a7107a1a7 Downloading 822.1MB
    node-gitlab-tr:  593a7107a1a7 Downloading 823.1MB
    node-gitlab-tr:  593a7107a1a7 Downloading 825.2MB
    node-gitlab-tr:  593a7107a1a7 Downloading 826.3MB
    node-gitlab-tr:  593a7107a1a7 Downloading 827.3MB
    node-gitlab-tr:  593a7107a1a7 Downloading 828.4MB
    node-gitlab-tr:  593a7107a1a7 Downloading 830.5MB
    node-gitlab-tr:  593a7107a1a7 Downloading 831.5MB
    node-gitlab-tr:  593a7107a1a7 Downloading 832.6MB
    node-gitlab-tr:  593a7107a1a7 Downloading 833.6MB
    node-gitlab-tr:  593a7107a1a7 Downloading 835.7MB
    node-gitlab-tr:  593a7107a1a7 Downloading 836.8MB
    node-gitlab-tr:  593a7107a1a7 Downloading 837.8MB
    node-gitlab-tr:  593a7107a1a7 Downloading 839.9MB
    node-gitlab-tr:  593a7107a1a7 Downloading 841MB
    node-gitlab-tr:  593a7107a1a7 Downloading 842MB
    node-gitlab-tr:  593a7107a1a7 Downloading 843.1MB
    node-gitlab-tr:  593a7107a1a7 Downloading 845.1MB
    node-gitlab-tr:  593a7107a1a7 Downloading 846.2MB
    node-gitlab-tr:  593a7107a1a7 Downloading 847.2MB
    node-gitlab-tr:  593a7107a1a7 Downloading 848.3MB
    node-gitlab-tr:  593a7107a1a7 Downloading 849.3MB
    node-gitlab-tr:  593a7107a1a7 Downloading 850.4MB
    node-gitlab-tr:  593a7107a1a7 Downloading 851.4MB
    node-gitlab-tr:  593a7107a1a7 Downloading 853.5MB
    node-gitlab-tr:  593a7107a1a7 Downloading 854.6MB
    node-gitlab-tr:  593a7107a1a7 Downloading 855.6MB
    node-gitlab-tr:  593a7107a1a7 Downloading 856.7MB
    node-gitlab-tr:  593a7107a1a7 Downloading 857.7MB
    node-gitlab-tr:  593a7107a1a7 Downloading 859.8MB
    node-gitlab-tr:  593a7107a1a7 Downloading 860.9MB
    node-gitlab-tr:  593a7107a1a7 Downloading 861.9MB
    node-gitlab-tr:  593a7107a1a7 Downloading 863MB
    node-gitlab-tr:  593a7107a1a7 Downloading 864MB
    node-gitlab-tr:  593a7107a1a7 Downloading 866.1MB
    node-gitlab-tr:  593a7107a1a7 Downloading 867.2MB
    node-gitlab-tr:  593a7107a1a7 Downloading 868.2MB
    node-gitlab-tr:  593a7107a1a7 Downloading 870.3MB
    node-gitlab-tr:  593a7107a1a7 Downloading 871.4MB
    node-gitlab-tr:  593a7107a1a7 Downloading 872.4MB
    node-gitlab-tr:  593a7107a1a7 Downloading 873.5MB
    node-gitlab-tr:  593a7107a1a7 Downloading 874.5MB
    node-gitlab-tr:  593a7107a1a7 Downloading 876.6MB
    node-gitlab-tr:  593a7107a1a7 Downloading 877.5MB
    node-gitlab-tr:  593a7107a1a7 Downloading 878.7MB
    node-gitlab-tr:  593a7107a1a7 Downloading 880.8MB
    node-gitlab-tr:  593a7107a1a7 Downloading 881.9MB
    node-gitlab-tr:  593a7107a1a7 Downloading 882.9MB
    node-gitlab-tr:  593a7107a1a7 Downloading 885MB
    node-gitlab-tr:  593a7107a1a7 Downloading 886MB
    node-gitlab-tr:  593a7107a1a7 Downloading 887.1MB
    node-gitlab-tr:  593a7107a1a7 Downloading 887.4MB
    node-gitlab-tr:  593a7107a1a7 Downloading 888.1MB
    node-gitlab-tr:  593a7107a1a7 Downloading 890.2MB
    node-gitlab-tr:  593a7107a1a7 Downloading 891.3MB
    node-gitlab-tr:  593a7107a1a7 Downloading 892.3MB
    node-gitlab-tr:  593a7107a1a7 Downloading 894.4MB
    node-gitlab-tr:  593a7107a1a7 Downloading 895.5MB
    node-gitlab-tr:  593a7107a1a7 Downloading 896.5MB
    node-gitlab-tr:  593a7107a1a7 Downloading 897.6MB
    node-gitlab-tr:  593a7107a1a7 Downloading 899.7MB
    node-gitlab-tr:  593a7107a1a7 Downloading 900.7MB
    node-gitlab-tr:  593a7107a1a7 Downloading 901.8MB
    node-gitlab-tr:  593a7107a1a7 Downloading 902.8MB
    node-gitlab-tr:  593a7107a1a7 Downloading 904.9MB
    node-gitlab-tr:  593a7107a1a7 Downloading 906MB
    node-gitlab-tr:  593a7107a1a7 Downloading 907MB
    node-gitlab-tr:  593a7107a1a7 Downloading 909.1MB
    node-gitlab-tr:  593a7107a1a7 Downloading 910.2MB
    node-gitlab-tr:  593a7107a1a7 Downloading 911.2MB
    node-gitlab-tr:  593a7107a1a7 Downloading 912.3MB
    node-gitlab-tr:  593a7107a1a7 Downloading 914.4MB
    node-gitlab-tr:  593a7107a1a7 Downloading 915.4MB
    node-gitlab-tr:  593a7107a1a7 Downloading 916.5MB
    node-gitlab-tr:  593a7107a1a7 Downloading 918.4MB
    node-gitlab-tr:  593a7107a1a7 Downloading 918.7MB
    node-gitlab-tr:  593a7107a1a7 Downloading 920.6MB
    node-gitlab-tr:  593a7107a1a7 Downloading 921.7MB
    node-gitlab-tr:  593a7107a1a7 Downloading 923.8MB
    node-gitlab-tr:  593a7107a1a7 Downloading 924.8MB
    node-gitlab-tr:  593a7107a1a7 Downloading 925.2MB
    node-gitlab-tr:  593a7107a1a7 Downloading 925.9MB
    node-gitlab-tr:  593a7107a1a7 Downloading 926.9MB
    node-gitlab-tr:  593a7107a1a7 Downloading 928MB
    node-gitlab-tr:  593a7107a1a7 Downloading 928MB
    node-gitlab-tr:  593a7107a1a7 Downloading 929MB
    node-gitlab-tr:  593a7107a1a7 Downloading 930.1MB
    node-gitlab-tr:  593a7107a1a7 Downloading 930.5MB
    node-gitlab-tr:  593a7107a1a7 Downloading 931.1MB
    node-gitlab-tr:  593a7107a1a7 Downloading 932.2MB
    node-gitlab-tr:  593a7107a1a7 Downloading 933.2MB
    node-gitlab-tr:  593a7107a1a7 Downloading 934.3MB
    node-gitlab-tr:  593a7107a1a7 Downloading 935.8MB
    node-gitlab-tr:  593a7107a1a7 Downloading 936.4MB
    node-gitlab-tr:  593a7107a1a7 Downloading 937.4MB
    node-gitlab-tr:  593a7107a1a7 Downloading 937.9MB
    node-gitlab-tr:  593a7107a1a7 Downloading 939.5MB
    node-gitlab-tr:  593a7107a1a7 Downloading 940.5MB
    node-gitlab-tr:  593a7107a1a7 Downloading 941.6MB
    node-gitlab-tr:  593a7107a1a7 Downloading 942.7MB
    node-gitlab-tr:  593a7107a1a7 Downloading 943.7MB
    node-gitlab-tr:  593a7107a1a7 Downloading 944.8MB
    node-gitlab-tr:  593a7107a1a7 Downloading 945.8MB
    node-gitlab-tr:  593a7107a1a7 Downloading 946.9MB
    node-gitlab-tr:  593a7107a1a7 Downloading 947.9MB
    node-gitlab-tr:  593a7107a1a7 Downloading 949.9MB
    node-gitlab-tr:  593a7107a1a7 Downloading 951.1MB
    node-gitlab-tr:  593a7107a1a7 Downloading 952.1MB
    node-gitlab-tr:  593a7107a1a7 Downloading 953.2MB
    node-gitlab-tr:  593a7107a1a7 Downloading 955.3MB
    node-gitlab-tr:  593a7107a1a7 Downloading 956.3MB
    node-gitlab-tr:  593a7107a1a7 Downloading 957.3MB
    node-gitlab-tr:  593a7107a1a7 Downloading 959.3MB
    node-gitlab-tr:  593a7107a1a7 Downloading 960.5MB
    node-gitlab-tr:  593a7107a1a7 Downloading 961.5MB
    node-gitlab-tr:  593a7107a1a7 Downloading 963.5MB
    node-gitlab-tr:  593a7107a1a7 Downloading 964.7MB
    node-gitlab-tr:  593a7107a1a7 Downloading 965.7MB
    node-gitlab-tr:  593a7107a1a7 Downloading 966.8MB
    node-gitlab-tr:  593a7107a1a7 Downloading 968.9MB
    node-gitlab-tr:  593a7107a1a7 Downloading 969.9MB
    node-gitlab-tr:  593a7107a1a7 Downloading 971MB
    node-gitlab-tr:  593a7107a1a7 Downloading 973MB
    node-gitlab-tr:  593a7107a1a7 Downloading 974.1MB
    node-gitlab-tr:  593a7107a1a7 Downloading 975.2MB
    node-gitlab-tr:  593a7107a1a7 Downloading 976.6MB
    node-gitlab-tr:  593a7107a1a7 Downloading 978.2MB
    node-gitlab-tr:  593a7107a1a7 Downloading 979.4MB
    node-gitlab-tr:  593a7107a1a7 Downloading 980.4MB
    node-gitlab-tr:  593a7107a1a7 Downloading 981.5MB
    node-gitlab-tr:  593a7107a1a7 Downloading 983MB
    node-gitlab-tr:  593a7107a1a7 Downloading 984.6MB
    node-gitlab-tr:  593a7107a1a7 Downloading 985.7MB
    node-gitlab-tr:  593a7107a1a7 Downloading 986.7MB
    node-gitlab-tr:  593a7107a1a7 Downloading 988.7MB
    node-gitlab-tr:  593a7107a1a7 Downloading 989.9MB
    node-gitlab-tr:  593a7107a1a7 Downloading 990.9MB
    node-gitlab-tr:  593a7107a1a7 Downloading 992MB
    node-gitlab-tr:  593a7107a1a7 Downloading 993MB
    node-gitlab-tr:  593a7107a1a7 Downloading 995.1MB
    node-gitlab-tr:  593a7107a1a7 Downloading 996.1MB
    node-gitlab-tr:  593a7107a1a7 Downloading 997.2MB
    node-gitlab-tr:  593a7107a1a7 Downloading 998.2MB
    node-gitlab-tr:  593a7107a1a7 Downloading 1GB
    node-gitlab-tr:  593a7107a1a7 Downloading 1.001GB
    node-gitlab-tr:  593a7107a1a7 Downloading 1.002GB
    node-gitlab-tr:  593a7107a1a7 Downloading 1.003GB
    node-gitlab-tr:  593a7107a1a7 Downloading 1.006GB
    node-gitlab-tr:  593a7107a1a7 Downloading 1.007GB
    node-gitlab-tr:  593a7107a1a7 Downloading 1.008GB
    node-gitlab-tr:  593a7107a1a7 Downloading 1.01GB
    node-gitlab-tr:  593a7107a1a7 Downloading 1.011GB
    node-gitlab-tr:  593a7107a1a7 Downloading 1.012GB
    node-gitlab-tr:  593a7107a1a7 Downloading 1.014GB
    node-gitlab-tr:  593a7107a1a7 Downloading 1.015GB
    node-gitlab-tr:  593a7107a1a7 Downloading 1.016GB
    node-gitlab-tr:  593a7107a1a7 Downloading 1.017GB
    node-gitlab-tr:  593a7107a1a7 Downloading 1.019GB
    node-gitlab-tr:  593a7107a1a7 Downloading 1.02GB
    node-gitlab-tr:  593a7107a1a7 Downloading 1.021GB
    node-gitlab-tr:  593a7107a1a7 Downloading 1.022GB
    node-gitlab-tr:  593a7107a1a7 Downloading 1.024GB
    node-gitlab-tr:  593a7107a1a7 Downloading 1.026GB
    node-gitlab-tr:  593a7107a1a7 Downloading 1.027GB
    node-gitlab-tr:  593a7107a1a7 Downloading 1.028GB
    node-gitlab-tr:  593a7107a1a7 Downloading 1.03GB
    node-gitlab-tr:  593a7107a1a7 Downloading 1.031GB
    node-gitlab-tr:  593a7107a1a7 Downloading 1.032GB
    node-gitlab-tr:  593a7107a1a7 Downloading 1.033GB
    node-gitlab-tr:  593a7107a1a7 Downloading 1.035GB
    node-gitlab-tr:  593a7107a1a7 Downloading 1.036GB
    node-gitlab-tr:  593a7107a1a7 Downloading 1.037GB
    node-gitlab-tr:  593a7107a1a7 Downloading 1.039GB
    node-gitlab-tr:  593a7107a1a7 Downloading 1.04GB
    node-gitlab-tr:  593a7107a1a7 Downloading 1.041GB
    node-gitlab-tr:  593a7107a1a7 Downloading 1.043GB
    node-gitlab-tr:  593a7107a1a7 Downloading 1.044GB
    node-gitlab-tr:  593a7107a1a7 Downloading 1.045GB
    node-gitlab-tr:  593a7107a1a7 Downloading 1.048GB
    node-gitlab-tr:  593a7107a1a7 Downloading 1.049GB
    node-gitlab-tr:  593a7107a1a7 Downloading 1.05GB
    node-gitlab-tr:  593a7107a1a7 Downloading 1.051GB
    node-gitlab-tr:  593a7107a1a7 Downloading 1.053GB
    node-gitlab-tr:  593a7107a1a7 Downloading 1.054GB
    node-gitlab-tr:  593a7107a1a7 Downloading 1.055GB
    node-gitlab-tr:  593a7107a1a7 Downloading 1.056GB
    node-gitlab-tr:  593a7107a1a7 Downloading 1.057GB
    node-gitlab-tr:  593a7107a1a7 Downloading 1.059GB
    node-gitlab-tr:  593a7107a1a7 Downloading 1.06GB
    node-gitlab-tr:  593a7107a1a7 Downloading 1.061GB
    node-gitlab-tr:  593a7107a1a7 Downloading 1.063GB
    node-gitlab-tr:  593a7107a1a7 Downloading 1.064GB
    node-gitlab-tr:  593a7107a1a7 Downloading 1.065GB
    node-gitlab-tr:  593a7107a1a7 Downloading 1.067GB
    node-gitlab-tr:  593a7107a1a7 Downloading 1.068GB
    node-gitlab-tr:  593a7107a1a7 Downloading 1.07GB
    node-gitlab-tr:  593a7107a1a7 Downloading 1.071GB
    node-gitlab-tr:  593a7107a1a7 Downloading 1.073GB
    node-gitlab-tr:  593a7107a1a7 Downloading 1.074GB
    node-gitlab-tr:  593a7107a1a7 Downloading 1.075GB
    node-gitlab-tr:  593a7107a1a7 Downloading 1.077GB
    node-gitlab-tr:  593a7107a1a7 Downloading 1.078GB
    node-gitlab-tr:  593a7107a1a7 Downloading 1.079GB
    node-gitlab-tr:  593a7107a1a7 Downloading 1.08GB
    node-gitlab-tr:  593a7107a1a7 Downloading 1.081GB
    node-gitlab-tr:  593a7107a1a7 Downloading 1.083GB
    node-gitlab-tr:  593a7107a1a7 Downloading 1.084GB
    node-gitlab-tr:  593a7107a1a7 Downloading 1.086GB
    node-gitlab-tr:  593a7107a1a7 Downloading 1.087GB
    node-gitlab-tr:  593a7107a1a7 Downloading 1.088GB
    node-gitlab-tr:  593a7107a1a7 Downloading 1.09GB
    node-gitlab-tr:  593a7107a1a7 Downloading 1.092GB
    node-gitlab-tr:  593a7107a1a7 Downloading 1.093GB
    node-gitlab-tr:  593a7107a1a7 Downloading 1.094GB
    node-gitlab-tr:  593a7107a1a7 Downloading 1.096GB
    node-gitlab-tr:  593a7107a1a7 Downloading 1.097GB
    node-gitlab-tr:  593a7107a1a7 Downloading 1.098GB
    node-gitlab-tr:  593a7107a1a7 Downloading 1.1GB
    node-gitlab-tr:  593a7107a1a7 Downloading 1.101GB
    node-gitlab-tr:  593a7107a1a7 Downloading 1.102GB
    node-gitlab-tr:  593a7107a1a7 Downloading 1.103GB
    node-gitlab-tr:  593a7107a1a7 Downloading 1.105GB
    node-gitlab-tr:  593a7107a1a7 Downloading 1.106GB
    node-gitlab-tr:  593a7107a1a7 Downloading 1.107GB
    node-gitlab-tr:  593a7107a1a7 Downloading 1.109GB
    node-gitlab-tr:  593a7107a1a7 Downloading 1.11GB
    node-gitlab-tr:  593a7107a1a7 Downloading 1.111GB
    node-gitlab-tr:  593a7107a1a7 Downloading 1.113GB
    node-gitlab-tr:  593a7107a1a7 Downloading 1.115GB
    node-gitlab-tr:  593a7107a1a7 Downloading 1.116GB
    node-gitlab-tr:  593a7107a1a7 Downloading 1.117GB
    node-gitlab-tr:  593a7107a1a7 Downloading 1.118GB
    node-gitlab-tr:  593a7107a1a7 Downloading 1.12GB
    node-gitlab-tr:  593a7107a1a7 Downloading 1.121GB
    node-gitlab-tr:  593a7107a1a7 Downloading 1.122GB
    node-gitlab-tr:  593a7107a1a7 Downloading 1.124GB
    node-gitlab-tr:  593a7107a1a7 Downloading 1.125GB
    node-gitlab-tr:  593a7107a1a7 Downloading 1.126GB
    node-gitlab-tr:  593a7107a1a7 Downloading 1.128GB
    node-gitlab-tr:  593a7107a1a7 Downloading 1.129GB
    node-gitlab-tr:  593a7107a1a7 Downloading 1.13GB
    node-gitlab-tr:  593a7107a1a7 Downloading 1.131GB
    node-gitlab-tr:  593a7107a1a7 Downloading 1.133GB
    node-gitlab-tr:  593a7107a1a7 Downloading 1.135GB
    node-gitlab-tr:  593a7107a1a7 Downloading 1.136GB
    node-gitlab-tr:  593a7107a1a7 Downloading 1.137GB
    node-gitlab-tr:  593a7107a1a7 Downloading 1.139GB
    node-gitlab-tr:  593a7107a1a7 Downloading 1.14GB
    node-gitlab-tr:  593a7107a1a7 Downloading 1.141GB
    node-gitlab-tr:  593a7107a1a7 Downloading 1.143GB
    node-gitlab-tr:  593a7107a1a7 Downloading 1.144GB
    node-gitlab-tr:  593a7107a1a7 Downloading 1.145GB
    node-gitlab-tr:  593a7107a1a7 Downloading 1.146GB
    node-gitlab-tr:  593a7107a1a7 Downloading 1.148GB
    node-gitlab-tr:  593a7107a1a7 Downloading 1.149GB
    node-gitlab-tr:  593a7107a1a7 Downloading 1.15GB
    node-gitlab-tr:  593a7107a1a7 Downloading 1.152GB
    node-gitlab-tr:  593a7107a1a7 Downloading 1.153GB
    node-gitlab-tr:  593a7107a1a7 Downloading 1.154GB
    node-gitlab-tr:  593a7107a1a7 Downloading 1.156GB
    node-gitlab-tr:  593a7107a1a7 Downloading 1.158GB
    node-gitlab-tr:  593a7107a1a7 Downloading 1.159GB
    node-gitlab-tr:  593a7107a1a7 Downloading 1.16GB
    node-gitlab-tr:  593a7107a1a7 Downloading 1.162GB
    node-gitlab-tr:  593a7107a1a7 Downloading 1.163GB
    node-gitlab-tr:  593a7107a1a7 Downloading 1.164GB
    node-gitlab-tr:  593a7107a1a7 Downloading 1.165GB
    node-gitlab-tr:  593a7107a1a7 Downloading 1.167GB
    node-gitlab-tr:  593a7107a1a7 Downloading 1.168GB
    node-gitlab-tr:  593a7107a1a7 Downloading 1.169GB
    node-gitlab-tr:  593a7107a1a7 Downloading 1.17GB
    node-gitlab-tr:  593a7107a1a7 Downloading 1.172GB
    node-gitlab-tr:  593a7107a1a7 Downloading 1.173GB
    node-gitlab-tr:  593a7107a1a7 Downloading 1.175GB
    node-gitlab-tr:  593a7107a1a7 Downloading 1.177GB
    node-gitlab-tr:  593a7107a1a7 Downloading 1.178GB
    node-gitlab-tr:  593a7107a1a7 Downloading 1.179GB
    node-gitlab-tr:  593a7107a1a7 Downloading 1.18GB
    node-gitlab-tr:  593a7107a1a7 Downloading 1.182GB
    node-gitlab-tr:  593a7107a1a7 Downloading 1.183GB
    node-gitlab-tr:  593a7107a1a7 Downloading 1.184GB
    node-gitlab-tr:  593a7107a1a7 Downloading 1.186GB
    node-gitlab-tr:  593a7107a1a7 Downloading 1.187GB
    node-gitlab-tr:  593a7107a1a7 Downloading 1.188GB
    node-gitlab-tr:  593a7107a1a7 Downloading 1.19GB
    node-gitlab-tr:  593a7107a1a7 Downloading 1.191GB
    node-gitlab-tr:  593a7107a1a7 Downloading 1.192GB
    node-gitlab-tr:  593a7107a1a7 Downloading 1.193GB
    node-gitlab-tr:  593a7107a1a7 Downloading 1.195GB
    node-gitlab-tr:  593a7107a1a7 Downloading 1.196GB
    node-gitlab-tr:  593a7107a1a7 Downloading 1.197GB
    node-gitlab-tr:  593a7107a1a7 Downloading 1.199GB
    node-gitlab-tr:  593a7107a1a7 Downloading 1.201GB
    node-gitlab-tr:  593a7107a1a7 Downloading 1.202GB
    node-gitlab-tr:  593a7107a1a7 Downloading 1.203GB
    node-gitlab-tr:  593a7107a1a7 Downloading 1.205GB
    node-gitlab-tr:  593a7107a1a7 Downloading 1.206GB
    node-gitlab-tr:  593a7107a1a7 Downloading 1.207GB
    node-gitlab-tr:  593a7107a1a7 Downloading 1.208GB
    node-gitlab-tr:  593a7107a1a7 Downloading 1.208GB
    node-gitlab-tr:  593a7107a1a7 Downloading 1.208GB
    node-gitlab-tr:  593a7107a1a7 Downloading 1.208GB
    node-gitlab-tr:  593a7107a1a7 Downloading 1.208GB
    node-gitlab-tr:  593a7107a1a7 Downloading 1.208GB
    node-gitlab-tr:  593a7107a1a7 Downloading 1.208GB
    node-gitlab-tr:  593a7107a1a7 Downloading 1.208GB
    node-gitlab-tr:  593a7107a1a7 Downloading 1.208GB
    node-gitlab-tr:  593a7107a1a7 Downloading 1.208GB
    node-gitlab-tr:  593a7107a1a7 Downloading 1.208GB
    node-gitlab-tr:  593a7107a1a7 Downloading 1.208GB
    node-gitlab-tr:  593a7107a1a7 Downloading 1.208GB
    node-gitlab-tr:  593a7107a1a7 Download complete 0B
    node-gitlab-tr:  593a7107a1a7 Extracting 1B
    node-gitlab-tr:  593a7107a1a7 Extracting 1B
    node-gitlab-tr:  593a7107a1a7 Extracting 1B
    node-gitlab-tr:  593a7107a1a7 Extracting 1B
    node-gitlab-tr:  593a7107a1a7 Extracting 1B
    node-gitlab-tr:  593a7107a1a7 Extracting 1B
    node-gitlab-tr:  593a7107a1a7 Extracting 1B
    node-gitlab-tr:  593a7107a1a7 Extracting 1B
    node-gitlab-tr:  593a7107a1a7 Extracting 1B
    node-gitlab-tr:  593a7107a1a7 Extracting 1B
    node-gitlab-tr:  593a7107a1a7 Extracting 2B
    node-gitlab-tr:  593a7107a1a7 Extracting 2B
    node-gitlab-tr:  593a7107a1a7 Extracting 2B
    node-gitlab-tr:  593a7107a1a7 Extracting 2B
    node-gitlab-tr:  593a7107a1a7 Extracting 2B
    node-gitlab-tr:  593a7107a1a7 Extracting 2B
    node-gitlab-tr:  593a7107a1a7 Extracting 2B
    node-gitlab-tr:  593a7107a1a7 Extracting 2B
    node-gitlab-tr:  593a7107a1a7 Extracting 2B
    node-gitlab-tr:  593a7107a1a7 Extracting 2B
    node-gitlab-tr:  593a7107a1a7 Extracting 2B
    node-gitlab-tr:  593a7107a1a7 Extracting 3B
    node-gitlab-tr:  593a7107a1a7 Extracting 3B
    node-gitlab-tr:  593a7107a1a7 Extracting 3B
    node-gitlab-tr:  593a7107a1a7 Extracting 3B
    node-gitlab-tr:  593a7107a1a7 Extracting 3B
    node-gitlab-tr:  593a7107a1a7 Extracting 3B
    node-gitlab-tr:  593a7107a1a7 Extracting 3B
    node-gitlab-tr:  593a7107a1a7 Extracting 3B
    node-gitlab-tr:  593a7107a1a7 Extracting 3B
    node-gitlab-tr:  593a7107a1a7 Extracting 4B
    node-gitlab-tr:  593a7107a1a7 Extracting 4B
    node-gitlab-tr:  593a7107a1a7 Extracting 4B
    node-gitlab-tr:  593a7107a1a7 Extracting 4B
    node-gitlab-tr:  593a7107a1a7 Extracting 4B
    node-gitlab-tr:  593a7107a1a7 Extracting 4B
    node-gitlab-tr:  593a7107a1a7 Extracting 4B
    node-gitlab-tr:  593a7107a1a7 Extracting 4B
    node-gitlab-tr:  593a7107a1a7 Extracting 4B
    node-gitlab-tr:  593a7107a1a7 Extracting 4B
    node-gitlab-tr:  593a7107a1a7 Extracting 4B
    node-gitlab-tr:  593a7107a1a7 Extracting 5B
    node-gitlab-tr:  593a7107a1a7 Extracting 5B
    node-gitlab-tr:  593a7107a1a7 Extracting 5B
    node-gitlab-tr:  593a7107a1a7 Extracting 5B
    node-gitlab-tr:  593a7107a1a7 Extracting 5B
    node-gitlab-tr:  593a7107a1a7 Extracting 5B
    node-gitlab-tr:  593a7107a1a7 Extracting 5B
    node-gitlab-tr:  593a7107a1a7 Extracting 5B
    node-gitlab-tr:  593a7107a1a7 Extracting 5B
    node-gitlab-tr:  593a7107a1a7 Extracting 5B
    node-gitlab-tr:  593a7107a1a7 Extracting 6B
    node-gitlab-tr:  593a7107a1a7 Extracting 6B
    node-gitlab-tr:  593a7107a1a7 Extracting 6B
    node-gitlab-tr:  593a7107a1a7 Extracting 6B
    node-gitlab-tr:  593a7107a1a7 Extracting 6B
    node-gitlab-tr:  593a7107a1a7 Extracting 6B
    node-gitlab-tr:  593a7107a1a7 Extracting 6B
    node-gitlab-tr:  593a7107a1a7 Extracting 6B
    node-gitlab-tr:  593a7107a1a7 Extracting 6B
    node-gitlab-tr:  593a7107a1a7 Extracting 6B
    node-gitlab-tr:  593a7107a1a7 Extracting 7B
    node-gitlab-tr:  593a7107a1a7 Extracting 7B
    node-gitlab-tr:  593a7107a1a7 Extracting 7B
    node-gitlab-tr:  593a7107a1a7 Extracting 7B
    node-gitlab-tr:  593a7107a1a7 Extracting 7B
    node-gitlab-tr:  593a7107a1a7 Extracting 7B
    node-gitlab-tr:  593a7107a1a7 Extracting 7B
    node-gitlab-tr:  593a7107a1a7 Extracting 7B
    node-gitlab-tr:  593a7107a1a7 Extracting 7B
    node-gitlab-tr:  593a7107a1a7 Extracting 7B
    node-gitlab-tr:  593a7107a1a7 Extracting 8B
    node-gitlab-tr:  593a7107a1a7 Extracting 8B
    node-gitlab-tr:  593a7107a1a7 Extracting 8B
    node-gitlab-tr:  593a7107a1a7 Extracting 8B
    node-gitlab-tr:  593a7107a1a7 Extracting 8B
    node-gitlab-tr:  593a7107a1a7 Extracting 8B
    node-gitlab-tr:  593a7107a1a7 Extracting 8B
    node-gitlab-tr:  593a7107a1a7 Extracting 8B
    node-gitlab-tr:  593a7107a1a7 Extracting 8B
    node-gitlab-tr:  593a7107a1a7 Extracting 9B
    node-gitlab-tr:  593a7107a1a7 Extracting 9B
    node-gitlab-tr:  593a7107a1a7 Extracting 9B
    node-gitlab-tr:  593a7107a1a7 Extracting 9B
    node-gitlab-tr:  593a7107a1a7 Extracting 9B
    node-gitlab-tr:  593a7107a1a7 Extracting 9B
    node-gitlab-tr:  593a7107a1a7 Extracting 9B
    node-gitlab-tr:  593a7107a1a7 Extracting 9B
    node-gitlab-tr:  593a7107a1a7 Extracting 9B
    node-gitlab-tr:  593a7107a1a7 Extracting 9B
    node-gitlab-tr:  593a7107a1a7 Extracting 9B
    node-gitlab-tr:  593a7107a1a7 Extracting 10B
    node-gitlab-tr:  593a7107a1a7 Extracting 10B
    node-gitlab-tr:  593a7107a1a7 Extracting 10B
    node-gitlab-tr:  593a7107a1a7 Extracting 10B
    node-gitlab-tr:  593a7107a1a7 Extracting 10B
    node-gitlab-tr:  593a7107a1a7 Extracting 10B
    node-gitlab-tr:  593a7107a1a7 Extracting 10B
    node-gitlab-tr:  593a7107a1a7 Extracting 10B
    node-gitlab-tr:  593a7107a1a7 Extracting 10B
    node-gitlab-tr:  593a7107a1a7 Extracting 10B
    node-gitlab-tr:  593a7107a1a7 Extracting 11B
    node-gitlab-tr:  593a7107a1a7 Extracting 11B
    node-gitlab-tr:  593a7107a1a7 Extracting 11B
    node-gitlab-tr:  593a7107a1a7 Extracting 11B
    node-gitlab-tr:  593a7107a1a7 Extracting 11B
    node-gitlab-tr:  593a7107a1a7 Extracting 11B
    node-gitlab-tr:  593a7107a1a7 Extracting 11B
    node-gitlab-tr:  593a7107a1a7 Extracting 11B
    node-gitlab-tr:  593a7107a1a7 Extracting 11B
    node-gitlab-tr:  593a7107a1a7 Extracting 11B
    node-gitlab-tr:  593a7107a1a7 Extracting 12B
    node-gitlab-tr:  593a7107a1a7 Extracting 12B
    node-gitlab-tr:  593a7107a1a7 Extracting 12B
    node-gitlab-tr:  593a7107a1a7 Extracting 12B
    node-gitlab-tr:  593a7107a1a7 Extracting 12B
    node-gitlab-tr:  593a7107a1a7 Extracting 12B
    node-gitlab-tr:  593a7107a1a7 Extracting 12B
    node-gitlab-tr:  593a7107a1a7 Extracting 12B
    node-gitlab-tr:  593a7107a1a7 Extracting 12B
    node-gitlab-tr:  593a7107a1a7 Extracting 12B
    node-gitlab-tr:  593a7107a1a7 Extracting 13B
    node-gitlab-tr:  593a7107a1a7 Extracting 13B
    node-gitlab-tr:  593a7107a1a7 Extracting 13B
    node-gitlab-tr:  593a7107a1a7 Extracting 13B
    node-gitlab-tr:  593a7107a1a7 Extracting 13B
    node-gitlab-tr:  593a7107a1a7 Extracting 13B
    node-gitlab-tr:  593a7107a1a7 Extracting 13B
    node-gitlab-tr:  593a7107a1a7 Extracting 13B
    node-gitlab-tr:  593a7107a1a7 Extracting 13B
    node-gitlab-tr:  593a7107a1a7 Extracting 14B
    node-gitlab-tr:  593a7107a1a7 Extracting 14B
    node-gitlab-tr:  593a7107a1a7 Extracting 14B
    node-gitlab-tr:  593a7107a1a7 Extracting 14B
    node-gitlab-tr:  593a7107a1a7 Extracting 14B
    node-gitlab-tr:  593a7107a1a7 Extracting 14B
    node-gitlab-tr:  593a7107a1a7 Extracting 14B
    node-gitlab-tr:  593a7107a1a7 Extracting 14B
    node-gitlab-tr:  593a7107a1a7 Extracting 14B
    node-gitlab-tr:  593a7107a1a7 Extracting 14B
    node-gitlab-tr:  593a7107a1a7 Extracting 14B
    node-gitlab-tr:  593a7107a1a7 Extracting 15B
    node-gitlab-tr:  593a7107a1a7 Extracting 15B
    node-gitlab-tr:  593a7107a1a7 Extracting 15B
    node-gitlab-tr:  593a7107a1a7 Extracting 15B
    node-gitlab-tr:  593a7107a1a7 Extracting 15B
    node-gitlab-tr:  593a7107a1a7 Extracting 15B
    node-gitlab-tr:  593a7107a1a7 Extracting 15B
    node-gitlab-tr:  593a7107a1a7 Extracting 15B
    node-gitlab-tr:  593a7107a1a7 Extracting 15B
    node-gitlab-tr:  593a7107a1a7 Extracting 16B
    node-gitlab-tr:  593a7107a1a7 Extracting 16B
    node-gitlab-tr:  593a7107a1a7 Extracting 16B
    node-gitlab-tr:  593a7107a1a7 Extracting 16B
    node-gitlab-tr:  593a7107a1a7 Extracting 16B
    node-gitlab-tr:  593a7107a1a7 Extracting 16B
    node-gitlab-tr:  593a7107a1a7 Extracting 16B
    node-gitlab-tr:  593a7107a1a7 Extracting 16B
    node-gitlab-tr:  593a7107a1a7 Extracting 16B
    node-gitlab-tr:  593a7107a1a7 Extracting 16B
    node-gitlab-tr:  593a7107a1a7 Extracting 16B
    node-gitlab-tr:  593a7107a1a7 Extracting 17B
    node-gitlab-tr:  593a7107a1a7 Extracting 17B
    node-gitlab-tr:  593a7107a1a7 Extracting 17B
    node-gitlab-tr:  593a7107a1a7 Extracting 17B
    node-gitlab-tr:  593a7107a1a7 Extracting 17B
    node-gitlab-tr:  593a7107a1a7 Extracting 17B
    node-gitlab-tr:  593a7107a1a7 Extracting 17B
    node-gitlab-tr:  593a7107a1a7 Extracting 17B
    node-gitlab-tr:  593a7107a1a7 Extracting 17B
    node-gitlab-tr:  593a7107a1a7 Extracting 18B
    node-gitlab-tr:  593a7107a1a7 Extracting 18B
    node-gitlab-tr:  593a7107a1a7 Extracting 18B
    node-gitlab-tr:  593a7107a1a7 Extracting 18B
    node-gitlab-tr:  593a7107a1a7 Extracting 18B
    node-gitlab-tr:  593a7107a1a7 Extracting 18B
    node-gitlab-tr:  593a7107a1a7 Extracting 18B
    node-gitlab-tr:  593a7107a1a7 Extracting 18B
    node-gitlab-tr:  593a7107a1a7 Extracting 18B
    node-gitlab-tr:  593a7107a1a7 Extracting 18B
    node-gitlab-tr:  593a7107a1a7 Extracting 18B
    node-gitlab-tr:  593a7107a1a7 Extracting 19B
    node-gitlab-tr:  593a7107a1a7 Extracting 19B
    node-gitlab-tr:  593a7107a1a7 Extracting 19B
    node-gitlab-tr:  593a7107a1a7 Extracting 19B
    node-gitlab-tr:  593a7107a1a7 Extracting 19B
    node-gitlab-tr:  593a7107a1a7 Extracting 19B
    node-gitlab-tr:  593a7107a1a7 Extracting 19B
    node-gitlab-tr:  593a7107a1a7 Extracting 19B
    node-gitlab-tr:  593a7107a1a7 Extracting 19B
    node-gitlab-tr:  593a7107a1a7 Extracting 20B
    node-gitlab-tr:  593a7107a1a7 Extracting 20B
    node-gitlab-tr:  593a7107a1a7 Extracting 20B
    node-gitlab-tr:  593a7107a1a7 Extracting 20B
    node-gitlab-tr:  593a7107a1a7 Extracting 20B
    node-gitlab-tr:  593a7107a1a7 Extracting 20B
    node-gitlab-tr:  593a7107a1a7 Extracting 20B
    node-gitlab-tr:  593a7107a1a7 Extracting 20B
    node-gitlab-tr:  593a7107a1a7 Extracting 20B
    node-gitlab-tr:  593a7107a1a7 Extracting 20B
    node-gitlab-tr:  593a7107a1a7 Extracting 20B
    node-gitlab-tr:  593a7107a1a7 Extracting 21B
    node-gitlab-tr:  593a7107a1a7 Extracting 21B
    node-gitlab-tr:  593a7107a1a7 Extracting 21B
    node-gitlab-tr:  593a7107a1a7 Extracting 21B
    node-gitlab-tr:  593a7107a1a7 Extracting 21B
    node-gitlab-tr:  593a7107a1a7 Extracting 21B
    node-gitlab-tr:  593a7107a1a7 Extracting 21B
    node-gitlab-tr:  593a7107a1a7 Extracting 21B
    node-gitlab-tr:  593a7107a1a7 Extracting 21B
    node-gitlab-tr:  593a7107a1a7 Extracting 21B
    node-gitlab-tr:  593a7107a1a7 Extracting 22B
    node-gitlab-tr:  593a7107a1a7 Extracting 22B
    node-gitlab-tr:  593a7107a1a7 Extracting 22B
    node-gitlab-tr:  593a7107a1a7 Extracting 22B
    node-gitlab-tr:  593a7107a1a7 Extracting 22B
    node-gitlab-tr:  593a7107a1a7 Extracting 22B
    node-gitlab-tr:  593a7107a1a7 Extracting 22B
    node-gitlab-tr:  593a7107a1a7 Extracting 22B
    node-gitlab-tr:  593a7107a1a7 Extracting 22B
    node-gitlab-tr:  593a7107a1a7 Extracting 22B
    node-gitlab-tr:  593a7107a1a7 Extracting 23B
    node-gitlab-tr:  593a7107a1a7 Extracting 23B
    node-gitlab-tr:  593a7107a1a7 Extracting 23B
    node-gitlab-tr:  593a7107a1a7 Extracting 23B
    node-gitlab-tr:  593a7107a1a7 Extracting 23B
    node-gitlab-tr:  593a7107a1a7 Extracting 23B
    node-gitlab-tr:  593a7107a1a7 Extracting 23B
    node-gitlab-tr:  593a7107a1a7 Extracting 23B
    node-gitlab-tr:  593a7107a1a7 Extracting 23B
    node-gitlab-tr:  593a7107a1a7 Extracting 24B
    node-gitlab-tr:  593a7107a1a7 Extracting 24B
    node-gitlab-tr:  593a7107a1a7 Extracting 24B
    node-gitlab-tr:  593a7107a1a7 Extracting 24B
    node-gitlab-tr:  593a7107a1a7 Extracting 24B
    node-gitlab-tr:  593a7107a1a7 Extracting 24B
    node-gitlab-tr:  593a7107a1a7 Extracting 24B
    node-gitlab-tr:  593a7107a1a7 Extracting 24B
    node-gitlab-tr:  593a7107a1a7 Extracting 24B
    node-gitlab-tr:  593a7107a1a7 Extracting 24B
    node-gitlab-tr:  593a7107a1a7 Extracting 25B
    node-gitlab-tr:  593a7107a1a7 Extracting 25B
    node-gitlab-tr:  593a7107a1a7 Extracting 25B
    node-gitlab-tr:  593a7107a1a7 Extracting 25B
    node-gitlab-tr:  593a7107a1a7 Extracting 25B
    node-gitlab-tr:  593a7107a1a7 Extracting 25B
    node-gitlab-tr:  593a7107a1a7 Extracting 25B
    node-gitlab-tr:  593a7107a1a7 Extracting 25B
    node-gitlab-tr:  593a7107a1a7 Extracting 25B
    node-gitlab-tr:  593a7107a1a7 Extracting 25B
    node-gitlab-tr:  593a7107a1a7 Extracting 25B
    node-gitlab-tr:  593a7107a1a7 Extracting 26B
    node-gitlab-tr:  593a7107a1a7 Extracting 26B
    node-gitlab-tr:  593a7107a1a7 Extracting 26B
    node-gitlab-tr:  593a7107a1a7 Extracting 26B
    node-gitlab-tr:  593a7107a1a7 Extracting 26B
    node-gitlab-tr:  593a7107a1a7 Extracting 26B
    node-gitlab-tr:  593a7107a1a7 Extracting 26B
    node-gitlab-tr:  593a7107a1a7 Extracting 26B
    node-gitlab-tr:  593a7107a1a7 Extracting 26B
    node-gitlab-tr:  593a7107a1a7 Extracting 26B
    node-gitlab-tr:  593a7107a1a7 Extracting 27B
    node-gitlab-tr:  593a7107a1a7 Extracting 27B
    node-gitlab-tr:  593a7107a1a7 Extracting 27B
    node-gitlab-tr:  593a7107a1a7 Extracting 27B
    node-gitlab-tr:  593a7107a1a7 Extracting 27B
    node-gitlab-tr:  593a7107a1a7 Extracting 27B
    node-gitlab-tr:  593a7107a1a7 Extracting 27B
    node-gitlab-tr:  593a7107a1a7 Extracting 27B
    node-gitlab-tr:  593a7107a1a7 Extracting 27B
    node-gitlab-tr:  593a7107a1a7 Extracting 27B
    node-gitlab-tr:  593a7107a1a7 Extracting 28B
    node-gitlab-tr:  593a7107a1a7 Extracting 28B
    node-gitlab-tr:  593a7107a1a7 Extracting 28B
    node-gitlab-tr:  593a7107a1a7 Extracting 28B
    node-gitlab-tr:  593a7107a1a7 Extracting 28B
    node-gitlab-tr:  593a7107a1a7 Extracting 28B
    node-gitlab-tr:  593a7107a1a7 Extracting 28B
    node-gitlab-tr:  593a7107a1a7 Extracting 28B
    node-gitlab-tr:  593a7107a1a7 Extracting 28B
    node-gitlab-tr:  593a7107a1a7 Extracting 29B
    node-gitlab-tr:  593a7107a1a7 Extracting 29B
    node-gitlab-tr:  593a7107a1a7 Extracting 29B
    node-gitlab-tr:  593a7107a1a7 Extracting 29B
    node-gitlab-tr:  593a7107a1a7 Extracting 29B
    node-gitlab-tr:  593a7107a1a7 Extracting 29B
    node-gitlab-tr:  593a7107a1a7 Extracting 29B
    node-gitlab-tr:  593a7107a1a7 Extracting 29B
    node-gitlab-tr:  593a7107a1a7 Extracting 29B
    node-gitlab-tr:  593a7107a1a7 Extracting 29B
    node-gitlab-tr:  593a7107a1a7 Extracting 29B
    node-gitlab-tr:  593a7107a1a7 Extracting 30B
    node-gitlab-tr:  593a7107a1a7 Extracting 30B
    node-gitlab-tr:  593a7107a1a7 Extracting 30B
    node-gitlab-tr:  593a7107a1a7 Extracting 30B
    node-gitlab-tr:  593a7107a1a7 Extracting 30B
    node-gitlab-tr:  593a7107a1a7 Extracting 30B
    node-gitlab-tr:  593a7107a1a7 Extracting 30B
    node-gitlab-tr:  593a7107a1a7 Extracting 30B
    node-gitlab-tr:  593a7107a1a7 Extracting 30B
    node-gitlab-tr:  593a7107a1a7 Extracting 30B
    node-gitlab-tr:  593a7107a1a7 Extracting 31B
    node-gitlab-tr:  593a7107a1a7 Extracting 31B
    node-gitlab-tr:  593a7107a1a7 Extracting 31B
    node-gitlab-tr:  593a7107a1a7 Extracting 31B
    node-gitlab-tr:  593a7107a1a7 Extracting 31B
    node-gitlab-tr:  593a7107a1a7 Extracting 31B
    node-gitlab-tr:  593a7107a1a7 Extracting 31B
    node-gitlab-tr:  593a7107a1a7 Extracting 31B
    node-gitlab-tr:  593a7107a1a7 Extracting 31B
    node-gitlab-tr:  593a7107a1a7 Extracting 31B
    node-gitlab-tr:  593a7107a1a7 Extracting 32B
    node-gitlab-tr:  593a7107a1a7 Extracting 32B
    node-gitlab-tr:  593a7107a1a7 Extracting 32B
    node-gitlab-tr:  593a7107a1a7 Extracting 32B
    node-gitlab-tr:  593a7107a1a7 Extracting 32B
    node-gitlab-tr:  593a7107a1a7 Extracting 32B
    node-gitlab-tr:  593a7107a1a7 Extracting 32B
    node-gitlab-tr:  593a7107a1a7 Extracting 32B
    node-gitlab-tr:  593a7107a1a7 Extracting 32B
    node-gitlab-tr:  593a7107a1a7 Extracting 32B
    node-gitlab-tr:  593a7107a1a7 Extracting 33B
    node-gitlab-tr:  593a7107a1a7 Extracting 33B
    node-gitlab-tr:  593a7107a1a7 Extracting 33B
    node-gitlab-tr:  593a7107a1a7 Extracting 33B
    node-gitlab-tr:  593a7107a1a7 Extracting 33B
    node-gitlab-tr:  593a7107a1a7 Extracting 33B
    node-gitlab-tr:  593a7107a1a7 Extracting 33B
    node-gitlab-tr:  593a7107a1a7 Extracting 33B
    node-gitlab-tr:  593a7107a1a7 Extracting 33B
    node-gitlab-tr:  593a7107a1a7 Extracting 34B
    node-gitlab-tr:  593a7107a1a7 Extracting 34B
    node-gitlab-tr:  593a7107a1a7 Extracting 34B
    node-gitlab-tr:  593a7107a1a7 Extracting 34B
    node-gitlab-tr:  593a7107a1a7 Extracting 34B
    node-gitlab-tr:  593a7107a1a7 Extracting 34B
    node-gitlab-tr:  593a7107a1a7 Extracting 34B
    node-gitlab-tr:  593a7107a1a7 Extracting 34B
    node-gitlab-tr:  593a7107a1a7 Extracting 34B
    node-gitlab-tr:  593a7107a1a7 Extracting 34B
    node-gitlab-tr:  593a7107a1a7 Extracting 35B
    node-gitlab-tr:  593a7107a1a7 Extracting 35B
    node-gitlab-tr:  593a7107a1a7 Extracting 35B
    node-gitlab-tr:  593a7107a1a7 Extracting 35B
    node-gitlab-tr:  593a7107a1a7 Extracting 35B
    node-gitlab-tr:  593a7107a1a7 Extracting 35B
    node-gitlab-tr:  593a7107a1a7 Extracting 35B
    node-gitlab-tr:  593a7107a1a7 Extracting 35B
    node-gitlab-tr:  593a7107a1a7 Extracting 35B
    node-gitlab-tr:  593a7107a1a7 Extracting 35B
    node-gitlab-tr:  593a7107a1a7 Extracting 35B
    node-gitlab-tr:  593a7107a1a7 Extracting 36B
    node-gitlab-tr:  593a7107a1a7 Extracting 36B
    node-gitlab-tr:  593a7107a1a7 Extracting 36B
    node-gitlab-tr:  593a7107a1a7 Extracting 36B
    node-gitlab-tr:  593a7107a1a7 Extracting 36B
    node-gitlab-tr:  593a7107a1a7 Extracting 36B
    node-gitlab-tr:  593a7107a1a7 Extracting 36B
    node-gitlab-tr:  593a7107a1a7 Extracting 36B
    node-gitlab-tr:  593a7107a1a7 Extracting 36B
    node-gitlab-tr:  593a7107a1a7 Extracting 36B
    node-gitlab-tr:  593a7107a1a7 Extracting 37B
    node-gitlab-tr:  593a7107a1a7 Extracting 37B
    node-gitlab-tr:  593a7107a1a7 Extracting 37B
    node-gitlab-tr:  593a7107a1a7 Extracting 37B
    node-gitlab-tr:  593a7107a1a7 Extracting 37B
    node-gitlab-tr:  593a7107a1a7 Extracting 37B
    node-gitlab-tr:  593a7107a1a7 Extracting 37B
    node-gitlab-tr:  593a7107a1a7 Extracting 37B
    node-gitlab-tr:  593a7107a1a7 Extracting 37B
    node-gitlab-tr:  593a7107a1a7 Extracting 37B
    node-gitlab-tr:  593a7107a1a7 Extracting 38B
    node-gitlab-tr:  593a7107a1a7 Extracting 38B
    node-gitlab-tr:  593a7107a1a7 Extracting 38B
    node-gitlab-tr:  593a7107a1a7 Extracting 38B
    node-gitlab-tr:  593a7107a1a7 Extracting 38B
    node-gitlab-tr:  593a7107a1a7 Extracting 38B
    node-gitlab-tr:  593a7107a1a7 Extracting 38B
    node-gitlab-tr:  593a7107a1a7 Extracting 38B
    node-gitlab-tr:  593a7107a1a7 Extracting 38B
    node-gitlab-tr:  593a7107a1a7 Extracting 39B
    node-gitlab-tr:  593a7107a1a7 Extracting 39B
    node-gitlab-tr:  593a7107a1a7 Extracting 39B
    node-gitlab-tr:  593a7107a1a7 Extracting 39B
    node-gitlab-tr:  593a7107a1a7 Extracting 39B
    node-gitlab-tr:  593a7107a1a7 Extracting 39B
    node-gitlab-tr:  593a7107a1a7 Extracting 39B
    node-gitlab-tr:  593a7107a1a7 Extracting 39B
    node-gitlab-tr:  593a7107a1a7 Extracting 39B
    node-gitlab-tr:  593a7107a1a7 Extracting 39B
    node-gitlab-tr:  593a7107a1a7 Extracting 39B
    node-gitlab-tr:  593a7107a1a7 Extracting 40B
    node-gitlab-tr:  593a7107a1a7 Extracting 40B
    node-gitlab-tr:  593a7107a1a7 Extracting 40B
    node-gitlab-tr:  593a7107a1a7 Extracting 40B
    node-gitlab-tr:  593a7107a1a7 Extracting 40B
    node-gitlab-tr:  593a7107a1a7 Extracting 40B
    node-gitlab-tr:  593a7107a1a7 Extracting 40B
    node-gitlab-tr:  593a7107a1a7 Extracting 40B
    node-gitlab-tr:  593a7107a1a7 Extracting 40B
    node-gitlab-tr:  593a7107a1a7 Extracting 40B
    node-gitlab-tr:  593a7107a1a7 Extracting 41B
    node-gitlab-tr:  593a7107a1a7 Extracting 41B
    node-gitlab-tr:  593a7107a1a7 Extracting 41B
    node-gitlab-tr:  593a7107a1a7 Extracting 41B
    node-gitlab-tr:  593a7107a1a7 Extracting 41B
    node-gitlab-tr:  593a7107a1a7 Extracting 41B
    node-gitlab-tr:  593a7107a1a7 Extracting 41B
    node-gitlab-tr:  593a7107a1a7 Extracting 41B
    node-gitlab-tr:  593a7107a1a7 Extracting 41B
    node-gitlab-tr:  593a7107a1a7 Extracting 41B
    node-gitlab-tr:  593a7107a1a7 Extracting 42B
    node-gitlab-tr:  593a7107a1a7 Extracting 42B
    node-gitlab-tr:  593a7107a1a7 Extracting 42B
    node-gitlab-tr:  593a7107a1a7 Extracting 42B
    node-gitlab-tr:  593a7107a1a7 Extracting 42B
    node-gitlab-tr:  593a7107a1a7 Extracting 42B
    node-gitlab-tr:  593a7107a1a7 Extracting 42B
    node-gitlab-tr:  593a7107a1a7 Extracting 42B
    node-gitlab-tr:  593a7107a1a7 Extracting 42B
    node-gitlab-tr:  593a7107a1a7 Extracting 42B
    node-gitlab-tr:  593a7107a1a7 Extracting 43B
    node-gitlab-tr:  593a7107a1a7 Extracting 43B
    node-gitlab-tr:  593a7107a1a7 Extracting 43B
    node-gitlab-tr:  593a7107a1a7 Extracting 43B
    node-gitlab-tr:  593a7107a1a7 Extracting 43B
    node-gitlab-tr:  593a7107a1a7 Extracting 43B
    node-gitlab-tr:  593a7107a1a7 Extracting 43B
    node-gitlab-tr:  593a7107a1a7 Extracting 43B
    node-gitlab-tr:  593a7107a1a7 Extracting 43B
    node-gitlab-tr:  593a7107a1a7 Extracting 43B
    node-gitlab-tr:  593a7107a1a7 Extracting 44B
    node-gitlab-tr:  593a7107a1a7 Extracting 44B
    node-gitlab-tr:  593a7107a1a7 Extracting 44B
    node-gitlab-tr:  593a7107a1a7 Extracting 44B
    node-gitlab-tr:  593a7107a1a7 Extracting 44B
    node-gitlab-tr:  593a7107a1a7 Extracting 44B
    node-gitlab-tr:  593a7107a1a7 Extracting 44B
    node-gitlab-tr:  593a7107a1a7 Extracting 44B
    node-gitlab-tr:  593a7107a1a7 Extracting 44B
    node-gitlab-tr:  593a7107a1a7 Extracting 45B
    node-gitlab-tr:  593a7107a1a7 Extracting 45B
    node-gitlab-tr:  593a7107a1a7 Extracting 45B
    node-gitlab-tr:  593a7107a1a7 Extracting 45B
    node-gitlab-tr:  593a7107a1a7 Extracting 45B
    node-gitlab-tr:  593a7107a1a7 Extracting 45B
    node-gitlab-tr:  593a7107a1a7 Extracting 45B
    node-gitlab-tr:  593a7107a1a7 Extracting 45B
    node-gitlab-tr:  593a7107a1a7 Extracting 45B
    node-gitlab-tr:  593a7107a1a7 Extracting 45B
    node-gitlab-tr:  593a7107a1a7 Extracting 45B
    node-gitlab-tr:  593a7107a1a7 Extracting 46B
    node-gitlab-tr:  593a7107a1a7 Extracting 46B
    node-gitlab-tr:  593a7107a1a7 Extracting 46B
    node-gitlab-tr:  593a7107a1a7 Extracting 46B
    node-gitlab-tr:  593a7107a1a7 Extracting 46B
    node-gitlab-tr:  593a7107a1a7 Extracting 46B
    node-gitlab-tr:  593a7107a1a7 Extracting 46B
    node-gitlab-tr:  593a7107a1a7 Extracting 46B
    node-gitlab-tr:  593a7107a1a7 Extracting 46B
    node-gitlab-tr:  593a7107a1a7 Extracting 47B
    node-gitlab-tr:  593a7107a1a7 Extracting 47B
    node-gitlab-tr:  593a7107a1a7 Extracting 47B
    node-gitlab-tr:  593a7107a1a7 Extracting 47B
    node-gitlab-tr:  593a7107a1a7 Extracting 47B
    node-gitlab-tr:  593a7107a1a7 Extracting 47B
    node-gitlab-tr:  593a7107a1a7 Extracting 47B
    node-gitlab-tr:  593a7107a1a7 Extracting 47B
    node-gitlab-tr:  593a7107a1a7 Extracting 47B
    node-gitlab-tr:  593a7107a1a7 Extracting 47B
    node-gitlab-tr:  593a7107a1a7 Extracting 47B
    node-gitlab-tr:  593a7107a1a7 Extracting 48B
    node-gitlab-tr:  593a7107a1a7 Extracting 48B
    node-gitlab-tr:  593a7107a1a7 Extracting 48B
    node-gitlab-tr:  593a7107a1a7 Extracting 48B
    node-gitlab-tr:  593a7107a1a7 Extracting 48B
    node-gitlab-tr:  593a7107a1a7 Extracting 48B
    node-gitlab-tr:  593a7107a1a7 Extracting 48B
    node-gitlab-tr:  593a7107a1a7 Extracting 48B
    node-gitlab-tr:  593a7107a1a7 Extracting 48B
    node-gitlab-tr:  593a7107a1a7 Extracting 49B
    node-gitlab-tr:  593a7107a1a7 Extracting 49B
    node-gitlab-tr:  593a7107a1a7 Extracting 49B
    node-gitlab-tr:  593a7107a1a7 Extracting 49B
    node-gitlab-tr:  593a7107a1a7 Extracting 49B
    node-gitlab-tr:  593a7107a1a7 Extracting 49B
    node-gitlab-tr:  593a7107a1a7 Extracting 49B
    node-gitlab-tr:  593a7107a1a7 Extracting 49B
    node-gitlab-tr:  593a7107a1a7 Extracting 49B
    node-gitlab-tr:  593a7107a1a7 Extracting 49B
    node-gitlab-tr:  593a7107a1a7 Extracting 50B
    node-gitlab-tr:  593a7107a1a7 Extracting 50B
    node-gitlab-tr:  593a7107a1a7 Extracting 50B
    node-gitlab-tr:  593a7107a1a7 Extracting 50B
    node-gitlab-tr:  593a7107a1a7 Extracting 50B
    node-gitlab-tr:  593a7107a1a7 Extracting 50B
    node-gitlab-tr:  593a7107a1a7 Extracting 50B
    node-gitlab-tr:  593a7107a1a7 Extracting 50B
    node-gitlab-tr:  593a7107a1a7 Extracting 50B
    node-gitlab-tr:  593a7107a1a7 Extracting 50B
    node-gitlab-tr:  593a7107a1a7 Extracting 50B
    node-gitlab-tr:  593a7107a1a7 Extracting 51B
    node-gitlab-tr:  593a7107a1a7 Extracting 51B
    node-gitlab-tr:  593a7107a1a7 Extracting 51B
    node-gitlab-tr:  593a7107a1a7 Extracting 51B
    node-gitlab-tr:  593a7107a1a7 Extracting 51B
    node-gitlab-tr:  593a7107a1a7 Extracting 51B
    node-gitlab-tr:  593a7107a1a7 Extracting 51B
    node-gitlab-tr:  593a7107a1a7 Extracting 51B
    node-gitlab-tr:  593a7107a1a7 Extracting 51B
    node-gitlab-tr:  593a7107a1a7 Extracting 51B
    node-gitlab-tr:  593a7107a1a7 Extracting 52B
    node-gitlab-tr:  593a7107a1a7 Extracting 52B
    node-gitlab-tr:  593a7107a1a7 Extracting 52B
    node-gitlab-tr:  593a7107a1a7 Extracting 52B
    node-gitlab-tr:  593a7107a1a7 Extracting 52B
    node-gitlab-tr:  593a7107a1a7 Extracting 52B
    node-gitlab-tr:  593a7107a1a7 Extracting 52B
    node-gitlab-tr:  593a7107a1a7 Extracting 52B
    node-gitlab-tr:  593a7107a1a7 Extracting 52B
    node-gitlab-tr:  593a7107a1a7 Extracting 52B
    node-gitlab-tr:  593a7107a1a7 Extracting 53B
    node-gitlab-tr:  593a7107a1a7 Extracting 53B
    node-gitlab-tr:  593a7107a1a7 Extracting 53B
    node-gitlab-tr:  593a7107a1a7 Extracting 53B
    node-gitlab-tr:  593a7107a1a7 Extracting 53B
    node-gitlab-tr:  593a7107a1a7 Extracting 53B
    node-gitlab-tr:  593a7107a1a7 Extracting 53B
    node-gitlab-tr:  593a7107a1a7 Extracting 53B
    node-gitlab-tr:  593a7107a1a7 Extracting 53B
    node-gitlab-tr:  593a7107a1a7 Extracting 54B
    node-gitlab-tr:  593a7107a1a7 Extracting 54B
    node-gitlab-tr:  593a7107a1a7 Extracting 54B
    node-gitlab-tr:  593a7107a1a7 Extracting 54B
    node-gitlab-tr:  593a7107a1a7 Extracting 54B
    node-gitlab-tr:  593a7107a1a7 Extracting 54B
    node-gitlab-tr:  593a7107a1a7 Extracting 54B
    node-gitlab-tr:  593a7107a1a7 Extracting 54B
    node-gitlab-tr:  593a7107a1a7 Extracting 54B
    node-gitlab-tr:  593a7107a1a7 Extracting 54B
    node-gitlab-tr:  593a7107a1a7 Extracting 54B
    node-gitlab-tr:  593a7107a1a7 Extracting 55B
    node-gitlab-tr:  593a7107a1a7 Extracting 55B
    node-gitlab-tr:  593a7107a1a7 Extracting 55B
    node-gitlab-tr:  593a7107a1a7 Extracting 55B
    node-gitlab-tr:  593a7107a1a7 Extracting 55B
    node-gitlab-tr:  593a7107a1a7 Extracting 55B
    node-gitlab-tr:  593a7107a1a7 Extracting 55B
    node-gitlab-tr:  593a7107a1a7 Extracting 55B
    node-gitlab-tr:  593a7107a1a7 Extracting 55B
    node-gitlab-tr:  593a7107a1a7 Extracting 56B
    node-gitlab-tr:  593a7107a1a7 Extracting 56B
    node-gitlab-tr:  593a7107a1a7 Extracting 56B
    node-gitlab-tr:  593a7107a1a7 Extracting 56B
    node-gitlab-tr:  593a7107a1a7 Extracting 56B
    node-gitlab-tr:  593a7107a1a7 Extracting 56B
    node-gitlab-tr:  593a7107a1a7 Extracting 56B
    node-gitlab-tr:  593a7107a1a7 Extracting 56B
    node-gitlab-tr:  593a7107a1a7 Extracting 56B
    node-gitlab-tr:  593a7107a1a7 Extracting 56B
    node-gitlab-tr:  593a7107a1a7 Extracting 56B
    node-gitlab-tr:  593a7107a1a7 Extracting 57B
    node-gitlab-tr:  593a7107a1a7 Extracting 57B
    node-gitlab-tr:  593a7107a1a7 Extracting 57B
    node-gitlab-tr:  593a7107a1a7 Extracting 57B
    node-gitlab-tr:  593a7107a1a7 Extracting 57B
    node-gitlab-tr:  593a7107a1a7 Extracting 57B
    node-gitlab-tr:  593a7107a1a7 Extracting 57B
    node-gitlab-tr:  593a7107a1a7 Extracting 57B
    node-gitlab-tr:  593a7107a1a7 Extracting 57B
    node-gitlab-tr:  593a7107a1a7 Extracting 57B
    node-gitlab-tr:  593a7107a1a7 Extracting 58B
    node-gitlab-tr:  593a7107a1a7 Extracting 58B
    node-gitlab-tr:  593a7107a1a7 Extracting 58B
    node-gitlab-tr:  593a7107a1a7 Extracting 58B
    node-gitlab-tr:  593a7107a1a7 Extracting 58B
    node-gitlab-tr:  593a7107a1a7 Extracting 58B
    node-gitlab-tr:  593a7107a1a7 Extracting 58B
    node-gitlab-tr:  593a7107a1a7 Extracting 58B
    node-gitlab-tr:  593a7107a1a7 Extracting 58B
    node-gitlab-tr:  593a7107a1a7 Extracting 59B
    node-gitlab-tr:  593a7107a1a7 Extracting 59B
    node-gitlab-tr:  593a7107a1a7 Extracting 59B
    node-gitlab-tr:  593a7107a1a7 Extracting 59B
    node-gitlab-tr:  593a7107a1a7 Extracting 59B
    node-gitlab-tr:  593a7107a1a7 Extracting 59B
    node-gitlab-tr:  593a7107a1a7 Extracting 59B
    node-gitlab-tr:  593a7107a1a7 Extracting 59B
    node-gitlab-tr:  593a7107a1a7 Extracting 59B
    node-gitlab-tr:  593a7107a1a7 Extracting 59B
    node-gitlab-tr:  593a7107a1a7 Extracting 59B
    node-gitlab-tr:  593a7107a1a7 Extracting 60B
    node-gitlab-tr:  593a7107a1a7 Extracting 60B
    node-gitlab-tr:  593a7107a1a7 Extracting 60B
    node-gitlab-tr:  593a7107a1a7 Extracting 60B
    node-gitlab-tr:  593a7107a1a7 Extracting 60B
    node-gitlab-tr:  593a7107a1a7 Extracting 60B
    node-gitlab-tr:  593a7107a1a7 Extracting 60B
    node-gitlab-tr:  593a7107a1a7 Extracting 60B
    node-gitlab-tr:  593a7107a1a7 Extracting 60B
    node-gitlab-tr:  593a7107a1a7 Extracting 60B
    node-gitlab-tr:  593a7107a1a7 Extracting 61B
    node-gitlab-tr:  593a7107a1a7 Extracting 61B
    node-gitlab-tr:  593a7107a1a7 Extracting 61B
    node-gitlab-tr:  593a7107a1a7 Extracting 61B
    node-gitlab-tr:  593a7107a1a7 Extracting 61B
    node-gitlab-tr:  593a7107a1a7 Extracting 61B
    node-gitlab-tr:  593a7107a1a7 Extracting 61B
    node-gitlab-tr:  593a7107a1a7 Extracting 61B
    node-gitlab-tr:  593a7107a1a7 Extracting 61B
    node-gitlab-tr:  593a7107a1a7 Extracting 61B
    node-gitlab-tr:  593a7107a1a7 Extracting 62B
    node-gitlab-tr:  593a7107a1a7 Extracting 62B
    node-gitlab-tr:  593a7107a1a7 Extracting 62B
    node-gitlab-tr:  593a7107a1a7 Extracting 62B
    node-gitlab-tr:  593a7107a1a7 Extracting 62B
    node-gitlab-tr:  593a7107a1a7 Extracting 62B
    node-gitlab-tr:  593a7107a1a7 Extracting 62B
    node-gitlab-tr:  593a7107a1a7 Extracting 62B
    node-gitlab-tr:  593a7107a1a7 Extracting 62B
    node-gitlab-tr:  593a7107a1a7 Extracting 62B
    node-gitlab-tr:  593a7107a1a7 Extracting 63B
    node-gitlab-tr:  593a7107a1a7 Extracting 63B
    node-gitlab-tr:  593a7107a1a7 Extracting 63B
    node-gitlab-tr:  593a7107a1a7 Extracting 63B
    node-gitlab-tr:  593a7107a1a7 Extracting 63B
    node-gitlab-tr:  593a7107a1a7 Extracting 63B
    node-gitlab-tr:  593a7107a1a7 Extracting 63B
    node-gitlab-tr:  593a7107a1a7 Extracting 63B
    node-gitlab-tr:  593a7107a1a7 Extracting 63B
    node-gitlab-tr:  593a7107a1a7 Extracting 63B
    node-gitlab-tr:  593a7107a1a7 Extracting 64B
    node-gitlab-tr:  593a7107a1a7 Extracting 64B
    node-gitlab-tr:  593a7107a1a7 Extracting 64B
    node-gitlab-tr:  593a7107a1a7 Extracting 64B
    node-gitlab-tr:  593a7107a1a7 Extracting 64B
    node-gitlab-tr:  593a7107a1a7 Extracting 64B
    node-gitlab-tr:  593a7107a1a7 Extracting 64B
    node-gitlab-tr:  593a7107a1a7 Extracting 64B
    node-gitlab-tr:  593a7107a1a7 Extracting 64B
    node-gitlab-tr:  593a7107a1a7 Extracting 64B
    node-gitlab-tr:  593a7107a1a7 Extracting 65B
    node-gitlab-tr:  593a7107a1a7 Extracting 65B
    node-gitlab-tr:  593a7107a1a7 Extracting 65B
    node-gitlab-tr:  593a7107a1a7 Extracting 65B
    node-gitlab-tr:  593a7107a1a7 Extracting 65B
    node-gitlab-tr:  593a7107a1a7 Extracting 65B
    node-gitlab-tr:  593a7107a1a7 Extracting 65B
    node-gitlab-tr:  593a7107a1a7 Extracting 65B
    node-gitlab-tr:  593a7107a1a7 Extracting 65B
    node-gitlab-tr:  593a7107a1a7 Extracting 65B
    node-gitlab-tr:  593a7107a1a7 Extracting 66B
    node-gitlab-tr:  593a7107a1a7 Extracting 66B
    node-gitlab-tr:  593a7107a1a7 Extracting 66B
    node-gitlab-tr:  593a7107a1a7 Extracting 66B
    node-gitlab-tr:  593a7107a1a7 Extracting 66B
    node-gitlab-tr:  593a7107a1a7 Extracting 66B
    node-gitlab-tr:  593a7107a1a7 Extracting 66B
    node-gitlab-tr:  593a7107a1a7 Extracting 66B
    node-gitlab-tr:  593a7107a1a7 Extracting 66B
    node-gitlab-tr:  593a7107a1a7 Extracting 66B
    node-gitlab-tr:  593a7107a1a7 Extracting 67B
    node-gitlab-tr:  593a7107a1a7 Extracting 67B
    node-gitlab-tr:  593a7107a1a7 Extracting 67B
    node-gitlab-tr:  593a7107a1a7 Extracting 67B
    node-gitlab-tr:  593a7107a1a7 Extracting 67B
    node-gitlab-tr:  593a7107a1a7 Extracting 67B
    node-gitlab-tr:  593a7107a1a7 Extracting 67B
    node-gitlab-tr:  593a7107a1a7 Extracting 67B
    node-gitlab-tr:  593a7107a1a7 Extracting 67B
    node-gitlab-tr:  593a7107a1a7 Extracting 67B
    node-gitlab-tr:  593a7107a1a7 Extracting 68B
    node-gitlab-tr:  593a7107a1a7 Extracting 68B
    node-gitlab-tr:  593a7107a1a7 Extracting 68B
    node-gitlab-tr:  593a7107a1a7 Extracting 68B
    node-gitlab-tr:  593a7107a1a7 Extracting 68B
    node-gitlab-tr:  593a7107a1a7 Extracting 68B
    node-gitlab-tr:  593a7107a1a7 Extracting 68B
    node-gitlab-tr:  593a7107a1a7 Extracting 68B
    node-gitlab-tr:  593a7107a1a7 Extracting 68B
    node-gitlab-tr:  593a7107a1a7 Extracting 68B
    node-gitlab-tr:  593a7107a1a7 Extracting 69B
    node-gitlab-tr:  593a7107a1a7 Extracting 69B
    node-gitlab-tr:  593a7107a1a7 Extracting 69B
    node-gitlab-tr:  593a7107a1a7 Extracting 69B
    node-gitlab-tr:  593a7107a1a7 Extracting 69B
    node-gitlab-tr:  593a7107a1a7 Extracting 69B
    node-gitlab-tr:  593a7107a1a7 Extracting 69B
    node-gitlab-tr:  593a7107a1a7 Extracting 69B
    node-gitlab-tr:  593a7107a1a7 Extracting 69B
    node-gitlab-tr:  593a7107a1a7 Extracting 69B
    node-gitlab-tr:  593a7107a1a7 Extracting 70B
    node-gitlab-tr:  593a7107a1a7 Extracting 70B
    node-gitlab-tr:  593a7107a1a7 Extracting 70B
    node-gitlab-tr:  593a7107a1a7 Extracting 70B
    node-gitlab-tr:  593a7107a1a7 Extracting 70B
    node-gitlab-tr:  593a7107a1a7 Extracting 70B
    node-gitlab-tr:  593a7107a1a7 Extracting 70B
    node-gitlab-tr:  593a7107a1a7 Extracting 70B
    node-gitlab-tr:  593a7107a1a7 Extracting 70B
    node-gitlab-tr:  593a7107a1a7 Extracting 70B
    node-gitlab-tr:  593a7107a1a7 Extracting 71B
    node-gitlab-tr:  593a7107a1a7 Extracting 71B
    node-gitlab-tr:  593a7107a1a7 Extracting 71B
    node-gitlab-tr:  593a7107a1a7 Extracting 71B
    node-gitlab-tr:  593a7107a1a7 Extracting 71B
    node-gitlab-tr:  593a7107a1a7 Extracting 71B
    node-gitlab-tr:  593a7107a1a7 Extracting 71B
    node-gitlab-tr:  593a7107a1a7 Extracting 71B
    node-gitlab-tr:  593a7107a1a7 Extracting 71B
    node-gitlab-tr:  593a7107a1a7 Extracting 71B
    node-gitlab-tr:  593a7107a1a7 Extracting 72B
    node-gitlab-tr:  593a7107a1a7 Extracting 72B
    node-gitlab-tr:  593a7107a1a7 Extracting 72B
    node-gitlab-tr:  593a7107a1a7 Extracting 72B
    node-gitlab-tr:  593a7107a1a7 Extracting 72B
    node-gitlab-tr:  593a7107a1a7 Extracting 72B
    node-gitlab-tr:  593a7107a1a7 Extracting 72B
    node-gitlab-tr:  593a7107a1a7 Extracting 72B
    node-gitlab-tr:  593a7107a1a7 Extracting 72B
    node-gitlab-tr:  593a7107a1a7 Extracting 73B
    node-gitlab-tr:  593a7107a1a7 Extracting 73B
    node-gitlab-tr:  593a7107a1a7 Extracting 73B
    node-gitlab-tr:  593a7107a1a7 Extracting 73B
    node-gitlab-tr:  593a7107a1a7 Extracting 73B
    node-gitlab-tr:  593a7107a1a7 Extracting 73B
    node-gitlab-tr:  593a7107a1a7 Extracting 73B
    node-gitlab-tr:  593a7107a1a7 Extracting 73B
    node-gitlab-tr:  593a7107a1a7 Extracting 73B
    node-gitlab-tr:  593a7107a1a7 Extracting 73B
    node-gitlab-tr:  593a7107a1a7 Extracting 74B
    node-gitlab-tr:  593a7107a1a7 Extracting 74B
    node-gitlab-tr:  593a7107a1a7 Extracting 74B
    node-gitlab-tr:  593a7107a1a7 Extracting 74B
    node-gitlab-tr:  593a7107a1a7 Extracting 74B
    node-gitlab-tr:  593a7107a1a7 Extracting 74B
    node-gitlab-tr:  593a7107a1a7 Extracting 74B
    node-gitlab-tr:  593a7107a1a7 Extracting 74B
    node-gitlab-tr:  593a7107a1a7 Extracting 74B
    node-gitlab-tr:  593a7107a1a7 Extracting 74B
    node-gitlab-tr:  593a7107a1a7 Extracting 75B
    node-gitlab-tr:  593a7107a1a7 Extracting 75B
    node-gitlab-tr:  593a7107a1a7 Extracting 75B
    node-gitlab-tr:  593a7107a1a7 Extracting 75B
    node-gitlab-tr:  593a7107a1a7 Extracting 75B
    node-gitlab-tr:  593a7107a1a7 Extracting 75B
    node-gitlab-tr:  593a7107a1a7 Extracting 75B
    node-gitlab-tr:  593a7107a1a7 Extracting 75B
    node-gitlab-tr:  593a7107a1a7 Extracting 75B
    node-gitlab-tr:  593a7107a1a7 Extracting 75B
    node-gitlab-tr:  593a7107a1a7 Extracting 76B
    node-gitlab-tr:  593a7107a1a7 Extracting 76B
    node-gitlab-tr:  593a7107a1a7 Extracting 76B
    node-gitlab-tr:  593a7107a1a7 Extracting 76B
    node-gitlab-tr:  593a7107a1a7 Extracting 76B
    node-gitlab-tr:  593a7107a1a7 Extracting 76B
    node-gitlab-tr:  593a7107a1a7 Extracting 76B
    node-gitlab-tr:  593a7107a1a7 Extracting 76B
    node-gitlab-tr:  593a7107a1a7 Extracting 76B
    node-gitlab-tr:  593a7107a1a7 Extracting 76B
    node-gitlab-tr:  593a7107a1a7 Extracting 77B
    node-gitlab-tr:  593a7107a1a7 Extracting 77B
    node-gitlab-tr:  593a7107a1a7 Extracting 77B
    node-gitlab-tr:  593a7107a1a7 Extracting 77B
    node-gitlab-tr:  593a7107a1a7 Extracting 77B
    node-gitlab-tr:  593a7107a1a7 Pull complete 0B
    node-gitlab-tr:  Image gitlab/gitlab-ce:16.11.10-ce.0 Pulled
    node-gitlab-tr:  Network gitlab_default Creating
    node-gitlab-tr:  Network gitlab_default Created
    node-gitlab-tr:  Container gitlab Creating
    node-gitlab-tr:  Container gitlab Created
    node-gitlab-tr:  Container gitlab Starting
    node-gitlab-tr:  Container gitlab Started
    node-gitlab-tr: [node-gitlab] waiting for GitLab health...
    node-gitlab-tr: ......................................[node-gitlab] GitLab is up! (39*10s)
    node-gitlab-tr: 
    node-gitlab-tr: [node-gitlab] provisioning done: scenario=ok, https=true
==> node-redmine-tr: Importing base box 'ubuntu/jammy64'...

[K==> node-redmine-tr: Matching MAC address for NAT networking...
==> node-redmine-tr: Setting the name of the VM: node-redmine-tr
==> node-redmine-tr: Fixed port collision for 22 => 2222. Now on port 2200.
==> node-redmine-tr: Clearing any previously set network interfaces...
==> node-redmine-tr: Preparing network interfaces based on configuration...
    node-redmine-tr: Adapter 1: nat
    node-redmine-tr: Adapter 2: hostonly
==> node-redmine-tr: Forwarding ports...
    node-redmine-tr: 22 (guest) => 2200 (host) (adapter 1)
==> node-redmine-tr: Running 'pre-boot' VM customizations...
==> node-redmine-tr: Booting VM...
==> node-redmine-tr: Waiting for machine to boot. This may take a few minutes...
    node-redmine-tr: SSH address: 127.0.0.1:2200
    node-redmine-tr: SSH username: vagrant
    node-redmine-tr: SSH auth method: private key
    node-redmine-tr: Warning: Connection reset. Retrying...
    node-redmine-tr: 
    node-redmine-tr: Vagrant insecure key detected. Vagrant will automatically replace
    node-redmine-tr: this with a newly generated keypair for better security.
    node-redmine-tr: 
    node-redmine-tr: Inserting generated public key within guest...
    node-redmine-tr: Removing insecure key from the guest if it's present...
    node-redmine-tr: Key inserted! Disconnecting and reconnecting using new SSH key...
==> node-redmine-tr: Machine booted and ready!
==> node-redmine-tr: Checking for guest additions in VM...
    node-redmine-tr: The guest additions on this VM do not match the installed version of
    node-redmine-tr: VirtualBox! In most cases this is fine, but in rare cases it can
    node-redmine-tr: prevent things such as shared folders from working properly. If you see
    node-redmine-tr: shared folder errors, please make sure the guest additions within the
    node-redmine-tr: virtual machine match the version of VirtualBox you have installed on
    node-redmine-tr: your host and reload your VM.
    node-redmine-tr: 
    node-redmine-tr: Guest Additions Version: 6.0.0 r127566
    node-redmine-tr: VirtualBox Version: 7.2
==> node-redmine-tr: Setting hostname...
==> node-redmine-tr: Configuring and enabling network interfaces...
==> node-redmine-tr: Running provisioner: shell...
    node-redmine-tr: Running: C:/Users/176D~1/AppData/Local/Temp/vagrant-shell20260429-9496-zx448w.sh
    node-redmine-tr: [node-redmine] scenario=ok
    node-redmine-tr: Reading package lists...
    node-redmine-tr: Building dependency tree...
    node-redmine-tr: Reading state information...
    node-redmine-tr: lsb-release is already the newest version (11.1.0ubuntu4).
    node-redmine-tr: lsb-release set to manually installed.
    node-redmine-tr: ca-certificates is already the newest version (20240203~22.04.1).
    node-redmine-tr: ca-certificates set to manually installed.
    node-redmine-tr: ufw is already the newest version (0.36.1-4ubuntu0.1).
    node-redmine-tr: ufw set to manually installed.
    node-redmine-tr: The following additional packages will be installed:
    node-redmine-tr:   dirmngr gnupg-l10n gnupg-utils gpg gpg-agent gpg-wks-client gpg-wks-server
    node-redmine-tr:   gpgconf gpgsm gpgv libcurl4
    node-redmine-tr: Suggested packages:
    node-redmine-tr:   pinentry-gnome3 tor parcimonie xloadimage scdaemon
    node-redmine-tr: The following packages will be upgraded:
    node-redmine-tr:   curl dirmngr gnupg gnupg-l10n gnupg-utils gpg gpg-agent gpg-wks-client
    node-redmine-tr:   gpg-wks-server gpgconf gpgsm gpgv libcurl4
    node-redmine-tr: 13 upgraded, 0 newly installed, 0 to remove and 134 not upgraded.
    node-redmine-tr: Need to get 2732 kB of archives.
    node-redmine-tr: After this operation, 0 B of additional disk space will be used.
    node-redmine-tr: Get:1 http://archive.ubuntu.com/ubuntu jammy-updates/main amd64 gpg-wks-client amd64 2.2.27-3ubuntu2.5 [62.7 kB]
    node-redmine-tr: Get:2 http://archive.ubuntu.com/ubuntu jammy-updates/main amd64 dirmngr amd64 2.2.27-3ubuntu2.5 [293 kB]
    node-redmine-tr: Get:3 http://archive.ubuntu.com/ubuntu jammy-updates/main amd64 gpg-wks-server amd64 2.2.27-3ubuntu2.5 [57.6 kB]
    node-redmine-tr: Get:4 http://archive.ubuntu.com/ubuntu jammy-updates/main amd64 gnupg-utils amd64 2.2.27-3ubuntu2.5 [309 kB]
    node-redmine-tr: Get:5 http://archive.ubuntu.com/ubuntu jammy-updates/main amd64 gpg-agent amd64 2.2.27-3ubuntu2.5 [209 kB]
    node-redmine-tr: Get:6 http://archive.ubuntu.com/ubuntu jammy-updates/main amd64 gpg amd64 2.2.27-3ubuntu2.5 [519 kB]
    node-redmine-tr: Get:7 http://archive.ubuntu.com/ubuntu jammy-updates/main amd64 gpgconf amd64 2.2.27-3ubuntu2.5 [94.3 kB]
    node-redmine-tr: Get:8 http://archive.ubuntu.com/ubuntu jammy-updates/main amd64 gnupg-l10n all 2.2.27-3ubuntu2.5 [54.5 kB]
    node-redmine-tr: Get:9 http://archive.ubuntu.com/ubuntu jammy-updates/main amd64 gnupg all 2.2.27-3ubuntu2.5 [315 kB]
    node-redmine-tr: Get:10 http://archive.ubuntu.com/ubuntu jammy-updates/main amd64 gpgsm amd64 2.2.27-3ubuntu2.5 [197 kB]
    node-redmine-tr: Get:11 http://archive.ubuntu.com/ubuntu jammy-updates/main amd64 gpgv amd64 2.2.27-3ubuntu2.5 [137 kB]
    node-redmine-tr: Get:12 http://archive.ubuntu.com/ubuntu jammy-updates/main amd64 curl amd64 7.81.0-1ubuntu1.23 [194 kB]
    node-redmine-tr: Get:13 http://archive.ubuntu.com/ubuntu jammy-updates/main amd64 libcurl4 amd64 7.81.0-1ubuntu1.23 [290 kB]
    node-redmine-tr: Fetched 2732 kB in 1s (3722 kB/s)
    node-redmine-tr: (Reading database ... 
(Reading database ... 5%
(Reading database ... 10%
(Reading database ... 15%
(Reading database ... 20%
(Reading database ... 25%
(Reading database ... 30%
(Reading database ... 35%
(Reading database ... 40%
(Reading database ... 45%
(Reading database ... 50%
(Reading database ... 55%
(Reading database ... 60%
(Reading database ... 65%
(Reading database ... 70%
(Reading database ... 75%
(Reading database ... 80%
(Reading database ... 85%
(Reading database ... 90%
(Reading database ... 95%
(Reading database ... 100%
(Reading database ... 64257 files and directories currently installed.)
    node-redmine-tr: Preparing to unpack .../00-gpg-wks-client_2.2.27-3ubuntu2.5_amd64.deb ...
    node-redmine-tr: Unpacking gpg-wks-client (2.2.27-3ubuntu2.5) over (2.2.27-3ubuntu2.4) ...
    node-redmine-tr: Preparing to unpack .../01-dirmngr_2.2.27-3ubuntu2.5_amd64.deb ...
    node-redmine-tr: Unpacking dirmngr (2.2.27-3ubuntu2.5) over (2.2.27-3ubuntu2.4) ...
    node-redmine-tr: Preparing to unpack .../02-gpg-wks-server_2.2.27-3ubuntu2.5_amd64.deb ...
    node-redmine-tr: Unpacking gpg-wks-server (2.2.27-3ubuntu2.5) over (2.2.27-3ubuntu2.4) ...
    node-redmine-tr: Preparing to unpack .../03-gnupg-utils_2.2.27-3ubuntu2.5_amd64.deb ...
    node-redmine-tr: Unpacking gnupg-utils (2.2.27-3ubuntu2.5) over (2.2.27-3ubuntu2.4) ...
    node-redmine-tr: Preparing to unpack .../04-gpg-agent_2.2.27-3ubuntu2.5_amd64.deb ...
    node-redmine-tr: Unpacking gpg-agent (2.2.27-3ubuntu2.5) over (2.2.27-3ubuntu2.4) ...
    node-redmine-tr: Preparing to unpack .../05-gpg_2.2.27-3ubuntu2.5_amd64.deb ...
    node-redmine-tr: Unpacking gpg (2.2.27-3ubuntu2.5) over (2.2.27-3ubuntu2.4) ...
    node-redmine-tr: Preparing to unpack .../06-gpgconf_2.2.27-3ubuntu2.5_amd64.deb ...
    node-redmine-tr: Unpacking gpgconf (2.2.27-3ubuntu2.5) over (2.2.27-3ubuntu2.4) ...
    node-redmine-tr: Preparing to unpack .../07-gnupg-l10n_2.2.27-3ubuntu2.5_all.deb ...
    node-redmine-tr: Unpacking gnupg-l10n (2.2.27-3ubuntu2.5) over (2.2.27-3ubuntu2.4) ...
    node-redmine-tr: Preparing to unpack .../08-gnupg_2.2.27-3ubuntu2.5_all.deb ...
    node-redmine-tr: Unpacking gnupg (2.2.27-3ubuntu2.5) over (2.2.27-3ubuntu2.4) ...
    node-redmine-tr: Preparing to unpack .../09-gpgsm_2.2.27-3ubuntu2.5_amd64.deb ...
    node-redmine-tr: Unpacking gpgsm (2.2.27-3ubuntu2.5) over (2.2.27-3ubuntu2.4) ...
    node-redmine-tr: Preparing to unpack .../10-gpgv_2.2.27-3ubuntu2.5_amd64.deb ...
    node-redmine-tr: Unpacking gpgv (2.2.27-3ubuntu2.5) over (2.2.27-3ubuntu2.4) ...
    node-redmine-tr: Setting up gpgv (2.2.27-3ubuntu2.5) ...
    node-redmine-tr: (Reading database ... 
(Reading database ... 5%
(Reading database ... 10%
(Reading database ... 15%
(Reading database ... 20%
(Reading database ... 25%
(Reading database ... 30%
(Reading database ... 35%
(Reading database ... 40%
(Reading database ... 45%
(Reading database ... 50%
(Reading database ... 55%
(Reading database ... 60%
(Reading database ... 65%
(Reading database ... 70%
(Reading database ... 75%
(Reading database ... 80%
(Reading database ... 85%
(Reading database ... 90%
(Reading database ... 95%
(Reading database ... 100%
(Reading database ... 64257 files and directories currently installed.)
    node-redmine-tr: Preparing to unpack .../curl_7.81.0-1ubuntu1.23_amd64.deb ...
    node-redmine-tr: Unpacking curl (7.81.0-1ubuntu1.23) over (7.81.0-1ubuntu1.20) ...
    node-redmine-tr: Preparing to unpack .../libcurl4_7.81.0-1ubuntu1.23_amd64.deb ...
    node-redmine-tr: Unpacking libcurl4:amd64 (7.81.0-1ubuntu1.23) over (7.81.0-1ubuntu1.20) ...
    node-redmine-tr: Setting up gnupg-l10n (2.2.27-3ubuntu2.5) ...
    node-redmine-tr: Setting up gpgconf (2.2.27-3ubuntu2.5) ...
    node-redmine-tr: Setting up libcurl4:amd64 (7.81.0-1ubuntu1.23) ...
    node-redmine-tr: Setting up curl (7.81.0-1ubuntu1.23) ...
    node-redmine-tr: Setting up gpg (2.2.27-3ubuntu2.5) ...
    node-redmine-tr: Setting up gnupg-utils (2.2.27-3ubuntu2.5) ...
    node-redmine-tr: Setting up gpg-agent (2.2.27-3ubuntu2.5) ...
    node-redmine-tr: Setting up gpgsm (2.2.27-3ubuntu2.5) ...
    node-redmine-tr: Setting up dirmngr (2.2.27-3ubuntu2.5) ...
    node-redmine-tr: Setting up gpg-wks-server (2.2.27-3ubuntu2.5) ...
    node-redmine-tr: Setting up gpg-wks-client (2.2.27-3ubuntu2.5) ...
    node-redmine-tr: Setting up gnupg (2.2.27-3ubuntu2.5) ...
    node-redmine-tr: Processing triggers for libc-bin (2.35-0ubuntu3.10) ...
    node-redmine-tr: Processing triggers for man-db (2.10.2-1) ...
    node-redmine-tr: Processing triggers for install-info (6.8-4build1) ...
    node-redmine-tr: NEEDRESTART-VER: 3.5
    node-redmine-tr: NEEDRESTART-KCUR: 5.15.0-144-generic
    node-redmine-tr: NEEDRESTART-KEXP: 5.15.0-144-generic
    node-redmine-tr: NEEDRESTART-KSTA: 1
    node-redmine-tr: Reading package lists...
    node-redmine-tr: Building dependency tree...
    node-redmine-tr: Reading state information...
    node-redmine-tr: The following additional packages will be installed:
    node-redmine-tr:   docker-buildx-plugin docker-ce-rootless-extras libslirp0 pigz slirp4netns
    node-redmine-tr: Suggested packages:
    node-redmine-tr:   cgroupfs-mount | cgroup-lite docker-model-plugin
    node-redmine-tr: The following NEW packages will be installed:
    node-redmine-tr:   containerd.io docker-buildx-plugin docker-ce docker-ce-cli
    node-redmine-tr:   docker-ce-rootless-extras docker-compose-plugin libslirp0 pigz slirp4netns
    node-redmine-tr: 0 upgraded, 9 newly installed, 0 to remove and 134 not upgraded.
    node-redmine-tr: Need to get 94.9 MB of archives.
    node-redmine-tr: After this operation, 365 MB of additional disk space will be used.
    node-redmine-tr: Get:1 http://archive.ubuntu.com/ubuntu jammy/universe amd64 pigz amd64 2.6-1 [63.6 kB]
    node-redmine-tr: Get:2 https://download.docker.com/linux/ubuntu jammy/stable amd64 containerd.io amd64 2.2.3-1~ubuntu.22.04~jammy [23.6 MB]
    node-redmine-tr: Get:3 http://archive.ubuntu.com/ubuntu jammy/main amd64 libslirp0 amd64 4.6.1-1build1 [61.5 kB]
    node-redmine-tr: Get:4 http://archive.ubuntu.com/ubuntu jammy/universe amd64 slirp4netns amd64 1.0.1-2 [28.2 kB]
    node-redmine-tr: Get:5 https://download.docker.com/linux/ubuntu jammy/stable amd64 docker-ce-cli amd64 5:29.4.1-1~ubuntu.22.04~jammy [17.0 MB]
    node-redmine-tr: Get:6 https://download.docker.com/linux/ubuntu jammy/stable amd64 docker-ce amd64 5:29.4.1-1~ubuntu.22.04~jammy [22.7 MB]
    node-redmine-tr: Get:7 https://download.docker.com/linux/ubuntu jammy/stable amd64 docker-buildx-plugin amd64 0.33.0-1~ubuntu.22.04~jammy [16.9 MB]
    node-redmine-tr: Get:8 https://download.docker.com/linux/ubuntu jammy/stable amd64 docker-ce-rootless-extras amd64 5:29.4.1-1~ubuntu.22.04~jammy [6560 kB]
    node-redmine-tr: Get:9 https://download.docker.com/linux/ubuntu jammy/stable amd64 docker-compose-plugin amd64 5.1.3-1~ubuntu.22.04~jammy [8023 kB]
    node-redmine-tr: Fetched 94.9 MB in 8s (11.8 MB/s)
    node-redmine-tr: Selecting previously unselected package containerd.io.
    node-redmine-tr: (Reading database ... 
(Reading database ... 5%
(Reading database ... 10%
(Reading database ... 15%
(Reading database ... 20%
(Reading database ... 25%
(Reading database ... 30%
(Reading database ... 35%
(Reading database ... 40%
(Reading database ... 45%
(Reading database ... 50%
(Reading database ... 55%
(Reading database ... 60%
(Reading database ... 65%
(Reading database ... 70%
(Reading database ... 75%
(Reading database ... 80%
(Reading database ... 85%
(Reading database ... 90%
(Reading database ... 95%
(Reading database ... 100%
(Reading database ... 64257 files and directories currently installed.)
    node-redmine-tr: Preparing to unpack .../0-containerd.io_2.2.3-1~ubuntu.22.04~jammy_amd64.deb ...
    node-redmine-tr: Unpacking containerd.io (2.2.3-1~ubuntu.22.04~jammy) ...
    node-redmine-tr: Selecting previously unselected package docker-ce-cli.
    node-redmine-tr: Preparing to unpack .../1-docker-ce-cli_5%3a29.4.1-1~ubuntu.22.04~jammy_amd64.deb ...
    node-redmine-tr: Unpacking docker-ce-cli (5:29.4.1-1~ubuntu.22.04~jammy) ...
    node-redmine-tr: Selecting previously unselected package docker-ce.
    node-redmine-tr: Preparing to unpack .../2-docker-ce_5%3a29.4.1-1~ubuntu.22.04~jammy_amd64.deb ...
    node-redmine-tr: Unpacking docker-ce (5:29.4.1-1~ubuntu.22.04~jammy) ...
    node-redmine-tr: Selecting previously unselected package pigz.
    node-redmine-tr: Preparing to unpack .../3-pigz_2.6-1_amd64.deb ...
    node-redmine-tr: Unpacking pigz (2.6-1) ...
    node-redmine-tr: Selecting previously unselected package docker-buildx-plugin.
    node-redmine-tr: Preparing to unpack .../4-docker-buildx-plugin_0.33.0-1~ubuntu.22.04~jammy_amd64.deb ...
    node-redmine-tr: Unpacking docker-buildx-plugin (0.33.0-1~ubuntu.22.04~jammy) ...
    node-redmine-tr: Selecting previously unselected package docker-ce-rootless-extras.
    node-redmine-tr: Preparing to unpack .../5-docker-ce-rootless-extras_5%3a29.4.1-1~ubuntu.22.04~jammy_amd64.deb ...
    node-redmine-tr: Unpacking docker-ce-rootless-extras (5:29.4.1-1~ubuntu.22.04~jammy) ...
    node-redmine-tr: Selecting previously unselected package docker-compose-plugin.
    node-redmine-tr: Preparing to unpack .../6-docker-compose-plugin_5.1.3-1~ubuntu.22.04~jammy_amd64.deb ...
    node-redmine-tr: Unpacking docker-compose-plugin (5.1.3-1~ubuntu.22.04~jammy) ...
    node-redmine-tr: Selecting previously unselected package libslirp0:amd64.
    node-redmine-tr: Preparing to unpack .../7-libslirp0_4.6.1-1build1_amd64.deb ...
    node-redmine-tr: Unpacking libslirp0:amd64 (4.6.1-1build1) ...
    node-redmine-tr: Selecting previously unselected package slirp4netns.
    node-redmine-tr: Preparing to unpack .../8-slirp4netns_1.0.1-2_amd64.deb ...
    node-redmine-tr: Unpacking slirp4netns (1.0.1-2) ...
    node-redmine-tr: Setting up docker-buildx-plugin (0.33.0-1~ubuntu.22.04~jammy) ...
    node-redmine-tr: Setting up containerd.io (2.2.3-1~ubuntu.22.04~jammy) ...
    node-redmine-tr: Created symlink /etc/systemd/system/multi-user.target.wants/containerd.service → /lib/systemd/system/containerd.service.
    node-redmine-tr: Setting up docker-compose-plugin (5.1.3-1~ubuntu.22.04~jammy) ...
    node-redmine-tr: Setting up docker-ce-cli (5:29.4.1-1~ubuntu.22.04~jammy) ...
    node-redmine-tr: Setting up libslirp0:amd64 (4.6.1-1build1) ...
    node-redmine-tr: Setting up pigz (2.6-1) ...
    node-redmine-tr: Setting up docker-ce-rootless-extras (5:29.4.1-1~ubuntu.22.04~jammy) ...
    node-redmine-tr: Setting up slirp4netns (1.0.1-2) ...
    node-redmine-tr: Setting up docker-ce (5:29.4.1-1~ubuntu.22.04~jammy) ...
    node-redmine-tr: Created symlink /etc/systemd/system/multi-user.target.wants/docker.service → /lib/systemd/system/docker.service.
    node-redmine-tr: Created symlink /etc/systemd/system/sockets.target.wants/docker.socket → /lib/systemd/system/docker.socket.
    node-redmine-tr: Processing triggers for man-db (2.10.2-1) ...
    node-redmine-tr: Processing triggers for libc-bin (2.35-0ubuntu3.10) ...
    node-redmine-tr: NEEDRESTART-VER: 3.5
    node-redmine-tr: NEEDRESTART-KCUR: 5.15.0-144-generic
    node-redmine-tr: NEEDRESTART-KEXP: 5.15.0-144-generic
    node-redmine-tr: NEEDRESTART-KSTA: 1
    node-redmine-tr: Synchronizing state of docker.service with SysV service script with /lib/systemd/systemd-sysv-install.
    node-redmine-tr: Executing: /lib/systemd/systemd-sysv-install enable docker
    node-redmine-tr: Reading package lists...
    node-redmine-tr: Building dependency tree...
    node-redmine-tr: Reading state information...
    node-redmine-tr: The following additional packages will be installed:
    node-redmine-tr:   fontconfig-config fonts-dejavu-core libdeflate0 libfontconfig1 libgd3
    node-redmine-tr:   libjbig0 libjpeg-turbo8 libjpeg8 libnginx-mod-http-geoip2
    node-redmine-tr:   libnginx-mod-http-image-filter libnginx-mod-http-xslt-filter
    node-redmine-tr:   libnginx-mod-mail libnginx-mod-stream libnginx-mod-stream-geoip2 libtiff5
    node-redmine-tr:   libwebp7 libxpm4 nginx-common nginx-core
    node-redmine-tr: Suggested packages:
    node-redmine-tr:   libgd-tools fcgiwrap nginx-doc ssl-cert
    node-redmine-tr: The following NEW packages will be installed:
    node-redmine-tr:   fontconfig-config fonts-dejavu-core libdeflate0 libfontconfig1 libgd3
    node-redmine-tr:   libjbig0 libjpeg-turbo8 libjpeg8 libnginx-mod-http-geoip2
    node-redmine-tr:   libnginx-mod-http-image-filter libnginx-mod-http-xslt-filter
    node-redmine-tr:   libnginx-mod-mail libnginx-mod-stream libnginx-mod-stream-geoip2 libtiff5
    node-redmine-tr:   libwebp7 libxpm4 nginx nginx-common nginx-core
    node-redmine-tr: The following packages will be upgraded:
    node-redmine-tr:   openssl
    node-redmine-tr: 1 upgraded, 20 newly installed, 0 to remove and 133 not upgraded.
    node-redmine-tr: Need to get 3882 kB of archives.
    node-redmine-tr: After this operation, 8359 kB of additional disk space will be used.
    node-redmine-tr: Get:1 http://archive.ubuntu.com/ubuntu jammy-updates/main amd64 openssl amd64 3.0.2-0ubuntu1.23 [1186 kB]
    node-redmine-tr: Get:2 http://archive.ubuntu.com/ubuntu jammy/main amd64 fonts-dejavu-core all 2.37-2build1 [1041 kB]
    node-redmine-tr: Get:3 http://archive.ubuntu.com/ubuntu jammy/main amd64 fontconfig-config all 2.13.1-4.2ubuntu5 [29.1 kB]
    node-redmine-tr: Get:4 http://archive.ubuntu.com/ubuntu jammy/main amd64 libdeflate0 amd64 1.10-2 [70.9 kB]
    node-redmine-tr: Get:5 http://archive.ubuntu.com/ubuntu jammy/main amd64 libfontconfig1 amd64 2.13.1-4.2ubuntu5 [131 kB]
    node-redmine-tr: Get:6 http://archive.ubuntu.com/ubuntu jammy/main amd64 libjpeg-turbo8 amd64 2.1.2-0ubuntu1 [134 kB]
    node-redmine-tr: Get:7 http://archive.ubuntu.com/ubuntu jammy/main amd64 libjpeg8 amd64 8c-2ubuntu10 [2264 B]
    node-redmine-tr: Get:8 http://archive.ubuntu.com/ubuntu jammy-updates/main amd64 libjbig0 amd64 2.1-3.1ubuntu0.22.04.1 [29.2 kB]
    node-redmine-tr: Get:9 http://archive.ubuntu.com/ubuntu jammy-updates/main amd64 libwebp7 amd64 1.2.2-2ubuntu0.22.04.2 [206 kB]
    node-redmine-tr: Get:10 http://archive.ubuntu.com/ubuntu jammy-updates/main amd64 libtiff5 amd64 4.3.0-6ubuntu0.13 [185 kB]
    node-redmine-tr: Get:11 http://archive.ubuntu.com/ubuntu jammy-updates/main amd64 libxpm4 amd64 1:3.5.12-1ubuntu0.22.04.2 [36.7 kB]
    node-redmine-tr: Get:12 http://archive.ubuntu.com/ubuntu jammy-updates/main amd64 libgd3 amd64 2.3.0-2ubuntu2.3 [129 kB]
    node-redmine-tr: Get:13 http://archive.ubuntu.com/ubuntu jammy-updates/main amd64 nginx-common all 1.18.0-6ubuntu14.10 [40.4 kB]
    node-redmine-tr: Get:14 http://archive.ubuntu.com/ubuntu jammy-updates/main amd64 libnginx-mod-http-geoip2 amd64 1.18.0-6ubuntu14.10 [12.3 kB]
    node-redmine-tr: Get:15 http://archive.ubuntu.com/ubuntu jammy-updates/main amd64 libnginx-mod-http-image-filter amd64 1.18.0-6ubuntu14.10 [15.8 kB]
    node-redmine-tr: Get:16 http://archive.ubuntu.com/ubuntu jammy-updates/main amd64 libnginx-mod-http-xslt-filter amd64 1.18.0-6ubuntu14.10 [14.2 kB]
    node-redmine-tr: Get:17 http://archive.ubuntu.com/ubuntu jammy-updates/main amd64 libnginx-mod-mail amd64 1.18.0-6ubuntu14.10 [46.2 kB]
    node-redmine-tr: Get:18 http://archive.ubuntu.com/ubuntu jammy-updates/main amd64 libnginx-mod-stream amd64 1.18.0-6ubuntu14.10 [73.2 kB]
    node-redmine-tr: Get:19 http://archive.ubuntu.com/ubuntu jammy-updates/main amd64 libnginx-mod-stream-geoip2 amd64 1.18.0-6ubuntu14.10 [10.1 kB]
    node-redmine-tr: Get:20 http://archive.ubuntu.com/ubuntu jammy-updates/main amd64 nginx-core amd64 1.18.0-6ubuntu14.10 [484 kB]
    node-redmine-tr: Get:21 http://archive.ubuntu.com/ubuntu jammy-updates/main amd64 nginx amd64 1.18.0-6ubuntu14.10 [3884 B]
    node-redmine-tr: Preconfiguring packages ...
    node-redmine-tr: Fetched 3882 kB in 2s (2438 kB/s)
    node-redmine-tr: (Reading database ... 
(Reading database ... 5%
(Reading database ... 10%
(Reading database ... 15%
(Reading database ... 20%
(Reading database ... 25%
(Reading database ... 30%
(Reading database ... 35%
(Reading database ... 40%
(Reading database ... 45%
(Reading database ... 50%
(Reading database ... 55%
(Reading database ... 60%
(Reading database ... 65%
(Reading database ... 70%
(Reading database ... 75%
(Reading database ... 80%
(Reading database ... 85%
(Reading database ... 90%
(Reading database ... 95%
(Reading database ... 100%
(Reading database ... 64507 files and directories currently installed.)
    node-redmine-tr: Preparing to unpack .../00-openssl_3.0.2-0ubuntu1.23_amd64.deb ...
    node-redmine-tr: Unpacking openssl (3.0.2-0ubuntu1.23) over (3.0.2-0ubuntu1.19) ...
    node-redmine-tr: Selecting previously unselected package fonts-dejavu-core.
    node-redmine-tr: Preparing to unpack .../01-fonts-dejavu-core_2.37-2build1_all.deb ...
    node-redmine-tr: Unpacking fonts-dejavu-core (2.37-2build1) ...
    node-redmine-tr: Selecting previously unselected package fontconfig-config.
    node-redmine-tr: Preparing to unpack .../02-fontconfig-config_2.13.1-4.2ubuntu5_all.deb ...
    node-redmine-tr: Unpacking fontconfig-config (2.13.1-4.2ubuntu5) ...
    node-redmine-tr: Selecting previously unselected package libdeflate0:amd64.
    node-redmine-tr: Preparing to unpack .../03-libdeflate0_1.10-2_amd64.deb ...
    node-redmine-tr: Unpacking libdeflate0:amd64 (1.10-2) ...
    node-redmine-tr: Selecting previously unselected package libfontconfig1:amd64.
    node-redmine-tr: Preparing to unpack .../04-libfontconfig1_2.13.1-4.2ubuntu5_amd64.deb ...
    node-redmine-tr: Unpacking libfontconfig1:amd64 (2.13.1-4.2ubuntu5) ...
    node-redmine-tr: Selecting previously unselected package libjpeg-turbo8:amd64.
    node-redmine-tr: Preparing to unpack .../05-libjpeg-turbo8_2.1.2-0ubuntu1_amd64.deb ...
    node-redmine-tr: Unpacking libjpeg-turbo8:amd64 (2.1.2-0ubuntu1) ...
    node-redmine-tr: Selecting previously unselected package libjpeg8:amd64.
    node-redmine-tr: Preparing to unpack .../06-libjpeg8_8c-2ubuntu10_amd64.deb ...
    node-redmine-tr: Unpacking libjpeg8:amd64 (8c-2ubuntu10) ...
    node-redmine-tr: Selecting previously unselected package libjbig0:amd64.
    node-redmine-tr: Preparing to unpack .../07-libjbig0_2.1-3.1ubuntu0.22.04.1_amd64.deb ...
    node-redmine-tr: Unpacking libjbig0:amd64 (2.1-3.1ubuntu0.22.04.1) ...
    node-redmine-tr: Selecting previously unselected package libwebp7:amd64.
    node-redmine-tr: Preparing to unpack .../08-libwebp7_1.2.2-2ubuntu0.22.04.2_amd64.deb ...
    node-redmine-tr: Unpacking libwebp7:amd64 (1.2.2-2ubuntu0.22.04.2) ...
    node-redmine-tr: Selecting previously unselected package libtiff5:amd64.
    node-redmine-tr: Preparing to unpack .../09-libtiff5_4.3.0-6ubuntu0.13_amd64.deb ...
    node-redmine-tr: Unpacking libtiff5:amd64 (4.3.0-6ubuntu0.13) ...
    node-redmine-tr: Selecting previously unselected package libxpm4:amd64.
    node-redmine-tr: Preparing to unpack .../10-libxpm4_1%3a3.5.12-1ubuntu0.22.04.2_amd64.deb ...
    node-redmine-tr: Unpacking libxpm4:amd64 (1:3.5.12-1ubuntu0.22.04.2) ...
    node-redmine-tr: Selecting previously unselected package libgd3:amd64.
    node-redmine-tr: Preparing to unpack .../11-libgd3_2.3.0-2ubuntu2.3_amd64.deb ...
    node-redmine-tr: Unpacking libgd3:amd64 (2.3.0-2ubuntu2.3) ...
    node-redmine-tr: Selecting previously unselected package nginx-common.
    node-redmine-tr: Preparing to unpack .../12-nginx-common_1.18.0-6ubuntu14.10_all.deb ...
    node-redmine-tr: Unpacking nginx-common (1.18.0-6ubuntu14.10) ...
    node-redmine-tr: Selecting previously unselected package libnginx-mod-http-geoip2.
    node-redmine-tr: Preparing to unpack .../13-libnginx-mod-http-geoip2_1.18.0-6ubuntu14.10_amd64.deb ...
    node-redmine-tr: Unpacking libnginx-mod-http-geoip2 (1.18.0-6ubuntu14.10) ...
    node-redmine-tr: Selecting previously unselected package libnginx-mod-http-image-filter.
    node-redmine-tr: Preparing to unpack .../14-libnginx-mod-http-image-filter_1.18.0-6ubuntu14.10_amd64.deb ...
    node-redmine-tr: Unpacking libnginx-mod-http-image-filter (1.18.0-6ubuntu14.10) ...
    node-redmine-tr: Selecting previously unselected package libnginx-mod-http-xslt-filter.
    node-redmine-tr: Preparing to unpack .../15-libnginx-mod-http-xslt-filter_1.18.0-6ubuntu14.10_amd64.deb ...
    node-redmine-tr: Unpacking libnginx-mod-http-xslt-filter (1.18.0-6ubuntu14.10) ...
    node-redmine-tr: Selecting previously unselected package libnginx-mod-mail.
    node-redmine-tr: Preparing to unpack .../16-libnginx-mod-mail_1.18.0-6ubuntu14.10_amd64.deb ...
    node-redmine-tr: Unpacking libnginx-mod-mail (1.18.0-6ubuntu14.10) ...
    node-redmine-tr: Selecting previously unselected package libnginx-mod-stream.
    node-redmine-tr: Preparing to unpack .../17-libnginx-mod-stream_1.18.0-6ubuntu14.10_amd64.deb ...
    node-redmine-tr: Unpacking libnginx-mod-stream (1.18.0-6ubuntu14.10) ...
    node-redmine-tr: Selecting previously unselected package libnginx-mod-stream-geoip2.
    node-redmine-tr: Preparing to unpack .../18-libnginx-mod-stream-geoip2_1.18.0-6ubuntu14.10_amd64.deb ...
    node-redmine-tr: Unpacking libnginx-mod-stream-geoip2 (1.18.0-6ubuntu14.10) ...
    node-redmine-tr: Selecting previously unselected package nginx-core.
    node-redmine-tr: Preparing to unpack .../19-nginx-core_1.18.0-6ubuntu14.10_amd64.deb ...
    node-redmine-tr: Unpacking nginx-core (1.18.0-6ubuntu14.10) ...
    node-redmine-tr: Selecting previously unselected package nginx.
    node-redmine-tr: Preparing to unpack .../20-nginx_1.18.0-6ubuntu14.10_amd64.deb ...
    node-redmine-tr: Unpacking nginx (1.18.0-6ubuntu14.10) ...
    node-redmine-tr: Setting up libxpm4:amd64 (1:3.5.12-1ubuntu0.22.04.2) ...
    node-redmine-tr: Setting up libdeflate0:amd64 (1.10-2) ...
    node-redmine-tr: Setting up nginx-common (1.18.0-6ubuntu14.10) ...
    node-redmine-tr: Created symlink /etc/systemd/system/multi-user.target.wants/nginx.service → /lib/systemd/system/nginx.service.
    node-redmine-tr: Setting up libjbig0:amd64 (2.1-3.1ubuntu0.22.04.1) ...
    node-redmine-tr: Setting up libnginx-mod-http-xslt-filter (1.18.0-6ubuntu14.10) ...
    node-redmine-tr: Setting up fonts-dejavu-core (2.37-2build1) ...
    node-redmine-tr: Setting up libjpeg-turbo8:amd64 (2.1.2-0ubuntu1) ...
    node-redmine-tr: Setting up libwebp7:amd64 (1.2.2-2ubuntu0.22.04.2) ...
    node-redmine-tr: Setting up libnginx-mod-http-geoip2 (1.18.0-6ubuntu14.10) ...
    node-redmine-tr: Setting up openssl (3.0.2-0ubuntu1.23) ...
    node-redmine-tr: Setting up libjpeg8:amd64 (8c-2ubuntu10) ...
    node-redmine-tr: Setting up libnginx-mod-mail (1.18.0-6ubuntu14.10) ...
    node-redmine-tr: Setting up fontconfig-config (2.13.1-4.2ubuntu5) ...
    node-redmine-tr: Setting up libnginx-mod-stream (1.18.0-6ubuntu14.10) ...
    node-redmine-tr: Setting up libtiff5:amd64 (4.3.0-6ubuntu0.13) ...
    node-redmine-tr: Setting up libfontconfig1:amd64 (2.13.1-4.2ubuntu5) ...
    node-redmine-tr: Setting up libnginx-mod-stream-geoip2 (1.18.0-6ubuntu14.10) ...
    node-redmine-tr: Setting up libgd3:amd64 (2.3.0-2ubuntu2.3) ...
    node-redmine-tr: Setting up libnginx-mod-http-image-filter (1.18.0-6ubuntu14.10) ...
    node-redmine-tr: Setting up nginx-core (1.18.0-6ubuntu14.10) ...
    node-redmine-tr:  * Upgrading binary nginx
    node-redmine-tr:    ...done.
    node-redmine-tr: Setting up nginx (1.18.0-6ubuntu14.10) ...
    node-redmine-tr: Processing triggers for ufw (0.36.1-4ubuntu0.1) ...
    node-redmine-tr: Processing triggers for man-db (2.10.2-1) ...
    node-redmine-tr: Processing triggers for libc-bin (2.35-0ubuntu3.10) ...
    node-redmine-tr: NEEDRESTART-VER: 3.5
    node-redmine-tr: NEEDRESTART-KCUR: 5.15.0-144-generic
    node-redmine-tr: NEEDRESTART-KEXP: 5.15.0-144-generic
    node-redmine-tr: NEEDRESTART-KSTA: 1
    node-redmine-tr: Synchronizing state of nginx.service with SysV service script with /lib/systemd/systemd-sysv-install.
    node-redmine-tr: Executing: /lib/systemd/systemd-sysv-install enable nginx
    node-redmine-tr: Firewall is active and enabled on system startup
    node-redmine-tr: Rule added
    node-redmine-tr: Rule added (v6)
    node-redmine-tr: Rule added
    node-redmine-tr: Rule added (v6)
    node-redmine-tr: Rule added
    node-redmine-tr: Rule added (v6)
    node-redmine-tr: Rule added
    node-redmine-tr: Rule added (v6)
    node-redmine-tr:  Image postgres:15 Pulling
    node-redmine-tr:  Image redmine:5.1 Pulling
    node-redmine-tr:  26803cb302a4 Pulling fs layer 0B
    node-redmine-tr:  3531af2bc2a9 Pulling fs layer 0B
    node-redmine-tr:  be67b9cdfb60 Pulling fs layer 0B
    node-redmine-tr:  c375454b4ff0 Pulling fs layer 0B
    node-redmine-tr:  ff8482cd03b7 Pulling fs layer 0B
    node-redmine-tr:  ac28d232c7f3 Pulling fs layer 0B
    node-redmine-tr:  fa77b44f96d2 Pulling fs layer 0B
    node-redmine-tr:  dd1cc88a000a Pulling fs layer 0B
    node-redmine-tr:  58e6420a0782 Pulling fs layer 0B
    node-redmine-tr:  4c7f2d7f4f80 Pulling fs layer 0B
    node-redmine-tr:  3e0c43622abe Pulling fs layer 0B
    node-redmine-tr:  0892560966bb Pulling fs layer 0B
    node-redmine-tr:  9fa019823549 Pulling fs layer 0B
    node-redmine-tr:  00da1877cea6 Pulling fs layer 0B
    node-redmine-tr:  14c26c45f021 Download complete 0B
    node-redmine-tr:  8ab0dd849fc9 Pulling fs layer 0B
    node-redmine-tr:  5435b2dcdf5c Pulling fs layer 0B
    node-redmine-tr:  8b19bcf10fc2 Pulling fs layer 0B
    node-redmine-tr:  e1640434ec76 Pulling fs layer 0B
    node-redmine-tr:  0fe3834d483d Pulling fs layer 0B
    node-redmine-tr:  863367889287 Pulling fs layer 0B
    node-redmine-tr:  d605ebef552c Pulling fs layer 0B
    node-redmine-tr:  009f9243ff5c Pulling fs layer 0B
    node-redmine-tr:  281affa84bd9 Pulling fs layer 0B
    node-redmine-tr:  98baad10e4e4 Pulling fs layer 0B
    node-redmine-tr:  96631895b575 Pulling fs layer 0B
    node-redmine-tr:  2f70b6f11009 Pulling fs layer 0B
    node-redmine-tr:  fafa0ca1b8c4 Pulling fs layer 0B
    node-redmine-tr:  26803cb302a4 Downloading 185B
    node-redmine-tr:  be67b9cdfb60 Downloading 1.169kB
    node-redmine-tr:  0892560966bb Downloading 127B
    node-redmine-tr:  26803cb302a4 Download complete 0B
    node-redmine-tr:  be67b9cdfb60 Downloading 1.169kB
    node-redmine-tr:  3e0c43622abe Downloading 9.886kB
    node-redmine-tr:  9fa019823549 Downloading 167B
    node-redmine-tr:  00da1877cea6 Downloading 6.095kB
    node-redmine-tr:  e1640434ec76 Downloading 190B
    node-redmine-tr:  58e6420a0782 Downloading 3.14kB
    node-redmine-tr:  0892560966bb Downloading 127B
    node-redmine-tr:  be67b9cdfb60 Download complete 0B
    node-redmine-tr:  dd1cc88a000a Downloading 116B
    node-redmine-tr:  863367889287 Download complete 0B
    node-redmine-tr:  efbbe761aeda Downloading 40.6kB
    node-redmine-tr:  8ab0dd849fc9 Downloading 2.413kB
    node-redmine-tr:  efbbe761aeda Download complete 0B
    node-redmine-tr:  8ab0dd849fc9 Downloading 2.413kB
    node-redmine-tr:  dd1cc88a000a Downloading 116B
    node-redmine-tr:  3e0c43622abe Downloading 9.886kB
    node-redmine-tr:  e1640434ec76 Downloading 190B
    node-redmine-tr:  d605ebef552c Downloading 1.109kB
    node-redmine-tr:  98baad10e4e4 Downloading 139B
    node-redmine-tr:  9fa019823549 Download complete 0B
    node-redmine-tr:  00da1877cea6 Downloading 6.095kB
    node-redmine-tr:  58e6420a0782 Downloading 3.14kB
    node-redmine-tr:  0892560966bb Download complete 0B
    node-redmine-tr:  8ab0dd849fc9 Downloading 2.413kB
    node-redmine-tr:  e1640434ec76 Downloading 190B
    node-redmine-tr:  d605ebef552c Downloading 1.109kB
    node-redmine-tr:  98baad10e4e4 Downloading 139B
    node-redmine-tr:  96631895b575 Downloading 123B
    node-redmine-tr:  e1640434ec76 Downloading 190B
    node-redmine-tr:  d605ebef552c Downloading 1.109kB
    node-redmine-tr:  98baad10e4e4 Downloading 139B
    node-redmine-tr:  96631895b575 Downloading 123B
    node-redmine-tr:  8ab0dd849fc9 Download complete 0B
    node-redmine-tr:  58e6420a0782 Downloading 3.14kB
    node-redmine-tr:  dd1cc88a000a Download complete 0B
    node-redmine-tr:  3e0c43622abe Downloading 9.886kB
    node-redmine-tr:  00da1877cea6 Downloading 6.095kB
    node-redmine-tr:  e1640434ec76 Downloading 190B
    node-redmine-tr:  d605ebef552c Downloading 1.109kB
    node-redmine-tr:  98baad10e4e4 Downloading 139B
    node-redmine-tr:  96631895b575 Downloading 123B
    node-redmine-tr:  e1640434ec76 Downloading 190B
    node-redmine-tr:  d605ebef552c Downloading 1.109kB
    node-redmine-tr:  98baad10e4e4 Downloading 139B
    node-redmine-tr:  96631895b575 Downloading 123B
    node-redmine-tr:  58e6420a0782 Downloading 3.14kB
    node-redmine-tr:  ee662d4e76ff Downloading 1.049MB
    node-redmine-tr:  e1640434ec76 Downloading 190B
    node-redmine-tr:  d605ebef552c Downloading 1.109kB
    node-redmine-tr:  98baad10e4e4 Downloading 139B
    node-redmine-tr:  96631895b575 Downloading 123B
    node-redmine-tr:  3e0c43622abe Download complete 0B
    node-redmine-tr:  00da1877cea6 Download complete 0B
    node-redmine-tr:  e1640434ec76 Downloading 190B
    node-redmine-tr:  d605ebef552c Downloading 1.109kB
    node-redmine-tr:  98baad10e4e4 Downloading 139B
    node-redmine-tr:  96631895b575 Downloading 123B
    node-redmine-tr:  e1640434ec76 Downloading 190B
    node-redmine-tr:  d605ebef552c Downloading 1.109kB
    node-redmine-tr:  98baad10e4e4 Downloading 139B
    node-redmine-tr:  96631895b575 Downloading 123B
    node-redmine-tr:  ee662d4e76ff Downloading 1.049MB
    node-redmine-tr:  ac28d232c7f3 Downloading 1.049MB
    node-redmine-tr:  5435b2dcdf5c Downloading 1.049MB
    node-redmine-tr:  58e6420a0782 Download complete 0B
    node-redmine-tr:  e1640434ec76 Download complete 0B
    node-redmine-tr:  d605ebef552c Downloading 1.109kB
    node-redmine-tr:  98baad10e4e4 Downloading 139B
    node-redmine-tr:  96631895b575 Downloading 123B
    node-redmine-tr:  5435b2dcdf5c Downloading 1.049MB
    node-redmine-tr:  d605ebef552c Download complete 0B
    node-redmine-tr:  98baad10e4e4 Download complete 0B
    node-redmine-tr:  96631895b575 Downloading 123B
    node-redmine-tr:  ff8482cd03b7 Downloading 1.049MB
    node-redmine-tr:  ee662d4e76ff Downloading 1.049MB
    node-redmine-tr:  ac28d232c7f3 Downloading 1.049MB
    node-redmine-tr:  3531af2bc2a9 Downloading 1.049MB
    node-redmine-tr:  c375454b4ff0 Downloading 1.049MB
    node-redmine-tr:  96631895b575 Download complete 0B
    node-redmine-tr:  5435b2dcdf5c Downloading 1.049MB
    node-redmine-tr:  3531af2bc2a9 Downloading 1.049MB
    node-redmine-tr:  c375454b4ff0 Downloading 1.049MB
    node-redmine-tr:  ff8482cd03b7 Downloading 1.257MB
    node-redmine-tr:  fa77b44f96d2 Downloading 1.049MB
    node-redmine-tr:  4c7f2d7f4f80 Downloading 1.049MB
    node-redmine-tr:  ee662d4e76ff Downloading 1.049MB
    node-redmine-tr:  ac28d232c7f3 Downloading 1.049MB
    node-redmine-tr:  5435b2dcdf5c Downloading 1.049MB
    node-redmine-tr:  8b19bcf10fc2 Downloading 1.049MB
    node-redmine-tr:  0fe3834d483d Downloading 1.049MB
    node-redmine-tr:  ff8482cd03b7 Download complete 0B
    node-redmine-tr:  fa77b44f96d2 Downloading 1.312MB
    node-redmine-tr:  4c7f2d7f4f80 Downloading 1.049MB
    node-redmine-tr:  ee662d4e76ff Downloading 2.097MB
    node-redmine-tr:  ac28d232c7f3 Downloading 2.097MB
    node-redmine-tr:  3531af2bc2a9 Downloading 2.097MB
    node-redmine-tr:  c375454b4ff0 Downloading 2.097MB
    node-redmine-tr:  5435b2dcdf5c Downloading 2.097MB
    node-redmine-tr:  8b19bcf10fc2 Download complete 0B
    node-redmine-tr:  0fe3834d483d Downloading 1.049MB
    node-redmine-tr:  281affa84bd9 Download complete 0B
    node-redmine-tr:  009f9243ff5c Downloading 1.049MB
    node-redmine-tr:  2f70b6f11009 Downloading 1.049MB
    node-redmine-tr:  fafa0ca1b8c4 Downloading 1.049MB
    node-redmine-tr:  ee662d4e76ff Downloading 3.146MB
    node-redmine-tr:  ac28d232c7f3 Downloading 2.097MB
    node-redmine-tr:  3531af2bc2a9 Downloading 2.097MB
    node-redmine-tr:  c375454b4ff0 Downloading 2.097MB
    node-redmine-tr:  fa77b44f96d2 Download complete 0B
    node-redmine-tr:  4c7f2d7f4f80 Downloading 2.097MB
    node-redmine-tr:  5435b2dcdf5c Downloading 3.146MB
    node-redmine-tr:  0fe3834d483d Downloading 2.097MB
    node-redmine-tr:  009f9243ff5c Downloading 2.097MB
    node-redmine-tr:  2f70b6f11009 Downloading 1.049MB
    node-redmine-tr:  fafa0ca1b8c4 Downloading 2.097MB
    node-redmine-tr:  4c7f2d7f4f80 Downloading 2.097MB
    node-redmine-tr:  ee662d4e76ff Downloading 3.146MB
    node-redmine-tr:  2f70b6f11009 Downloading 2.097MB
    node-redmine-tr:  fafa0ca1b8c4 Downloading 2.097MB
    node-redmine-tr:  5435b2dcdf5c Downloading 3.146MB
    node-redmine-tr:  0fe3834d483d Downloading 2.097MB
    node-redmine-tr:  009f9243ff5c Downloading 2.097MB
    node-redmine-tr:  ac28d232c7f3 Downloading 3.146MB
    node-redmine-tr:  3531af2bc2a9 Downloading 3.146MB
    node-redmine-tr:  c375454b4ff0 Downloading 3.146MB
    node-redmine-tr:  2f70b6f11009 Downloading 2.097MB
    node-redmine-tr:  fafa0ca1b8c4 Downloading 2.097MB
    node-redmine-tr:  5435b2dcdf5c Downloading 3.146MB
    node-redmine-tr:  0fe3834d483d Downloading 3.146MB
    node-redmine-tr:  009f9243ff5c Downloading 2.097MB
    node-redmine-tr:  4c7f2d7f4f80 Downloading 3.146MB
    node-redmine-tr:  ee662d4e76ff Downloading 4.194MB
    node-redmine-tr:  ac28d232c7f3 Downloading 4.194MB
    node-redmine-tr:  3531af2bc2a9 Downloading 4.194MB
    node-redmine-tr:  c375454b4ff0 Downloading 4.194MB
    node-redmine-tr:  009f9243ff5c Downloading 3.146MB
    node-redmine-tr:  2f70b6f11009 Download complete 0B
    node-redmine-tr:  fafa0ca1b8c4 Downloading 3.146MB
    node-redmine-tr:  5435b2dcdf5c Downloading 4.194MB
    node-redmine-tr:  0fe3834d483d Downloading 3.146MB
    node-redmine-tr:  4c7f2d7f4f80 Downloading 4.194MB
    node-redmine-tr:  ee662d4e76ff Download complete 0B
    node-redmine-tr:  ac28d232c7f3 Downloading 4.194MB
    node-redmine-tr:  3531af2bc2a9 Downloading 5.243MB
    node-redmine-tr:  c375454b4ff0 Downloading 4.194MB
    node-redmine-tr:  5435b2dcdf5c Downloading 4.194MB
    node-redmine-tr:  0fe3834d483d Downloading 4.194MB
    node-redmine-tr:  009f9243ff5c Downloading 4.194MB
    node-redmine-tr:  fafa0ca1b8c4 Downloading 3.146MB
    node-redmine-tr:  0fe3834d483d Downloading 5.243MB
    node-redmine-tr:  009f9243ff5c Downloading 5.243MB
    node-redmine-tr:  fafa0ca1b8c4 Downloading 3.146MB
    node-redmine-tr:  5435b2dcdf5c Downloading 4.194MB
    node-redmine-tr:  3531af2bc2a9 Downloading 6.291MB
    node-redmine-tr:  c375454b4ff0 Downloading 5.243MB
    node-redmine-tr:  4c7f2d7f4f80 Downloading 5.243MB
    node-redmine-tr:  ac28d232c7f3 Downloading 5.243MB
    node-redmine-tr:  009f9243ff5c Downloading 6.291MB
    node-redmine-tr:  fafa0ca1b8c4 Downloading 4.194MB
    node-redmine-tr:  5435b2dcdf5c Downloading 5.243MB
    node-redmine-tr:  0fe3834d483d Downloading 6.291MB
    node-redmine-tr:  ac28d232c7f3 Downloading 6.291MB
    node-redmine-tr:  3531af2bc2a9 Downloading 6.291MB
    node-redmine-tr:  c375454b4ff0 Download complete 0B
    node-redmine-tr:  4c7f2d7f4f80 Downloading 5.243MB
    node-redmine-tr:  009f9243ff5c Downloading 6.291MB
    node-redmine-tr:  fafa0ca1b8c4 Downloading 4.784MB
    node-redmine-tr:  5435b2dcdf5c Downloading 5.243MB
    node-redmine-tr:  0fe3834d483d Downloading 6.291MB
    node-redmine-tr:  4c7f2d7f4f80 Downloading 6.291MB
    node-redmine-tr:  ac28d232c7f3 Downloading 8.204MB
    node-redmine-tr:  3531af2bc2a9 Downloading 8.389MB
    node-redmine-tr:  5435b2dcdf5c Downloading 6.291MB
    node-redmine-tr:  0fe3834d483d Downloading 7.34MB
    node-redmine-tr:  009f9243ff5c Downloading 7.34MB
    node-redmine-tr:  fafa0ca1b8c4 Downloading 6.291MB
    node-redmine-tr:  4c7f2d7f4f80 Downloading 7.34MB
    node-redmine-tr:  ac28d232c7f3 Download complete 0B
    node-redmine-tr:  3531af2bc2a9 Downloading 9.437MB
    node-redmine-tr:  5435b2dcdf5c Downloading 8.389MB
    node-redmine-tr:  0fe3834d483d Downloading 8.389MB
    node-redmine-tr:  009f9243ff5c Downloading 8.389MB
    node-redmine-tr:  fafa0ca1b8c4 Downloading 7.34MB
    node-redmine-tr:  0fe3834d483d Downloading 8.389MB
    node-redmine-tr:  009f9243ff5c Downloading 8.389MB
    node-redmine-tr:  fafa0ca1b8c4 Downloading 7.34MB
    node-redmine-tr:  5435b2dcdf5c Downloading 8.401MB
    node-redmine-tr:  3531af2bc2a9 Downloading 9.437MB
    node-redmine-tr:  4c7f2d7f4f80 Downloading 7.34MB
    node-redmine-tr:  5435b2dcdf5c Downloading 9.437MB
    node-redmine-tr:  0fe3834d483d Downloading 9.437MB
    node-redmine-tr:  009f9243ff5c Downloading 10.49MB
    node-redmine-tr:  fafa0ca1b8c4 Downloading 7.34MB
    node-redmine-tr:  3531af2bc2a9 Downloading 11.53MB
    node-redmine-tr:  4c7f2d7f4f80 Downloading 10.49MB
    node-redmine-tr:  009f9243ff5c Downloading 11.53MB
    node-redmine-tr:  fafa0ca1b8c4 Downloading 8.389MB
    node-redmine-tr:  5435b2dcdf5c Downloading 11.53MB
    node-redmine-tr:  0fe3834d483d Downloading 11.53MB
    node-redmine-tr:  fafa0ca1b8c4 Downloading 8.389MB
    node-redmine-tr:  5435b2dcdf5c Downloading 12.58MB
    node-redmine-tr:  0fe3834d483d Downloading 12.58MB
    node-redmine-tr:  009f9243ff5c Downloading 13.63MB
    node-redmine-tr:  3531af2bc2a9 Downloading 12.58MB
    node-redmine-tr:  4c7f2d7f4f80 Downloading 12.58MB
    node-redmine-tr:  009f9243ff5c Downloading 14.68MB
    node-redmine-tr:  fafa0ca1b8c4 Downloading 9.437MB
    node-redmine-tr:  5435b2dcdf5c Downloading 14.68MB
    node-redmine-tr:  0fe3834d483d Downloading 13.63MB
    node-redmine-tr:  3531af2bc2a9 Downloading 14.68MB
    node-redmine-tr:  4c7f2d7f4f80 Downloading 15.73MB
    node-redmine-tr:  5435b2dcdf5c Downloading 14.68MB
    node-redmine-tr:  0fe3834d483d Downloading 14.68MB
    node-redmine-tr:  009f9243ff5c Downloading 15.73MB
    node-redmine-tr:  fafa0ca1b8c4 Downloading 11.53MB
    node-redmine-tr:  3531af2bc2a9 Downloading 15.73MB
    node-redmine-tr:  4c7f2d7f4f80 Downloading 16.78MB
    node-redmine-tr:  009f9243ff5c Downloading 15.73MB
    node-redmine-tr:  fafa0ca1b8c4 Downloading 11.53MB
    node-redmine-tr:  5435b2dcdf5c Downloading 15.73MB
    node-redmine-tr:  0fe3834d483d Downloading 14.68MB
    node-redmine-tr:  fafa0ca1b8c4 Downloading 13.63MB
    node-redmine-tr:  5435b2dcdf5c Downloading 15.73MB
    node-redmine-tr:  0fe3834d483d Downloading 15.73MB
    node-redmine-tr:  009f9243ff5c Downloading 16.78MB
    node-redmine-tr:  4c7f2d7f4f80 Downloading 17.83MB
    node-redmine-tr:  3531af2bc2a9 Downloading 16.78MB
    node-redmine-tr:  5435b2dcdf5c Downloading 15.73MB
    node-redmine-tr:  0fe3834d483d Downloading 15.73MB
    node-redmine-tr:  009f9243ff5c Downloading 16.78MB
    node-redmine-tr:  fafa0ca1b8c4 Downloading 13.63MB
    node-redmine-tr:  3531af2bc2a9 Downloading 17.83MB
    node-redmine-tr:  4c7f2d7f4f80 Downloading 18.87MB
    node-redmine-tr:  5435b2dcdf5c Downloading 16.78MB
    node-redmine-tr:  0fe3834d483d Downloading 16.78MB
    node-redmine-tr:  009f9243ff5c Downloading 17.83MB
    node-redmine-tr:  fafa0ca1b8c4 Downloading 13.63MB
    node-redmine-tr:  3531af2bc2a9 Downloading 18.87MB
    node-redmine-tr:  4c7f2d7f4f80 Downloading 18.87MB
    node-redmine-tr:  5435b2dcdf5c Downloading 17.83MB
    node-redmine-tr:  0fe3834d483d Downloading 17.83MB
    node-redmine-tr:  009f9243ff5c Downloading 18.87MB
    node-redmine-tr:  fafa0ca1b8c4 Downloading 14.68MB
    node-redmine-tr:  009f9243ff5c Downloading 19.92MB
    node-redmine-tr:  fafa0ca1b8c4 Downloading 14.68MB
    node-redmine-tr:  5435b2dcdf5c Downloading 18.87MB
    node-redmine-tr:  0fe3834d483d Downloading 17.83MB
    node-redmine-tr:  4c7f2d7f4f80 Downloading 20.97MB
    node-redmine-tr:  3531af2bc2a9 Downloading 19.92MB
    node-redmine-tr:  5435b2dcdf5c Downloading 18.87MB
    node-redmine-tr:  0fe3834d483d Downloading 17.83MB
    node-redmine-tr:  3531af2bc2a9 Downloading 19.92MB
    node-redmine-tr:  4c7f2d7f4f80 Downloading 20.97MB
    node-redmine-tr:  009f9243ff5c Downloading 19.92MB
    node-redmine-tr:  fafa0ca1b8c4 Downloading 14.68MB
    node-redmine-tr:  4c7f2d7f4f80 Downloading 20.97MB
    node-redmine-tr:  3531af2bc2a9 Downloading 19.92MB
    node-redmine-tr:  009f9243ff5c Downloading 19.92MB
    node-redmine-tr:  fafa0ca1b8c4 Downloading 14.68MB
    node-redmine-tr:  5435b2dcdf5c Downloading 19.92MB
    node-redmine-tr:  0fe3834d483d Downloading 17.83MB
    node-redmine-tr:  fafa0ca1b8c4 Downloading 15.73MB
    node-redmine-tr:  5435b2dcdf5c Downloading 20.97MB
    node-redmine-tr:  0fe3834d483d Downloading 18.87MB
    node-redmine-tr:  009f9243ff5c Downloading 20.97MB
    node-redmine-tr:  3531af2bc2a9 Downloading 22.02MB
    node-redmine-tr:  4c7f2d7f4f80 Downloading 23.07MB
    node-redmine-tr:  5435b2dcdf5c Downloading 22.02MB
    node-redmine-tr:  0fe3834d483d Downloading 18.87MB
    node-redmine-tr:  009f9243ff5c Downloading 22.02MB
    node-redmine-tr:  fafa0ca1b8c4 Downloading 16.78MB
    node-redmine-tr:  3531af2bc2a9 Downloading 23.07MB
    node-redmine-tr:  4c7f2d7f4f80 Downloading 24.12MB
    node-redmine-tr:  0fe3834d483d Downloading 20.97MB
    node-redmine-tr:  009f9243ff5c Downloading 23.07MB
    node-redmine-tr:  fafa0ca1b8c4 Downloading 17.83MB
    node-redmine-tr:  5435b2dcdf5c Downloading 23.07MB
    node-redmine-tr:  4c7f2d7f4f80 Downloading 25.17MB
    node-redmine-tr:  3531af2bc2a9 Downloading 24.12MB
    node-redmine-tr:  0fe3834d483d Downloading 20.97MB
    node-redmine-tr:  009f9243ff5c Downloading 23.07MB
    node-redmine-tr:  fafa0ca1b8c4 Downloading 17.83MB
    node-redmine-tr:  5435b2dcdf5c Downloading 23.07MB
    node-redmine-tr:  0fe3834d483d Downloading 20.97MB
    node-redmine-tr:  009f9243ff5c Downloading 23.07MB
    node-redmine-tr:  fafa0ca1b8c4 Downloading 17.83MB
    node-redmine-tr:  5435b2dcdf5c Downloading 23.07MB
    node-redmine-tr:  3531af2bc2a9 Downloading 24.12MB
    node-redmine-tr:  4c7f2d7f4f80 Downloading 25.17MB
    node-redmine-tr:  5435b2dcdf5c Downloading 24.12MB
    node-redmine-tr:  0fe3834d483d Downloading 20.97MB
    node-redmine-tr:  009f9243ff5c Downloading 23.07MB
    node-redmine-tr:  fafa0ca1b8c4 Downloading 17.83MB
    node-redmine-tr:  3531af2bc2a9 Downloading 24.12MB
    node-redmine-tr:  4c7f2d7f4f80 Downloading 25.17MB
    node-redmine-tr:  fafa0ca1b8c4 Downloading 17.83MB
    node-redmine-tr:  5435b2dcdf5c Downloading 24.12MB
    node-redmine-tr:  0fe3834d483d Downloading 20.97MB
    node-redmine-tr:  009f9243ff5c Downloading 23.07MB
    node-redmine-tr:  3531af2bc2a9 Downloading 24.12MB
    node-redmine-tr:  4c7f2d7f4f80 Downloading 25.17MB
    node-redmine-tr:  fafa0ca1b8c4 Downloading 18.87MB
    node-redmine-tr:  5435b2dcdf5c Downloading 25.17MB
    node-redmine-tr:  0fe3834d483d Downloading 22MB
    node-redmine-tr:  009f9243ff5c Downloading 24.12MB
    node-redmine-tr:  4c7f2d7f4f80 Downloading 26.21MB
    node-redmine-tr:  3531af2bc2a9 Downloading 25.17MB
    node-redmine-tr:  5435b2dcdf5c Downloading 25.17MB
    node-redmine-tr:  0fe3834d483d Downloading 22.02MB
    node-redmine-tr:  009f9243ff5c Downloading 24.12MB
    node-redmine-tr:  fafa0ca1b8c4 Downloading 19.92MB
    node-redmine-tr:  3531af2bc2a9 Downloading 25.17MB
    node-redmine-tr:  4c7f2d7f4f80 Downloading 26.21MB
    node-redmine-tr:  0fe3834d483d Downloading 22.02MB
    node-redmine-tr:  009f9243ff5c Downloading 24.12MB
    node-redmine-tr:  fafa0ca1b8c4 Downloading 19.92MB
    node-redmine-tr:  5435b2dcdf5c Downloading 25.17MB
    node-redmine-tr:  3531af2bc2a9 Downloading 25.17MB
    node-redmine-tr:  4c7f2d7f4f80 Downloading 26.21MB
    node-redmine-tr:  0fe3834d483d Downloading 22.02MB
    node-redmine-tr:  009f9243ff5c Downloading 25.17MB
    node-redmine-tr:  fafa0ca1b8c4 Downloading 19.92MB
    node-redmine-tr:  5435b2dcdf5c Downloading 25.17MB
    node-redmine-tr:  3531af2bc2a9 Downloading 26.21MB
    node-redmine-tr:  4c7f2d7f4f80 Downloading 26.21MB
    node-redmine-tr:  009f9243ff5c Downloading 25.17MB
    node-redmine-tr:  fafa0ca1b8c4 Downloading 19.92MB
    node-redmine-tr:  5435b2dcdf5c Downloading 25.17MB
    node-redmine-tr:  0fe3834d483d Downloading 22.02MB
    node-redmine-tr:  0fe3834d483d Downloading 23.07MB
    node-redmine-tr:  009f9243ff5c Downloading 25.17MB
    node-redmine-tr:  3531af2bc2a9 Downloading 26.21MB
    node-redmine-tr:  4c7f2d7f4f80 Downloading 26.21MB
    node-redmine-tr:  fafa0ca1b8c4 Downloading 19.92MB
    node-redmine-tr:  5435b2dcdf5c Downloading 25.17MB
    node-redmine-tr:  3531af2bc2a9 Downloading 26.21MB
    node-redmine-tr:  4c7f2d7f4f80 Downloading 26.21MB
    node-redmine-tr:  0fe3834d483d Downloading 23.07MB
    node-redmine-tr:  009f9243ff5c Downloading 25.17MB
    node-redmine-tr:  fafa0ca1b8c4 Downloading 19.92MB
    node-redmine-tr:  5435b2dcdf5c Downloading 25.17MB
    node-redmine-tr:  4c7f2d7f4f80 Downloading 27.26MB
    node-redmine-tr:  3531af2bc2a9 Downloading 27.26MB
    node-redmine-tr:  0fe3834d483d Downloading 23.07MB
    node-redmine-tr:  009f9243ff5c Downloading 26.21MB
    node-redmine-tr:  fafa0ca1b8c4 Downloading 20.97MB
    node-redmine-tr:  5435b2dcdf5c Downloading 26.21MB
    node-redmine-tr:  0fe3834d483d Downloading 24.12MB
    node-redmine-tr:  009f9243ff5c Downloading 27.26MB
    node-redmine-tr:  fafa0ca1b8c4 Downloading 20.97MB
    node-redmine-tr:  5435b2dcdf5c Downloading 27.26MB
    node-redmine-tr:  4c7f2d7f4f80 Downloading 28.31MB
    node-redmine-tr:  3531af2bc2a9 Downloading 29.78MB
    node-redmine-tr:  fafa0ca1b8c4 Downloading 22.02MB
    node-redmine-tr:  5435b2dcdf5c Downloading 29.78MB
    node-redmine-tr:  0fe3834d483d Downloading 25.17MB
    node-redmine-tr:  009f9243ff5c Downloading 27.26MB
    node-redmine-tr:  4c7f2d7f4f80 Downloading 28.31MB
    node-redmine-tr:  fafa0ca1b8c4 Downloading 22.02MB
    node-redmine-tr:  5435b2dcdf5c Downloading 29.78MB
    node-redmine-tr:  0fe3834d483d Downloading 25.17MB
    node-redmine-tr:  009f9243ff5c Downloading 27.26MB
    node-redmine-tr:  3531af2bc2a9 Download complete 0B
    node-redmine-tr:  0fe3834d483d Downloading 25.17MB
    node-redmine-tr:  009f9243ff5c Downloading 27.26MB
    node-redmine-tr:  fafa0ca1b8c4 Downloading 22.02MB
    node-redmine-tr:  5435b2dcdf5c Download complete 0B
    node-redmine-tr:  3531af2bc2a9 Extracting 1B
    node-redmine-tr:  4c7f2d7f4f80 Downloading 29.36MB
    node-redmine-tr:  5435b2dcdf5c Extracting 1B
    node-redmine-tr:  0fe3834d483d Downloading 26.21MB
    node-redmine-tr:  009f9243ff5c Downloading 28.31MB
    node-redmine-tr:  fafa0ca1b8c4 Downloading 24.12MB
    node-redmine-tr:  3531af2bc2a9 Extracting 1B
    node-redmine-tr:  4c7f2d7f4f80 Downloading 31.46MB
    node-redmine-tr:  5435b2dcdf5c Extracting 1B
    node-redmine-tr:  0fe3834d483d Downloading 27.26MB
    node-redmine-tr:  009f9243ff5c Downloading 30.41MB
    node-redmine-tr:  fafa0ca1b8c4 Downloading 25.17MB
    node-redmine-tr:  3531af2bc2a9 Extracting 2B
    node-redmine-tr:  4c7f2d7f4f80 Downloading 31.46MB
    node-redmine-tr:  5435b2dcdf5c Extracting 1B
    node-redmine-tr:  fafa0ca1b8c4 Downloading 25.17MB
    node-redmine-tr:  0fe3834d483d Downloading 27.26MB
    node-redmine-tr:  009f9243ff5c Downloading 30.41MB
    node-redmine-tr:  5435b2dcdf5c Extracting 2B
    node-redmine-tr:  009f9243ff5c Downloading 31.46MB
    node-redmine-tr:  fafa0ca1b8c4 Downloading 27.26MB
    node-redmine-tr:  0fe3834d483d Downloading 28.31MB
    node-redmine-tr:  3531af2bc2a9 Extracting 2B
    node-redmine-tr:  4c7f2d7f4f80 Downloading 34.6MB
    node-redmine-tr:  5435b2dcdf5c Extracting 2B
    node-redmine-tr:  009f9243ff5c Downloading 33.55MB
    node-redmine-tr:  fafa0ca1b8c4 Downloading 28.31MB
    node-redmine-tr:  0fe3834d483d Downloading 29.36MB
    node-redmine-tr:  3531af2bc2a9 Extracting 3B
    node-redmine-tr:  4c7f2d7f4f80 Downloading 35.65MB
    node-redmine-tr:  5435b2dcdf5c Extracting 3B
    node-redmine-tr:  fafa0ca1b8c4 Downloading 28.31MB
    node-redmine-tr:  0fe3834d483d Downloading 29.36MB
    node-redmine-tr:  009f9243ff5c Downloading 33.55MB
    node-redmine-tr:  3531af2bc2a9 Extracting 3B
    node-redmine-tr:  4c7f2d7f4f80 Downloading 36.7MB
    node-redmine-tr:  5435b2dcdf5c Extracting 3B
    node-redmine-tr:  0fe3834d483d Downloading 30.41MB
    node-redmine-tr:  009f9243ff5c Downloading 35.65MB
    node-redmine-tr:  fafa0ca1b8c4 Downloading 29.36MB
    node-redmine-tr:  3531af2bc2a9 Extracting 4B
    node-redmine-tr:  5435b2dcdf5c Extracting 4B
    node-redmine-tr:  4c7f2d7f4f80 Downloading 37.75MB
    node-redmine-tr:  0fe3834d483d Downloading 31.46MB
    node-redmine-tr:  009f9243ff5c Downloading 35.65MB
    node-redmine-tr:  fafa0ca1b8c4 Downloading 30.41MB
    node-redmine-tr:  5435b2dcdf5c Extracting 4B
    node-redmine-tr:  0fe3834d483d Downloading 34.6MB
    node-redmine-tr:  009f9243ff5c Downloading 36.7MB
    node-redmine-tr:  fafa0ca1b8c4 Downloading 31.46MB
    node-redmine-tr:  3531af2bc2a9 Extracting 5B
    node-redmine-tr:  4c7f2d7f4f80 Downloading 40.89MB
    node-redmine-tr:  5435b2dcdf5c Extracting 5B
    node-redmine-tr:  fafa0ca1b8c4 Downloading 34.6MB
    node-redmine-tr:  0fe3834d483d Downloading 36.35MB
    node-redmine-tr:  009f9243ff5c Downloading 38.8MB
    node-redmine-tr:  3531af2bc2a9 Extracting 5B
    node-redmine-tr:  4c7f2d7f4f80 Downloading 41.94MB
    node-redmine-tr:  5435b2dcdf5c Extracting 5B
    node-redmine-tr:  0fe3834d483d Download complete 0B
    node-redmine-tr:  009f9243ff5c Downloading 40.89MB
    node-redmine-tr:  fafa0ca1b8c4 Downloading 35.65MB
    node-redmine-tr:  3531af2bc2a9 Extracting 6B
    node-redmine-tr:  4c7f2d7f4f80 Downloading 42.99MB
    node-redmine-tr:  5435b2dcdf5c Extracting 5B
    node-redmine-tr:  009f9243ff5c Downloading 40.89MB
    node-redmine-tr:  fafa0ca1b8c4 Downloading 35.65MB
    node-redmine-tr:  3531af2bc2a9 Extracting 6B
    node-redmine-tr:  4c7f2d7f4f80 Downloading 45.09MB
    node-redmine-tr:  5435b2dcdf5c Extracting 6B
    node-redmine-tr:  009f9243ff5c Downloading 42.99MB
    node-redmine-tr:  fafa0ca1b8c4 Downloading 37.75MB
    node-redmine-tr:  5435b2dcdf5c Extracting 6B
    node-redmine-tr:  3531af2bc2a9 Extracting 7B
    node-redmine-tr:  4c7f2d7f4f80 Downloading 47.19MB
    node-redmine-tr:  fafa0ca1b8c4 Downloading 38.8MB
    node-redmine-tr:  009f9243ff5c Downloading 44.04MB
    node-redmine-tr:  5435b2dcdf5c Extracting 7B
    node-redmine-tr:  3531af2bc2a9 Extracting 7B
    node-redmine-tr:  4c7f2d7f4f80 Downloading 48.23MB
    node-redmine-tr:  fafa0ca1b8c4 Downloading 39.85MB
    node-redmine-tr:  009f9243ff5c Downloading 45.09MB
    node-redmine-tr:  5435b2dcdf5c Extracting 7B
    node-redmine-tr:  fafa0ca1b8c4 Downloading 41.94MB
    node-redmine-tr:  009f9243ff5c Downloading 47.19MB
    node-redmine-tr:  3531af2bc2a9 Extracting 8B
    node-redmine-tr:  4c7f2d7f4f80 Downloading 49.28MB
    node-redmine-tr:  5435b2dcdf5c Extracting 8B
    node-redmine-tr:  009f9243ff5c Downloading 48.23MB
    node-redmine-tr:  fafa0ca1b8c4 Downloading 42.99MB
    node-redmine-tr:  3531af2bc2a9 Extracting 8B
    node-redmine-tr:  4c7f2d7f4f80 Downloading 51.38MB
    node-redmine-tr:  5435b2dcdf5c Extracting 8B
    node-redmine-tr:  fafa0ca1b8c4 Downloading 42.99MB
    node-redmine-tr:  009f9243ff5c Downloading 48.23MB
    node-redmine-tr:  3531af2bc2a9 Extracting 9B
    node-redmine-tr:  4c7f2d7f4f80 Downloading 51.38MB
    node-redmine-tr:  5435b2dcdf5c Extracting 8B
    node-redmine-tr:  fafa0ca1b8c4 Downloading 44.04MB
    node-redmine-tr:  009f9243ff5c Downloading 49.28MB
    node-redmine-tr:  3531af2bc2a9 Extracting 9B
    node-redmine-tr:  4c7f2d7f4f80 Downloading 52.43MB
    node-redmine-tr:  5435b2dcdf5c Extracting 9B
    node-redmine-tr:  009f9243ff5c Downloading 50.33MB
    node-redmine-tr:  fafa0ca1b8c4 Downloading 45.09MB
    node-redmine-tr:  3531af2bc2a9 Extracting 9B
    node-redmine-tr:  4c7f2d7f4f80 Downloading 53.48MB
    node-redmine-tr:  5435b2dcdf5c Extracting 9B
    node-redmine-tr:  009f9243ff5c Downloading 50.33MB
    node-redmine-tr:  fafa0ca1b8c4 Downloading 46.14MB
    node-redmine-tr:  3531af2bc2a9 Extracting 10B
    node-redmine-tr:  4c7f2d7f4f80 Downloading 54.53MB
    node-redmine-tr:  5435b2dcdf5c Extracting 9B
    node-redmine-tr:  009f9243ff5c Downloading 51.38MB
    node-redmine-tr:  fafa0ca1b8c4 Downloading 47.19MB
    node-redmine-tr:  5435b2dcdf5c Extracting 10B
    node-redmine-tr:  3531af2bc2a9 Extracting 10B
    node-redmine-tr:  009f9243ff5c Downloading 52.43MB
    node-redmine-tr:  fafa0ca1b8c4 Downloading 48.23MB
    node-redmine-tr:  4c7f2d7f4f80 Downloading 55.57MB
    node-redmine-tr:  5435b2dcdf5c Extracting 10B
    node-redmine-tr:  009f9243ff5c Downloading 52.43MB
    node-redmine-tr:  fafa0ca1b8c4 Downloading 48.23MB
    node-redmine-tr:  3531af2bc2a9 Extracting 10B
    node-redmine-tr:  4c7f2d7f4f80 Downloading 55.57MB
    node-redmine-tr:  5435b2dcdf5c Extracting 10B
    node-redmine-tr:  fafa0ca1b8c4 Downloading 49.28MB
    node-redmine-tr:  009f9243ff5c Downloading 54.53MB
    node-redmine-tr:  3531af2bc2a9 Extracting 11B
    node-redmine-tr:  4c7f2d7f4f80 Downloading 58.72MB
    node-redmine-tr:  5435b2dcdf5c Extracting 11B
    node-redmine-tr:  009f9243ff5c Downloading 56.62MB
    node-redmine-tr:  fafa0ca1b8c4 Downloading 54.83MB
    node-redmine-tr:  3531af2bc2a9 Extracting 11B
    node-redmine-tr:  4c7f2d7f4f80 Downloading 59.77MB
    node-redmine-tr:  5435b2dcdf5c Extracting 11B
    node-redmine-tr:  009f9243ff5c Downloading 57.67MB
    node-redmine-tr:  fafa0ca1b8c4 Downloading 54.83MB
    node-redmine-tr:  3531af2bc2a9 Extracting 12B
    node-redmine-tr:  4c7f2d7f4f80 Downloading 60.82MB
    node-redmine-tr:  5435b2dcdf5c Extracting 11B
    node-redmine-tr:  009f9243ff5c Downloading 58.72MB
    node-redmine-tr:  fafa0ca1b8c4 Download complete 0B
    node-redmine-tr:  3531af2bc2a9 Extracting 12B
    node-redmine-tr:  4c7f2d7f4f80 Downloading 61.87MB
    node-redmine-tr:  5435b2dcdf5c Extracting 12B
    node-redmine-tr:  009f9243ff5c Downloading 60.82MB
    node-redmine-tr:  3531af2bc2a9 Extracting 13B
    node-redmine-tr:  4c7f2d7f4f80 Downloading 63.96MB
    node-redmine-tr:  5435b2dcdf5c Extracting 12B
    node-redmine-tr:  009f9243ff5c Downloading 61.87MB
    node-redmine-tr:  3531af2bc2a9 Extracting 13B
    node-redmine-tr:  4c7f2d7f4f80 Downloading 65.01MB
    node-redmine-tr:  5435b2dcdf5c Extracting 13B
    node-redmine-tr:  009f9243ff5c Downloading 62.91MB
    node-redmine-tr:  3531af2bc2a9 Extracting 13B
    node-redmine-tr:  4c7f2d7f4f80 Downloading 66.06MB
    node-redmine-tr:  5435b2dcdf5c Extracting 13B
    node-redmine-tr:  009f9243ff5c Downloading 63.96MB
    node-redmine-tr:  3531af2bc2a9 Pull complete 0B
    node-redmine-tr:  4c7f2d7f4f80 Downloading 68.16MB
    node-redmine-tr:  5435b2dcdf5c Pull complete 0B
    node-redmine-tr:  009f9243ff5c Downloading 66.06MB
    node-redmine-tr:  8b19bcf10fc2 Extracting 1B
    node-redmine-tr:  4c7f2d7f4f80 Downloading 69.21MB
    node-redmine-tr:  be67b9cdfb60 Pull complete 0B
    node-redmine-tr:  009f9243ff5c Downloading 67.11MB
    node-redmine-tr:  8b19bcf10fc2 Extracting 1B
    node-redmine-tr:  c375454b4ff0 Extracting 1B
    node-redmine-tr:  4c7f2d7f4f80 Downloading 70.25MB
    node-redmine-tr:  009f9243ff5c Downloading 68.16MB
    node-redmine-tr:  8b19bcf10fc2 Pull complete 0B
    node-redmine-tr:  c375454b4ff0 Extracting 1B
    node-redmine-tr:  4c7f2d7f4f80 Downloading 71.3MB
    node-redmine-tr:  009f9243ff5c Downloading 69.21MB
    node-redmine-tr:  e1640434ec76 Extracting 1B
    node-redmine-tr:  c375454b4ff0 Extracting 1B
    node-redmine-tr:  4c7f2d7f4f80 Downloading 72.35MB
    node-redmine-tr:  009f9243ff5c Downloading 70.25MB
    node-redmine-tr:  e1640434ec76 Pull complete 0B
    node-redmine-tr:  c375454b4ff0 Extracting 1B
    node-redmine-tr:  0fe3834d483d Extracting 1B
    node-redmine-tr:  4c7f2d7f4f80 Downloading 73.4MB
    node-redmine-tr:  009f9243ff5c Downloading 72.35MB
    node-redmine-tr:  0fe3834d483d Extracting 1B
    node-redmine-tr:  c375454b4ff0 Extracting 2B
    node-redmine-tr:  009f9243ff5c Downloading 72.35MB
    node-redmine-tr:  4c7f2d7f4f80 Downloading 74.45MB
    node-redmine-tr:  0fe3834d483d Extracting 1B
    node-redmine-tr:  009f9243ff5c Downloading 73.4MB
    node-redmine-tr:  c375454b4ff0 Extracting 2B
    node-redmine-tr:  4c7f2d7f4f80 Downloading 75.5MB
    node-redmine-tr:  0fe3834d483d Extracting 1B
    node-redmine-tr:  009f9243ff5c Downloading 74.45MB
    node-redmine-tr:  c375454b4ff0 Extracting 2B
    node-redmine-tr:  4c7f2d7f4f80 Downloading 77.59MB
    node-redmine-tr:  0fe3834d483d Extracting 2B
    node-redmine-tr:  009f9243ff5c Downloading 75.5MB
    node-redmine-tr:  c375454b4ff0 Pull complete 0B
    node-redmine-tr:  4c7f2d7f4f80 Downloading 78.64MB
    node-redmine-tr:  0fe3834d483d Extracting 2B
    node-redmine-tr:  009f9243ff5c Downloading 76.55MB
    node-redmine-tr:  ff8482cd03b7 Extracting 1B
    node-redmine-tr:  4c7f2d7f4f80 Downloading 79.69MB
    node-redmine-tr:  0fe3834d483d Extracting 2B
    node-redmine-tr:  009f9243ff5c Downloading 77.59MB
    node-redmine-tr:  ff8482cd03b7 Extracting 1B
    node-redmine-tr:  4c7f2d7f4f80 Downloading 80.74MB
    node-redmine-tr:  0fe3834d483d Extracting 2B
    node-redmine-tr:  009f9243ff5c Downloading 78.64MB
    node-redmine-tr:  ff8482cd03b7 Extracting 1B
    node-redmine-tr:  4c7f2d7f4f80 Downloading 80.74MB
    node-redmine-tr:  0fe3834d483d Extracting 3B
    node-redmine-tr:  009f9243ff5c Downloading 79.69MB
    node-redmine-tr:  ff8482cd03b7 Pull complete 0B
    node-redmine-tr:  ac28d232c7f3 Extracting 1B
    node-redmine-tr:  0fe3834d483d Extracting 3B
    node-redmine-tr:  4c7f2d7f4f80 Downloading 81.79MB
    node-redmine-tr:  009f9243ff5c Downloading 79.69MB
    node-redmine-tr:  0fe3834d483d Extracting 3B
    node-redmine-tr:  ac28d232c7f3 Extracting 1B
    node-redmine-tr:  4c7f2d7f4f80 Downloading 82.84MB
    node-redmine-tr:  009f9243ff5c Downloading 80.74MB
    node-redmine-tr:  0fe3834d483d Extracting 3B
    node-redmine-tr:  ac28d232c7f3 Extracting 1B
    node-redmine-tr:  4c7f2d7f4f80 Downloading 82.84MB
    node-redmine-tr:  009f9243ff5c Downloading 80.74MB
    node-redmine-tr:  ac28d232c7f3 Extracting 1B
    node-redmine-tr:  0fe3834d483d Extracting 3B
    node-redmine-tr:  4c7f2d7f4f80 Downloading 83.89MB
    node-redmine-tr:  009f9243ff5c Downloading 81.79MB
    node-redmine-tr:  0fe3834d483d Extracting 4B
    node-redmine-tr:  ac28d232c7f3 Extracting 1B
    node-redmine-tr:  4c7f2d7f4f80 Downloading 84.93MB
    node-redmine-tr:  009f9243ff5c Downloading 83.89MB
    node-redmine-tr:  0fe3834d483d Extracting 4B
    node-redmine-tr:  ac28d232c7f3 Extracting 2B
    node-redmine-tr:  009f9243ff5c Downloading 85.98MB
    node-redmine-tr:  4c7f2d7f4f80 Downloading 87.03MB
    node-redmine-tr:  0fe3834d483d Extracting 4B
    node-redmine-tr:  ac28d232c7f3 Extracting 2B
    node-redmine-tr:  4c7f2d7f4f80 Downloading 87.03MB
    node-redmine-tr:  009f9243ff5c Downloading 85.98MB
    node-redmine-tr:  0fe3834d483d Extracting 5B
    node-redmine-tr:  ac28d232c7f3 Extracting 2B
    node-redmine-tr:  4c7f2d7f4f80 Downloading 89.13MB
    node-redmine-tr:  009f9243ff5c Downloading 87.03MB
    node-redmine-tr:  ac28d232c7f3 Extracting 3B
    node-redmine-tr:  0fe3834d483d Extracting 5B
    node-redmine-tr:  4c7f2d7f4f80 Downloading 90.18MB
    node-redmine-tr:  009f9243ff5c Downloading 88.08MB
    node-redmine-tr:  ac28d232c7f3 Extracting 3B
    node-redmine-tr:  0fe3834d483d Extracting 5B
    node-redmine-tr:  4c7f2d7f4f80 Downloading 91.23MB
    node-redmine-tr:  009f9243ff5c Downloading 89.13MB
    node-redmine-tr:  ac28d232c7f3 Extracting 3B
    node-redmine-tr:  0fe3834d483d Extracting 6B
    node-redmine-tr:  4c7f2d7f4f80 Downloading 92.27MB
    node-redmine-tr:  009f9243ff5c Downloading 91.23MB
    node-redmine-tr:  ac28d232c7f3 Extracting 4B
    node-redmine-tr:  0fe3834d483d Extracting 6B
    node-redmine-tr:  4c7f2d7f4f80 Downloading 94.37MB
    node-redmine-tr:  009f9243ff5c Downloading 93.32MB
    node-redmine-tr:  0fe3834d483d Extracting 6B
    node-redmine-tr:  4c7f2d7f4f80 Downloading 97.52MB
    node-redmine-tr:  009f9243ff5c Downloading 95.42MB
    node-redmine-tr:  0fe3834d483d Extracting 7B
    node-redmine-tr:  ac28d232c7f3 Pull complete 0B
    node-redmine-tr:  4c7f2d7f4f80 Downloading 98.57MB
    node-redmine-tr:  009f9243ff5c Downloading 96.47MB
    node-redmine-tr:  0fe3834d483d Extracting 7B
    node-redmine-tr:  fa77b44f96d2 Extracting 1B
    node-redmine-tr:  4c7f2d7f4f80 Downloading 100.7MB
    node-redmine-tr:  009f9243ff5c Downloading 97.52MB
    node-redmine-tr:  fa77b44f96d2 Extracting 1B
    node-redmine-tr:  0fe3834d483d Extracting 7B
    node-redmine-tr:  4c7f2d7f4f80 Downloading 100.7MB
    node-redmine-tr:  009f9243ff5c Downloading 97.52MB
    node-redmine-tr:  fa77b44f96d2 Extracting 1B
    node-redmine-tr:  4c7f2d7f4f80 Downloading 101.7MB
    node-redmine-tr:  0fe3834d483d Extracting 7B
    node-redmine-tr:  009f9243ff5c Downloading 98.57MB
    node-redmine-tr:  fa77b44f96d2 Pull complete 0B
    node-redmine-tr:  4c7f2d7f4f80 Downloading 101.7MB
    node-redmine-tr:  0fe3834d483d Extracting 8B
    node-redmine-tr:  009f9243ff5c Downloading 99.61MB
    node-redmine-tr:  dd1cc88a000a Extracting 1B
    node-redmine-tr:  4c7f2d7f4f80 Downloading 102.8MB
    node-redmine-tr:  0fe3834d483d Extracting 8B
    node-redmine-tr:  dd1cc88a000a Pull complete 0B
    node-redmine-tr:  009f9243ff5c Downloading 100.7MB
    node-redmine-tr:  4c7f2d7f4f80 Downloading 103.8MB
    node-redmine-tr:  0fe3834d483d Extracting 8B
    node-redmine-tr:  4c7f2d7f4f80 Downloading 104.9MB
    node-redmine-tr:  009f9243ff5c Downloading 102.8MB
    node-redmine-tr:  58e6420a0782 Pull complete 0B
    node-redmine-tr:  4c7f2d7f4f80 Downloading 104.9MB
    node-redmine-tr:  0fe3834d483d Extracting 8B
    node-redmine-tr:  009f9243ff5c Downloading 102.8MB
    node-redmine-tr:  4c7f2d7f4f80 Downloading 105.9MB
    node-redmine-tr:  0fe3834d483d Extracting 9B
    node-redmine-tr:  4c7f2d7f4f80 Downloading 105.9MB
    node-redmine-tr:  009f9243ff5c Downloading 104.9MB
    node-redmine-tr:  4c7f2d7f4f80 Downloading 108MB
    node-redmine-tr:  0fe3834d483d Extracting 9B
    node-redmine-tr:  009f9243ff5c Downloading 107MB
    node-redmine-tr:  4c7f2d7f4f80 Downloading 111MB
    node-redmine-tr:  0fe3834d483d Extracting 9B
    node-redmine-tr:  4c7f2d7f4f80 Download complete 0B
    node-redmine-tr:  009f9243ff5c Downloading 109.9MB
    node-redmine-tr:  4c7f2d7f4f80 Extracting 1B
    node-redmine-tr:  0fe3834d483d Extracting 9B
    node-redmine-tr:  4c7f2d7f4f80 Extracting 1B
    node-redmine-tr:  009f9243ff5c Download complete 0B
    node-redmine-tr:  0fe3834d483d Extracting 9B
    node-redmine-tr:  4c7f2d7f4f80 Extracting 1B
    node-redmine-tr:  0fe3834d483d Extracting 9B
    node-redmine-tr:  4c7f2d7f4f80 Extracting 1B
    node-redmine-tr:  0fe3834d483d Extracting 9B
    node-redmine-tr:  4c7f2d7f4f80 Extracting 1B
    node-redmine-tr:  0fe3834d483d Extracting 10B
    node-redmine-tr:  4c7f2d7f4f80 Extracting 1B
    node-redmine-tr:  0fe3834d483d Extracting 10B
    node-redmine-tr:  4c7f2d7f4f80 Extracting 1B
    node-redmine-tr:  0fe3834d483d Extracting 10B
    node-redmine-tr:  4c7f2d7f4f80 Extracting 1B
    node-redmine-tr:  0fe3834d483d Extracting 10B
    node-redmine-tr:  4c7f2d7f4f80 Extracting 1B
    node-redmine-tr:  0fe3834d483d Extracting 10B
    node-redmine-tr:  4c7f2d7f4f80 Extracting 1B
    node-redmine-tr:  0fe3834d483d Pull complete 0B
    node-redmine-tr:  4c7f2d7f4f80 Extracting 1B
    node-redmine-tr:  863367889287 Pull complete 0B
    node-redmine-tr:  d605ebef552c Pull complete 0B
    node-redmine-tr:  4c7f2d7f4f80 Extracting 2B
    node-redmine-tr:  009f9243ff5c Extracting 1B
    node-redmine-tr:  4c7f2d7f4f80 Extracting 2B
    node-redmine-tr:  009f9243ff5c Extracting 1B
    node-redmine-tr:  4c7f2d7f4f80 Extracting 2B
    node-redmine-tr:  009f9243ff5c Extracting 1B
    node-redmine-tr:  4c7f2d7f4f80 Extracting 2B
    node-redmine-tr:  009f9243ff5c Extracting 1B
    node-redmine-tr:  4c7f2d7f4f80 Extracting 2B
    node-redmine-tr:  009f9243ff5c Extracting 1B
    node-redmine-tr:  4c7f2d7f4f80 Extracting 2B
    node-redmine-tr:  009f9243ff5c Extracting 1B
    node-redmine-tr:  4c7f2d7f4f80 Extracting 2B
    node-redmine-tr:  009f9243ff5c Extracting 1B
    node-redmine-tr:  4c7f2d7f4f80 Extracting 2B
    node-redmine-tr:  009f9243ff5c Extracting 1B
    node-redmine-tr:  4c7f2d7f4f80 Extracting 2B
    node-redmine-tr:  009f9243ff5c Extracting 1B
    node-redmine-tr:  4c7f2d7f4f80 Extracting 2B
    node-redmine-tr:  009f9243ff5c Extracting 1B
    node-redmine-tr:  4c7f2d7f4f80 Extracting 3B
    node-redmine-tr:  009f9243ff5c Extracting 1B
    node-redmine-tr:  4c7f2d7f4f80 Extracting 3B
    node-redmine-tr:  009f9243ff5c Extracting 2B
    node-redmine-tr:  4c7f2d7f4f80 Extracting 3B
    node-redmine-tr:  009f9243ff5c Extracting 2B
    node-redmine-tr:  4c7f2d7f4f80 Extracting 3B
    node-redmine-tr:  009f9243ff5c Extracting 2B
    node-redmine-tr:  4c7f2d7f4f80 Extracting 3B
    node-redmine-tr:  009f9243ff5c Extracting 2B
    node-redmine-tr:  4c7f2d7f4f80 Extracting 3B
    node-redmine-tr:  009f9243ff5c Extracting 2B
    node-redmine-tr:  4c7f2d7f4f80 Extracting 3B
    node-redmine-tr:  009f9243ff5c Extracting 2B
    node-redmine-tr:  4c7f2d7f4f80 Extracting 3B
    node-redmine-tr:  009f9243ff5c Extracting 2B
    node-redmine-tr:  4c7f2d7f4f80 Extracting 3B
    node-redmine-tr:  009f9243ff5c Extracting 2B
    node-redmine-tr:  4c7f2d7f4f80 Extracting 3B
    node-redmine-tr:  009f9243ff5c Extracting 2B
    node-redmine-tr:  4c7f2d7f4f80 Extracting 4B
    node-redmine-tr:  009f9243ff5c Extracting 3B
    node-redmine-tr:  4c7f2d7f4f80 Extracting 4B
    node-redmine-tr:  009f9243ff5c Extracting 3B
    node-redmine-tr:  4c7f2d7f4f80 Extracting 4B
    node-redmine-tr:  009f9243ff5c Extracting 3B
    node-redmine-tr:  4c7f2d7f4f80 Extracting 4B
    node-redmine-tr:  009f9243ff5c Extracting 3B
    node-redmine-tr:  4c7f2d7f4f80 Extracting 4B
    node-redmine-tr:  009f9243ff5c Extracting 3B
    node-redmine-tr:  4c7f2d7f4f80 Extracting 4B
    node-redmine-tr:  009f9243ff5c Extracting 3B
    node-redmine-tr:  4c7f2d7f4f80 Extracting 4B
    node-redmine-tr:  009f9243ff5c Extracting 3B
    node-redmine-tr:  4c7f2d7f4f80 Extracting 4B
    node-redmine-tr:  009f9243ff5c Extracting 3B
    node-redmine-tr:  4c7f2d7f4f80 Extracting 4B
    node-redmine-tr:  009f9243ff5c Extracting 3B
    node-redmine-tr:  4c7f2d7f4f80 Extracting 5B
    node-redmine-tr:  009f9243ff5c Extracting 3B
    node-redmine-tr:  4c7f2d7f4f80 Extracting 5B
    node-redmine-tr:  009f9243ff5c Extracting 4B
    node-redmine-tr:  4c7f2d7f4f80 Extracting 5B
    node-redmine-tr:  009f9243ff5c Extracting 4B
    node-redmine-tr:  4c7f2d7f4f80 Extracting 5B
    node-redmine-tr:  009f9243ff5c Extracting 4B
    node-redmine-tr:  4c7f2d7f4f80 Extracting 5B
    node-redmine-tr:  009f9243ff5c Extracting 4B
    node-redmine-tr:  4c7f2d7f4f80 Extracting 5B
    node-redmine-tr:  009f9243ff5c Extracting 4B
    node-redmine-tr:  4c7f2d7f4f80 Extracting 5B
    node-redmine-tr:  009f9243ff5c Extracting 4B
    node-redmine-tr:  4c7f2d7f4f80 Extracting 5B
    node-redmine-tr:  009f9243ff5c Extracting 4B
    node-redmine-tr:  4c7f2d7f4f80 Extracting 5B
    node-redmine-tr:  009f9243ff5c Extracting 4B
    node-redmine-tr:  4c7f2d7f4f80 Extracting 5B
    node-redmine-tr:  009f9243ff5c Extracting 4B
    node-redmine-tr:  4c7f2d7f4f80 Extracting 6B
    node-redmine-tr:  009f9243ff5c Extracting 4B
    node-redmine-tr:  4c7f2d7f4f80 Extracting 6B
    node-redmine-tr:  009f9243ff5c Extracting 5B
    node-redmine-tr:  4c7f2d7f4f80 Extracting 6B
    node-redmine-tr:  009f9243ff5c Extracting 5B
    node-redmine-tr:  4c7f2d7f4f80 Extracting 6B
    node-redmine-tr:  009f9243ff5c Extracting 5B
    node-redmine-tr:  4c7f2d7f4f80 Extracting 6B
    node-redmine-tr:  009f9243ff5c Extracting 5B
    node-redmine-tr:  4c7f2d7f4f80 Extracting 6B
    node-redmine-tr:  009f9243ff5c Extracting 5B
    node-redmine-tr:  4c7f2d7f4f80 Extracting 6B
    node-redmine-tr:  009f9243ff5c Extracting 5B
    node-redmine-tr:  4c7f2d7f4f80 Extracting 6B
    node-redmine-tr:  009f9243ff5c Extracting 5B
    node-redmine-tr:  4c7f2d7f4f80 Extracting 6B
    node-redmine-tr:  009f9243ff5c Extracting 5B
    node-redmine-tr:  4c7f2d7f4f80 Extracting 6B
    node-redmine-tr:  009f9243ff5c Extracting 5B
    node-redmine-tr:  4c7f2d7f4f80 Extracting 6B
    node-redmine-tr:  009f9243ff5c Extracting 5B
    node-redmine-tr:  4c7f2d7f4f80 Extracting 7B
    node-redmine-tr:  009f9243ff5c Extracting 5B
    node-redmine-tr:  4c7f2d7f4f80 Extracting 7B
    node-redmine-tr:  009f9243ff5c Extracting 6B
    node-redmine-tr:  4c7f2d7f4f80 Extracting 7B
    node-redmine-tr:  009f9243ff5c Extracting 6B
    node-redmine-tr:  4c7f2d7f4f80 Extracting 7B
    node-redmine-tr:  009f9243ff5c Extracting 6B
    node-redmine-tr:  4c7f2d7f4f80 Extracting 7B
    node-redmine-tr:  009f9243ff5c Extracting 6B
    node-redmine-tr:  4c7f2d7f4f80 Extracting 7B
    node-redmine-tr:  009f9243ff5c Extracting 6B
    node-redmine-tr:  4c7f2d7f4f80 Extracting 7B
    node-redmine-tr:  009f9243ff5c Extracting 6B
    node-redmine-tr:  4c7f2d7f4f80 Extracting 7B
    node-redmine-tr:  009f9243ff5c Extracting 6B
    node-redmine-tr:  4c7f2d7f4f80 Extracting 7B
    node-redmine-tr:  009f9243ff5c Extracting 6B
    node-redmine-tr:  4c7f2d7f4f80 Extracting 7B
    node-redmine-tr:  009f9243ff5c Extracting 6B
    node-redmine-tr:  4c7f2d7f4f80 Extracting 8B
    node-redmine-tr:  009f9243ff5c Extracting 6B
    node-redmine-tr:  4c7f2d7f4f80 Extracting 8B
    node-redmine-tr:  009f9243ff5c Extracting 7B
    node-redmine-tr:  4c7f2d7f4f80 Extracting 8B
    node-redmine-tr:  009f9243ff5c Extracting 7B
    node-redmine-tr:  4c7f2d7f4f80 Extracting 8B
    node-redmine-tr:  009f9243ff5c Extracting 7B
    node-redmine-tr:  4c7f2d7f4f80 Extracting 8B
    node-redmine-tr:  009f9243ff5c Extracting 7B
    node-redmine-tr:  4c7f2d7f4f80 Extracting 8B
    node-redmine-tr:  009f9243ff5c Extracting 7B
    node-redmine-tr:  4c7f2d7f4f80 Extracting 8B
    node-redmine-tr:  009f9243ff5c Extracting 7B
    node-redmine-tr:  4c7f2d7f4f80 Extracting 8B
    node-redmine-tr:  009f9243ff5c Extracting 7B
    node-redmine-tr:  4c7f2d7f4f80 Extracting 8B
    node-redmine-tr:  009f9243ff5c Extracting 7B
    node-redmine-tr:  4c7f2d7f4f80 Extracting 9B
    node-redmine-tr:  009f9243ff5c Extracting 7B
    node-redmine-tr:  4c7f2d7f4f80 Extracting 9B
    node-redmine-tr:  009f9243ff5c Extracting 7B
    node-redmine-tr:  4c7f2d7f4f80 Extracting 9B
    node-redmine-tr:  009f9243ff5c Extracting 8B
    node-redmine-tr:  4c7f2d7f4f80 Extracting 9B
    node-redmine-tr:  009f9243ff5c Extracting 8B
    node-redmine-tr:  4c7f2d7f4f80 Extracting 9B
    node-redmine-tr:  009f9243ff5c Extracting 8B
    node-redmine-tr:  4c7f2d7f4f80 Extracting 9B
    node-redmine-tr:  009f9243ff5c Extracting 8B
    node-redmine-tr:  4c7f2d7f4f80 Extracting 9B
    node-redmine-tr:  009f9243ff5c Extracting 8B
    node-redmine-tr:  4c7f2d7f4f80 Extracting 9B
    node-redmine-tr:  009f9243ff5c Extracting 8B
    node-redmine-tr:  4c7f2d7f4f80 Extracting 9B
    node-redmine-tr:  009f9243ff5c Extracting 8B
    node-redmine-tr:  4c7f2d7f4f80 Extracting 9B
    node-redmine-tr:  009f9243ff5c Extracting 8B
    node-redmine-tr:  4c7f2d7f4f80 Extracting 9B
    node-redmine-tr:  009f9243ff5c Extracting 8B
    node-redmine-tr:  4c7f2d7f4f80 Extracting 10B
    node-redmine-tr:  009f9243ff5c Extracting 9B
    node-redmine-tr:  4c7f2d7f4f80 Extracting 10B
    node-redmine-tr:  009f9243ff5c Extracting 9B
    node-redmine-tr:  4c7f2d7f4f80 Extracting 10B
    node-redmine-tr:  009f9243ff5c Extracting 9B
    node-redmine-tr:  4c7f2d7f4f80 Extracting 10B
    node-redmine-tr:  009f9243ff5c Extracting 9B
    node-redmine-tr:  4c7f2d7f4f80 Extracting 10B
    node-redmine-tr:  009f9243ff5c Extracting 9B
    node-redmine-tr:  4c7f2d7f4f80 Extracting 10B
    node-redmine-tr:  009f9243ff5c Extracting 9B
    node-redmine-tr:  4c7f2d7f4f80 Extracting 10B
    node-redmine-tr:  009f9243ff5c Extracting 9B
    node-redmine-tr:  4c7f2d7f4f80 Extracting 10B
    node-redmine-tr:  009f9243ff5c Extracting 9B
    node-redmine-tr:  4c7f2d7f4f80 Extracting 10B
    node-redmine-tr:  009f9243ff5c Extracting 9B
    node-redmine-tr:  4c7f2d7f4f80 Extracting 10B
    node-redmine-tr:  009f9243ff5c Extracting 9B
    node-redmine-tr:  4c7f2d7f4f80 Extracting 11B
    node-redmine-tr:  009f9243ff5c Extracting 9B
    node-redmine-tr:  4c7f2d7f4f80 Extracting 11B
    node-redmine-tr:  009f9243ff5c Extracting 10B
    node-redmine-tr:  4c7f2d7f4f80 Extracting 11B
    node-redmine-tr:  009f9243ff5c Extracting 10B
    node-redmine-tr:  4c7f2d7f4f80 Extracting 11B
    node-redmine-tr:  009f9243ff5c Extracting 10B
    node-redmine-tr:  4c7f2d7f4f80 Extracting 11B
    node-redmine-tr:  009f9243ff5c Extracting 10B
    node-redmine-tr:  4c7f2d7f4f80 Extracting 11B
    node-redmine-tr:  009f9243ff5c Extracting 10B
    node-redmine-tr:  4c7f2d7f4f80 Extracting 11B
    node-redmine-tr:  009f9243ff5c Extracting 10B
    node-redmine-tr:  4c7f2d7f4f80 Extracting 11B
    node-redmine-tr:  009f9243ff5c Extracting 10B
    node-redmine-tr:  4c7f2d7f4f80 Extracting 11B
    node-redmine-tr:  009f9243ff5c Extracting 10B
    node-redmine-tr:  4c7f2d7f4f80 Extracting 12B
    node-redmine-tr:  009f9243ff5c Extracting 10B
    node-redmine-tr:  4c7f2d7f4f80 Extracting 12B
    node-redmine-tr:  009f9243ff5c Extracting 11B
    node-redmine-tr:  4c7f2d7f4f80 Extracting 12B
    node-redmine-tr:  009f9243ff5c Extracting 11B
    node-redmine-tr:  4c7f2d7f4f80 Extracting 12B
    node-redmine-tr:  009f9243ff5c Extracting 11B
    node-redmine-tr:  4c7f2d7f4f80 Extracting 12B
    node-redmine-tr:  009f9243ff5c Extracting 11B
    node-redmine-tr:  4c7f2d7f4f80 Extracting 12B
    node-redmine-tr:  009f9243ff5c Extracting 11B
    node-redmine-tr:  4c7f2d7f4f80 Extracting 12B
    node-redmine-tr:  009f9243ff5c Extracting 11B
    node-redmine-tr:  4c7f2d7f4f80 Extracting 12B
    node-redmine-tr:  009f9243ff5c Extracting 11B
    node-redmine-tr:  4c7f2d7f4f80 Extracting 12B
    node-redmine-tr:  009f9243ff5c Extracting 11B
    node-redmine-tr:  4c7f2d7f4f80 Extracting 12B
    node-redmine-tr:  009f9243ff5c Extracting 11B
    node-redmine-tr:  4c7f2d7f4f80 Extracting 13B
    node-redmine-tr:  009f9243ff5c Extracting 11B
    node-redmine-tr:  4c7f2d7f4f80 Extracting 13B
    node-redmine-tr:  009f9243ff5c Extracting 11B
    node-redmine-tr:  4c7f2d7f4f80 Extracting 13B
    node-redmine-tr:  009f9243ff5c Extracting 12B
    node-redmine-tr:  4c7f2d7f4f80 Extracting 13B
    node-redmine-tr:  009f9243ff5c Extracting 12B
    node-redmine-tr:  4c7f2d7f4f80 Extracting 13B
    node-redmine-tr:  009f9243ff5c Extracting 12B
    node-redmine-tr:  4c7f2d7f4f80 Extracting 13B
    node-redmine-tr:  009f9243ff5c Extracting 12B
    node-redmine-tr:  4c7f2d7f4f80 Extracting 13B
    node-redmine-tr:  009f9243ff5c Extracting 12B
    node-redmine-tr:  4c7f2d7f4f80 Extracting 13B
    node-redmine-tr:  009f9243ff5c Extracting 12B
    node-redmine-tr:  4c7f2d7f4f80 Extracting 13B
    node-redmine-tr:  009f9243ff5c Extracting 12B
    node-redmine-tr:  4c7f2d7f4f80 Extracting 13B
    node-redmine-tr:  009f9243ff5c Extracting 12B
    node-redmine-tr:  4c7f2d7f4f80 Extracting 14B
    node-redmine-tr:  009f9243ff5c Extracting 12B
    node-redmine-tr:  4c7f2d7f4f80 Extracting 14B
    node-redmine-tr:  009f9243ff5c Extracting 13B
    node-redmine-tr:  4c7f2d7f4f80 Extracting 14B
    node-redmine-tr:  009f9243ff5c Extracting 13B
    node-redmine-tr:  4c7f2d7f4f80 Extracting 14B
    node-redmine-tr:  009f9243ff5c Extracting 13B
    node-redmine-tr:  4c7f2d7f4f80 Extracting 14B
    node-redmine-tr:  009f9243ff5c Extracting 13B
    node-redmine-tr:  4c7f2d7f4f80 Extracting 14B
    node-redmine-tr:  009f9243ff5c Extracting 13B
    node-redmine-tr:  4c7f2d7f4f80 Extracting 14B
    node-redmine-tr:  009f9243ff5c Extracting 13B
    node-redmine-tr:  4c7f2d7f4f80 Extracting 14B
    node-redmine-tr:  009f9243ff5c Extracting 13B
    node-redmine-tr:  4c7f2d7f4f80 Extracting 14B
    node-redmine-tr:  009f9243ff5c Extracting 13B
    node-redmine-tr:  4c7f2d7f4f80 Extracting 14B
    node-redmine-tr:  009f9243ff5c Extracting 13B
    node-redmine-tr:  4c7f2d7f4f80 Extracting 14B
    node-redmine-tr:  009f9243ff5c Extracting 13B
    node-redmine-tr:  4c7f2d7f4f80 Extracting 15B
    node-redmine-tr:  009f9243ff5c Extracting 14B
    node-redmine-tr:  4c7f2d7f4f80 Extracting 15B
    node-redmine-tr:  009f9243ff5c Extracting 14B
    node-redmine-tr:  4c7f2d7f4f80 Extracting 15B
    node-redmine-tr:  009f9243ff5c Extracting 14B
    node-redmine-tr:  4c7f2d7f4f80 Extracting 15B
    node-redmine-tr:  009f9243ff5c Extracting 14B
    node-redmine-tr:  4c7f2d7f4f80 Extracting 15B
    node-redmine-tr:  009f9243ff5c Extracting 14B
    node-redmine-tr:  4c7f2d7f4f80 Extracting 15B
    node-redmine-tr:  009f9243ff5c Extracting 14B
    node-redmine-tr:  4c7f2d7f4f80 Extracting 15B
    node-redmine-tr:  009f9243ff5c Extracting 14B
    node-redmine-tr:  4c7f2d7f4f80 Extracting 15B
    node-redmine-tr:  009f9243ff5c Extracting 14B
    node-redmine-tr:  4c7f2d7f4f80 Extracting 15B
    node-redmine-tr:  009f9243ff5c Extracting 14B
    node-redmine-tr:  4c7f2d7f4f80 Extracting 16B
    node-redmine-tr:  009f9243ff5c Extracting 14B
    node-redmine-tr:  4c7f2d7f4f80 Extracting 16B
    node-redmine-tr:  009f9243ff5c Extracting 14B
    node-redmine-tr:  4c7f2d7f4f80 Pull complete 0B
    node-redmine-tr:  009f9243ff5c Extracting 15B
    node-redmine-tr:  3e0c43622abe Extracting 1B
    node-redmine-tr:  009f9243ff5c Extracting 15B
    node-redmine-tr:  3e0c43622abe Pull complete 0B
    node-redmine-tr:  009f9243ff5c Extracting 15B
    node-redmine-tr:  0892560966bb Extracting 1B
    node-redmine-tr:  009f9243ff5c Extracting 15B
    node-redmine-tr:  0892560966bb Pull complete 0B
    node-redmine-tr:  009f9243ff5c Extracting 15B
    node-redmine-tr:  9fa019823549 Extracting 1B
    node-redmine-tr:  009f9243ff5c Extracting 15B
    node-redmine-tr:  9fa019823549 Pull complete 0B
    node-redmine-tr:  00da1877cea6 Extracting 1B
    node-redmine-tr:  009f9243ff5c Extracting 15B
    node-redmine-tr:  26803cb302a4 Extracting 1B
    node-redmine-tr:  00da1877cea6 Pull complete 0B
    node-redmine-tr:  009f9243ff5c Extracting 15B
    node-redmine-tr:  26803cb302a4 Pull complete 0B
    node-redmine-tr:  009f9243ff5c Extracting 15B
    node-redmine-tr:  009f9243ff5c Extracting 15B
    node-redmine-tr:  009f9243ff5c Extracting 16B
    node-redmine-tr:  Image postgres:15 Pulled
    node-redmine-tr:  009f9243ff5c Extracting 16B
    node-redmine-tr:  009f9243ff5c Extracting 16B
    node-redmine-tr:  009f9243ff5c Extracting 16B
    node-redmine-tr:  009f9243ff5c Extracting 16B
    node-redmine-tr:  009f9243ff5c Extracting 16B
    node-redmine-tr:  009f9243ff5c Extracting 16B
    node-redmine-tr:  009f9243ff5c Extracting 16B
    node-redmine-tr:  009f9243ff5c Extracting 16B
    node-redmine-tr:  009f9243ff5c Extracting 16B
    node-redmine-tr:  009f9243ff5c Extracting 17B
    node-redmine-tr:  009f9243ff5c Extracting 17B
    node-redmine-tr:  009f9243ff5c Extracting 17B
    node-redmine-tr:  009f9243ff5c Extracting 17B
    node-redmine-tr:  009f9243ff5c Extracting 17B
    node-redmine-tr:  009f9243ff5c Extracting 17B
    node-redmine-tr:  281affa84bd9 Extracting 1B
    node-redmine-tr:  009f9243ff5c Pull complete 0B
    node-redmine-tr:  98baad10e4e4 Pull complete 0B
    node-redmine-tr:  281affa84bd9 Pull complete 0B
    node-redmine-tr:  96631895b575 Pull complete 0B
    node-redmine-tr:  2f70b6f11009 Extracting 1B
    node-redmine-tr:  2f70b6f11009 Extracting 1B
    node-redmine-tr:  2f70b6f11009 Extracting 1B
    node-redmine-tr:  2f70b6f11009 Extracting 1B
    node-redmine-tr:  2f70b6f11009 Extracting 1B
    node-redmine-tr:  2f70b6f11009 Extracting 1B
    node-redmine-tr:  2f70b6f11009 Extracting 1B
    node-redmine-tr:  2f70b6f11009 Extracting 1B
    node-redmine-tr:  2f70b6f11009 Extracting 1B
    node-redmine-tr:  2f70b6f11009 Extracting 1B
    node-redmine-tr:  2f70b6f11009 Pull complete 0B
    node-redmine-tr:  fafa0ca1b8c4 Extracting 1B
    node-redmine-tr:  fafa0ca1b8c4 Extracting 1B
    node-redmine-tr:  fafa0ca1b8c4 Extracting 1B
    node-redmine-tr:  fafa0ca1b8c4 Extracting 1B
    node-redmine-tr:  fafa0ca1b8c4 Extracting 1B
    node-redmine-tr:  fafa0ca1b8c4 Extracting 1B
    node-redmine-tr:  fafa0ca1b8c4 Extracting 1B
    node-redmine-tr:  fafa0ca1b8c4 Extracting 1B
    node-redmine-tr:  fafa0ca1b8c4 Extracting 1B
    node-redmine-tr:  fafa0ca1b8c4 Extracting 1B
    node-redmine-tr:  fafa0ca1b8c4 Extracting 1B
    node-redmine-tr:  fafa0ca1b8c4 Extracting 2B
    node-redmine-tr:  fafa0ca1b8c4 Extracting 2B
    node-redmine-tr:  fafa0ca1b8c4 Extracting 2B
    node-redmine-tr:  fafa0ca1b8c4 Extracting 2B
    node-redmine-tr:  fafa0ca1b8c4 Extracting 2B
    node-redmine-tr:  fafa0ca1b8c4 Extracting 2B
    node-redmine-tr:  fafa0ca1b8c4 Extracting 2B
    node-redmine-tr:  fafa0ca1b8c4 Extracting 2B
    node-redmine-tr:  fafa0ca1b8c4 Extracting 2B
    node-redmine-tr:  fafa0ca1b8c4 Extracting 2B
    node-redmine-tr:  fafa0ca1b8c4 Extracting 3B
    node-redmine-tr:  fafa0ca1b8c4 Extracting 3B
    node-redmine-tr:  fafa0ca1b8c4 Extracting 3B
    node-redmine-tr:  fafa0ca1b8c4 Extracting 3B
    node-redmine-tr:  fafa0ca1b8c4 Extracting 3B
    node-redmine-tr:  fafa0ca1b8c4 Extracting 3B
    node-redmine-tr:  fafa0ca1b8c4 Extracting 3B
    node-redmine-tr:  fafa0ca1b8c4 Extracting 3B
    node-redmine-tr:  fafa0ca1b8c4 Extracting 3B
    node-redmine-tr:  fafa0ca1b8c4 Extracting 3B
    node-redmine-tr:  fafa0ca1b8c4 Extracting 4B
    node-redmine-tr:  fafa0ca1b8c4 Extracting 4B
    node-redmine-tr:  fafa0ca1b8c4 Extracting 4B
    node-redmine-tr:  fafa0ca1b8c4 Extracting 4B
    node-redmine-tr:  fafa0ca1b8c4 Extracting 4B
    node-redmine-tr:  fafa0ca1b8c4 Extracting 4B
    node-redmine-tr:  fafa0ca1b8c4 Extracting 4B
    node-redmine-tr:  fafa0ca1b8c4 Extracting 4B
    node-redmine-tr:  fafa0ca1b8c4 Extracting 4B
    node-redmine-tr:  fafa0ca1b8c4 Pull complete 0B
    node-redmine-tr:  8ab0dd849fc9 Pull complete 0B
    node-redmine-tr:  Image redmine:5.1 Pulled
    node-redmine-tr:  Network redmine_default Creating
    node-redmine-tr:  Network redmine_default Created
    node-redmine-tr:  Container redmine-db Creating
    node-redmine-tr:  Container redmine-db Created
    node-redmine-tr:  Container redmine Creating
    node-redmine-tr:  Container redmine Created
    node-redmine-tr:  Container redmine-db Starting
    node-redmine-tr:  Container redmine-db Started
    node-redmine-tr:  Container redmine Starting
    node-redmine-tr:  Container redmine Started
    node-redmine-tr: [node-redmine] waiting for Redmine...
    node-redmine-tr: ..[node-redmine] Redmine up (3*10s)
    node-redmine-tr: 
    node-redmine-tr: [node-redmine] done: scenario=ok https=true
==> node-mattermost-tr: Importing base box 'ubuntu/jammy64'...

[K==> node-mattermost-tr: Matching MAC address for NAT networking...
==> node-mattermost-tr: Setting the name of the VM: node-mattermost-tr
==> node-mattermost-tr: Fixed port collision for 22 => 2222. Now on port 2201.
==> node-mattermost-tr: Clearing any previously set network interfaces...
==> node-mattermost-tr: Preparing network interfaces based on configuration...
    node-mattermost-tr: Adapter 1: nat
    node-mattermost-tr: Adapter 2: hostonly
==> node-mattermost-tr: Forwarding ports...
    node-mattermost-tr: 22 (guest) => 2201 (host) (adapter 1)
==> node-mattermost-tr: Running 'pre-boot' VM customizations...
==> node-mattermost-tr: Booting VM...
==> node-mattermost-tr: Waiting for machine to boot. This may take a few minutes...
    node-mattermost-tr: SSH address: 127.0.0.1:2201
    node-mattermost-tr: SSH username: vagrant
    node-mattermost-tr: SSH auth method: private key
    node-mattermost-tr: Warning: Connection reset. Retrying...
    node-mattermost-tr: 
    node-mattermost-tr: Vagrant insecure key detected. Vagrant will automatically replace
    node-mattermost-tr: this with a newly generated keypair for better security.
    node-mattermost-tr: 
    node-mattermost-tr: Inserting generated public key within guest...
    node-mattermost-tr: Removing insecure key from the guest if it's present...
    node-mattermost-tr: Key inserted! Disconnecting and reconnecting using new SSH key...
==> node-mattermost-tr: Machine booted and ready!
==> node-mattermost-tr: Checking for guest additions in VM...
    node-mattermost-tr: The guest additions on this VM do not match the installed version of
    node-mattermost-tr: VirtualBox! In most cases this is fine, but in rare cases it can
    node-mattermost-tr: prevent things such as shared folders from working properly. If you see
    node-mattermost-tr: shared folder errors, please make sure the guest additions within the
    node-mattermost-tr: virtual machine match the version of VirtualBox you have installed on
    node-mattermost-tr: your host and reload your VM.
    node-mattermost-tr: 
    node-mattermost-tr: Guest Additions Version: 6.0.0 r127566
    node-mattermost-tr: VirtualBox Version: 7.2
==> node-mattermost-tr: Setting hostname...
==> node-mattermost-tr: Configuring and enabling network interfaces...
==> node-mattermost-tr: Running provisioner: shell...
    node-mattermost-tr: Running: C:/Users/176D~1/AppData/Local/Temp/vagrant-shell20260429-9496-m35r6t.sh
    node-mattermost-tr: [node-mattermost] scenario=ok
    node-mattermost-tr: Reading package lists...
    node-mattermost-tr: Building dependency tree...
    node-mattermost-tr: Reading state information...
    node-mattermost-tr: lsb-release is already the newest version (11.1.0ubuntu4).
    node-mattermost-tr: lsb-release set to manually installed.
    node-mattermost-tr: ca-certificates is already the newest version (20240203~22.04.1).
    node-mattermost-tr: ca-certificates set to manually installed.
    node-mattermost-tr: ufw is already the newest version (0.36.1-4ubuntu0.1).
    node-mattermost-tr: ufw set to manually installed.
    node-mattermost-tr: The following additional packages will be installed:
    node-mattermost-tr:   dirmngr gnupg-l10n gnupg-utils gpg gpg-agent gpg-wks-client gpg-wks-server
    node-mattermost-tr:   gpgconf gpgsm gpgv libcurl4
    node-mattermost-tr: Suggested packages:
    node-mattermost-tr:   pinentry-gnome3 tor parcimonie xloadimage scdaemon
    node-mattermost-tr: The following packages will be upgraded:
    node-mattermost-tr:   curl dirmngr gnupg gnupg-l10n gnupg-utils gpg gpg-agent gpg-wks-client
    node-mattermost-tr:   gpg-wks-server gpgconf gpgsm gpgv libcurl4
    node-mattermost-tr: 13 upgraded, 0 newly installed, 0 to remove and 134 not upgraded.
    node-mattermost-tr: Need to get 2732 kB of archives.
    node-mattermost-tr: After this operation, 0 B of additional disk space will be used.
    node-mattermost-tr: Get:1 http://archive.ubuntu.com/ubuntu jammy-updates/main amd64 gpg-wks-client amd64 2.2.27-3ubuntu2.5 [62.7 kB]
    node-mattermost-tr: Get:2 http://archive.ubuntu.com/ubuntu jammy-updates/main amd64 dirmngr amd64 2.2.27-3ubuntu2.5 [293 kB]
    node-mattermost-tr: Get:3 http://archive.ubuntu.com/ubuntu jammy-updates/main amd64 gpg-wks-server amd64 2.2.27-3ubuntu2.5 [57.6 kB]
    node-mattermost-tr: Get:4 http://archive.ubuntu.com/ubuntu jammy-updates/main amd64 gnupg-utils amd64 2.2.27-3ubuntu2.5 [309 kB]
    node-mattermost-tr: Get:5 http://archive.ubuntu.com/ubuntu jammy-updates/main amd64 gpg-agent amd64 2.2.27-3ubuntu2.5 [209 kB]
    node-mattermost-tr: Get:6 http://archive.ubuntu.com/ubuntu jammy-updates/main amd64 gpg amd64 2.2.27-3ubuntu2.5 [519 kB]
    node-mattermost-tr: Get:7 http://archive.ubuntu.com/ubuntu jammy-updates/main amd64 gpgconf amd64 2.2.27-3ubuntu2.5 [94.3 kB]
    node-mattermost-tr: Get:8 http://archive.ubuntu.com/ubuntu jammy-updates/main amd64 gnupg-l10n all 2.2.27-3ubuntu2.5 [54.5 kB]
    node-mattermost-tr: Get:9 http://archive.ubuntu.com/ubuntu jammy-updates/main amd64 gnupg all 2.2.27-3ubuntu2.5 [315 kB]
    node-mattermost-tr: Get:10 http://archive.ubuntu.com/ubuntu jammy-updates/main amd64 gpgsm amd64 2.2.27-3ubuntu2.5 [197 kB]
    node-mattermost-tr: Get:11 http://archive.ubuntu.com/ubuntu jammy-updates/main amd64 gpgv amd64 2.2.27-3ubuntu2.5 [137 kB]
    node-mattermost-tr: Get:12 http://archive.ubuntu.com/ubuntu jammy-updates/main amd64 curl amd64 7.81.0-1ubuntu1.23 [194 kB]
    node-mattermost-tr: Get:13 http://archive.ubuntu.com/ubuntu jammy-updates/main amd64 libcurl4 amd64 7.81.0-1ubuntu1.23 [290 kB]
    node-mattermost-tr: Fetched 2732 kB in 1s (3838 kB/s)
    node-mattermost-tr: (Reading database ... 
(Reading database ... 5%
(Reading database ... 10%
(Reading database ... 15%
(Reading database ... 20%
(Reading database ... 25%
(Reading database ... 30%
(Reading database ... 35%
(Reading database ... 40%
(Reading database ... 45%
(Reading database ... 50%
(Reading database ... 55%
(Reading database ... 60%
(Reading database ... 65%
(Reading database ... 70%
(Reading database ... 75%
(Reading database ... 80%
(Reading database ... 85%
(Reading database ... 90%
(Reading database ... 95%
(Reading database ... 100%
(Reading database ... 64257 files and directories currently installed.)
    node-mattermost-tr: Preparing to unpack .../00-gpg-wks-client_2.2.27-3ubuntu2.5_amd64.deb ...
    node-mattermost-tr: Unpacking gpg-wks-client (2.2.27-3ubuntu2.5) over (2.2.27-3ubuntu2.4) ...
    node-mattermost-tr: Preparing to unpack .../01-dirmngr_2.2.27-3ubuntu2.5_amd64.deb ...
    node-mattermost-tr: Unpacking dirmngr (2.2.27-3ubuntu2.5) over (2.2.27-3ubuntu2.4) ...
    node-mattermost-tr: Preparing to unpack .../02-gpg-wks-server_2.2.27-3ubuntu2.5_amd64.deb ...
    node-mattermost-tr: Unpacking gpg-wks-server (2.2.27-3ubuntu2.5) over (2.2.27-3ubuntu2.4) ...
    node-mattermost-tr: Preparing to unpack .../03-gnupg-utils_2.2.27-3ubuntu2.5_amd64.deb ...
    node-mattermost-tr: Unpacking gnupg-utils (2.2.27-3ubuntu2.5) over (2.2.27-3ubuntu2.4) ...
    node-mattermost-tr: Preparing to unpack .../04-gpg-agent_2.2.27-3ubuntu2.5_amd64.deb ...
    node-mattermost-tr: Unpacking gpg-agent (2.2.27-3ubuntu2.5) over (2.2.27-3ubuntu2.4) ...
    node-mattermost-tr: Preparing to unpack .../05-gpg_2.2.27-3ubuntu2.5_amd64.deb ...
    node-mattermost-tr: Unpacking gpg (2.2.27-3ubuntu2.5) over (2.2.27-3ubuntu2.4) ...
    node-mattermost-tr: Preparing to unpack .../06-gpgconf_2.2.27-3ubuntu2.5_amd64.deb ...
    node-mattermost-tr: Unpacking gpgconf (2.2.27-3ubuntu2.5) over (2.2.27-3ubuntu2.4) ...
    node-mattermost-tr: Preparing to unpack .../07-gnupg-l10n_2.2.27-3ubuntu2.5_all.deb ...
    node-mattermost-tr: Unpacking gnupg-l10n (2.2.27-3ubuntu2.5) over (2.2.27-3ubuntu2.4) ...
    node-mattermost-tr: Preparing to unpack .../08-gnupg_2.2.27-3ubuntu2.5_all.deb ...
    node-mattermost-tr: Unpacking gnupg (2.2.27-3ubuntu2.5) over (2.2.27-3ubuntu2.4) ...
    node-mattermost-tr: Preparing to unpack .../09-gpgsm_2.2.27-3ubuntu2.5_amd64.deb ...
    node-mattermost-tr: Unpacking gpgsm (2.2.27-3ubuntu2.5) over (2.2.27-3ubuntu2.4) ...
    node-mattermost-tr: Preparing to unpack .../10-gpgv_2.2.27-3ubuntu2.5_amd64.deb ...
    node-mattermost-tr: Unpacking gpgv (2.2.27-3ubuntu2.5) over (2.2.27-3ubuntu2.4) ...
    node-mattermost-tr: Setting up gpgv (2.2.27-3ubuntu2.5) ...
    node-mattermost-tr: (Reading database ... 
(Reading database ... 5%
(Reading database ... 10%
(Reading database ... 15%
(Reading database ... 20%
(Reading database ... 25%
(Reading database ... 30%
(Reading database ... 35%
(Reading database ... 40%
(Reading database ... 45%
(Reading database ... 50%
(Reading database ... 55%
(Reading database ... 60%
(Reading database ... 65%
(Reading database ... 70%
(Reading database ... 75%
(Reading database ... 80%
(Reading database ... 85%
(Reading database ... 90%
(Reading database ... 95%
(Reading database ... 100%
(Reading database ... 64257 files and directories currently installed.)
    node-mattermost-tr: Preparing to unpack .../curl_7.81.0-1ubuntu1.23_amd64.deb ...
    node-mattermost-tr: Unpacking curl (7.81.0-1ubuntu1.23) over (7.81.0-1ubuntu1.20) ...
    node-mattermost-tr: Preparing to unpack .../libcurl4_7.81.0-1ubuntu1.23_amd64.deb ...
    node-mattermost-tr: Unpacking libcurl4:amd64 (7.81.0-1ubuntu1.23) over (7.81.0-1ubuntu1.20) ...
    node-mattermost-tr: Setting up gnupg-l10n (2.2.27-3ubuntu2.5) ...
    node-mattermost-tr: Setting up gpgconf (2.2.27-3ubuntu2.5) ...
    node-mattermost-tr: Setting up libcurl4:amd64 (7.81.0-1ubuntu1.23) ...
    node-mattermost-tr: Setting up curl (7.81.0-1ubuntu1.23) ...
    node-mattermost-tr: Setting up gpg (2.2.27-3ubuntu2.5) ...
    node-mattermost-tr: Setting up gnupg-utils (2.2.27-3ubuntu2.5) ...
    node-mattermost-tr: Setting up gpg-agent (2.2.27-3ubuntu2.5) ...
    node-mattermost-tr: Setting up gpgsm (2.2.27-3ubuntu2.5) ...
    node-mattermost-tr: Setting up dirmngr (2.2.27-3ubuntu2.5) ...
    node-mattermost-tr: Setting up gpg-wks-server (2.2.27-3ubuntu2.5) ...
    node-mattermost-tr: Setting up gpg-wks-client (2.2.27-3ubuntu2.5) ...
    node-mattermost-tr: Setting up gnupg (2.2.27-3ubuntu2.5) ...
    node-mattermost-tr: Processing triggers for libc-bin (2.35-0ubuntu3.10) ...
    node-mattermost-tr: Processing triggers for man-db (2.10.2-1) ...
    node-mattermost-tr: Processing triggers for install-info (6.8-4build1) ...
    node-mattermost-tr: NEEDRESTART-VER: 3.5
    node-mattermost-tr: NEEDRESTART-KCUR: 5.15.0-144-generic
    node-mattermost-tr: NEEDRESTART-KEXP: 5.15.0-144-generic
    node-mattermost-tr: NEEDRESTART-KSTA: 1
    node-mattermost-tr: Reading package lists...
    node-mattermost-tr: Building dependency tree...
    node-mattermost-tr: Reading state information...
    node-mattermost-tr: The following additional packages will be installed:
    node-mattermost-tr:   docker-buildx-plugin docker-ce-rootless-extras libslirp0 pigz slirp4netns
    node-mattermost-tr: Suggested packages:
    node-mattermost-tr:   cgroupfs-mount | cgroup-lite docker-model-plugin
    node-mattermost-tr: The following NEW packages will be installed:
    node-mattermost-tr:   containerd.io docker-buildx-plugin docker-ce docker-ce-cli
    node-mattermost-tr:   docker-ce-rootless-extras docker-compose-plugin libslirp0 pigz slirp4netns
    node-mattermost-tr: 0 upgraded, 9 newly installed, 0 to remove and 134 not upgraded.
    node-mattermost-tr: Need to get 94.9 MB of archives.
    node-mattermost-tr: After this operation, 365 MB of additional disk space will be used.
    node-mattermost-tr: Get:1 https://download.docker.com/linux/ubuntu jammy/stable amd64 containerd.io amd64 2.2.3-1~ubuntu.22.04~jammy [23.6 MB]
    node-mattermost-tr: Get:2 http://archive.ubuntu.com/ubuntu jammy/universe amd64 pigz amd64 2.6-1 [63.6 kB]
    node-mattermost-tr: Get:3 http://archive.ubuntu.com/ubuntu jammy/main amd64 libslirp0 amd64 4.6.1-1build1 [61.5 kB]
    node-mattermost-tr: Get:4 http://archive.ubuntu.com/ubuntu jammy/universe amd64 slirp4netns amd64 1.0.1-2 [28.2 kB]
    node-mattermost-tr: Get:5 https://download.docker.com/linux/ubuntu jammy/stable amd64 docker-ce-cli amd64 5:29.4.1-1~ubuntu.22.04~jammy [17.0 MB]
    node-mattermost-tr: Get:6 https://download.docker.com/linux/ubuntu jammy/stable amd64 docker-ce amd64 5:29.4.1-1~ubuntu.22.04~jammy [22.7 MB]
    node-mattermost-tr: Get:7 https://download.docker.com/linux/ubuntu jammy/stable amd64 docker-buildx-plugin amd64 0.33.0-1~ubuntu.22.04~jammy [16.9 MB]
    node-mattermost-tr: Get:8 https://download.docker.com/linux/ubuntu jammy/stable amd64 docker-ce-rootless-extras amd64 5:29.4.1-1~ubuntu.22.04~jammy [6560 kB]
    node-mattermost-tr: Get:9 https://download.docker.com/linux/ubuntu jammy/stable amd64 docker-compose-plugin amd64 5.1.3-1~ubuntu.22.04~jammy [8023 kB]
    node-mattermost-tr: Fetched 94.9 MB in 7s (12.8 MB/s)
    node-mattermost-tr: Selecting previously unselected package containerd.io.
    node-mattermost-tr: (Reading database ... 
(Reading database ... 5%
(Reading database ... 10%
(Reading database ... 15%
(Reading database ... 20%
(Reading database ... 25%
(Reading database ... 30%
(Reading database ... 35%
(Reading database ... 40%
(Reading database ... 45%
(Reading database ... 50%
(Reading database ... 55%
(Reading database ... 60%
(Reading database ... 65%
(Reading database ... 70%
(Reading database ... 75%
(Reading database ... 80%
(Reading database ... 85%
(Reading database ... 90%
(Reading database ... 95%
(Reading database ... 100%
(Reading database ... 64257 files and directories currently installed.)
    node-mattermost-tr: Preparing to unpack .../0-containerd.io_2.2.3-1~ubuntu.22.04~jammy_amd64.deb ...
    node-mattermost-tr: Unpacking containerd.io (2.2.3-1~ubuntu.22.04~jammy) ...
    node-mattermost-tr: Selecting previously unselected package docker-ce-cli.
    node-mattermost-tr: Preparing to unpack .../1-docker-ce-cli_5%3a29.4.1-1~ubuntu.22.04~jammy_amd64.deb ...
    node-mattermost-tr: Unpacking docker-ce-cli (5:29.4.1-1~ubuntu.22.04~jammy) ...
    node-mattermost-tr: Selecting previously unselected package docker-ce.
    node-mattermost-tr: Preparing to unpack .../2-docker-ce_5%3a29.4.1-1~ubuntu.22.04~jammy_amd64.deb ...
    node-mattermost-tr: Unpacking docker-ce (5:29.4.1-1~ubuntu.22.04~jammy) ...
    node-mattermost-tr: Selecting previously unselected package pigz.
    node-mattermost-tr: Preparing to unpack .../3-pigz_2.6-1_amd64.deb ...
    node-mattermost-tr: Unpacking pigz (2.6-1) ...
    node-mattermost-tr: Selecting previously unselected package docker-buildx-plugin.
    node-mattermost-tr: Preparing to unpack .../4-docker-buildx-plugin_0.33.0-1~ubuntu.22.04~jammy_amd64.deb ...
    node-mattermost-tr: Unpacking docker-buildx-plugin (0.33.0-1~ubuntu.22.04~jammy) ...
    node-mattermost-tr: Selecting previously unselected package docker-ce-rootless-extras.
    node-mattermost-tr: Preparing to unpack .../5-docker-ce-rootless-extras_5%3a29.4.1-1~ubuntu.22.04~jammy_amd64.deb ...
    node-mattermost-tr: Unpacking docker-ce-rootless-extras (5:29.4.1-1~ubuntu.22.04~jammy) ...
    node-mattermost-tr: Selecting previously unselected package docker-compose-plugin.
    node-mattermost-tr: Preparing to unpack .../6-docker-compose-plugin_5.1.3-1~ubuntu.22.04~jammy_amd64.deb ...
    node-mattermost-tr: Unpacking docker-compose-plugin (5.1.3-1~ubuntu.22.04~jammy) ...
    node-mattermost-tr: Selecting previously unselected package libslirp0:amd64.
    node-mattermost-tr: Preparing to unpack .../7-libslirp0_4.6.1-1build1_amd64.deb ...
    node-mattermost-tr: Unpacking libslirp0:amd64 (4.6.1-1build1) ...
    node-mattermost-tr: Selecting previously unselected package slirp4netns.
    node-mattermost-tr: Preparing to unpack .../8-slirp4netns_1.0.1-2_amd64.deb ...
    node-mattermost-tr: Unpacking slirp4netns (1.0.1-2) ...
    node-mattermost-tr: Setting up docker-buildx-plugin (0.33.0-1~ubuntu.22.04~jammy) ...
    node-mattermost-tr: Setting up containerd.io (2.2.3-1~ubuntu.22.04~jammy) ...
    node-mattermost-tr: Created symlink /etc/systemd/system/multi-user.target.wants/containerd.service → /lib/systemd/system/containerd.service.
    node-mattermost-tr: Setting up docker-compose-plugin (5.1.3-1~ubuntu.22.04~jammy) ...
    node-mattermost-tr: Setting up docker-ce-cli (5:29.4.1-1~ubuntu.22.04~jammy) ...
    node-mattermost-tr: Setting up libslirp0:amd64 (4.6.1-1build1) ...
    node-mattermost-tr: Setting up pigz (2.6-1) ...
    node-mattermost-tr: Setting up docker-ce-rootless-extras (5:29.4.1-1~ubuntu.22.04~jammy) ...
    node-mattermost-tr: Setting up slirp4netns (1.0.1-2) ...
    node-mattermost-tr: Setting up docker-ce (5:29.4.1-1~ubuntu.22.04~jammy) ...
    node-mattermost-tr: Created symlink /etc/systemd/system/multi-user.target.wants/docker.service → /lib/systemd/system/docker.service.
    node-mattermost-tr: Created symlink /etc/systemd/system/sockets.target.wants/docker.socket → /lib/systemd/system/docker.socket.
    node-mattermost-tr: Processing triggers for man-db (2.10.2-1) ...
    node-mattermost-tr: Processing triggers for libc-bin (2.35-0ubuntu3.10) ...
    node-mattermost-tr: NEEDRESTART-VER: 3.5
    node-mattermost-tr: NEEDRESTART-KCUR: 5.15.0-144-generic
    node-mattermost-tr: NEEDRESTART-KEXP: 5.15.0-144-generic
    node-mattermost-tr: NEEDRESTART-KSTA: 1
    node-mattermost-tr: Synchronizing state of docker.service with SysV service script with /lib/systemd/systemd-sysv-install.
    node-mattermost-tr: Executing: /lib/systemd/systemd-sysv-install enable docker
    node-mattermost-tr: Reading package lists...
    node-mattermost-tr: Building dependency tree...
    node-mattermost-tr: Reading state information...
    node-mattermost-tr: The following additional packages will be installed:
    node-mattermost-tr:   fontconfig-config fonts-dejavu-core libdeflate0 libfontconfig1 libgd3
    node-mattermost-tr:   libjbig0 libjpeg-turbo8 libjpeg8 libnginx-mod-http-geoip2
    node-mattermost-tr:   libnginx-mod-http-image-filter libnginx-mod-http-xslt-filter
    node-mattermost-tr:   libnginx-mod-mail libnginx-mod-stream libnginx-mod-stream-geoip2 libtiff5
    node-mattermost-tr:   libwebp7 libxpm4 nginx-common nginx-core
    node-mattermost-tr: Suggested packages:
    node-mattermost-tr:   libgd-tools fcgiwrap nginx-doc ssl-cert
    node-mattermost-tr: The following NEW packages will be installed:
    node-mattermost-tr:   fontconfig-config fonts-dejavu-core libdeflate0 libfontconfig1 libgd3
    node-mattermost-tr:   libjbig0 libjpeg-turbo8 libjpeg8 libnginx-mod-http-geoip2
    node-mattermost-tr:   libnginx-mod-http-image-filter libnginx-mod-http-xslt-filter
    node-mattermost-tr:   libnginx-mod-mail libnginx-mod-stream libnginx-mod-stream-geoip2 libtiff5
    node-mattermost-tr:   libwebp7 libxpm4 nginx nginx-common nginx-core
    node-mattermost-tr: The following packages will be upgraded:
    node-mattermost-tr:   openssl
    node-mattermost-tr: 1 upgraded, 20 newly installed, 0 to remove and 133 not upgraded.
    node-mattermost-tr: Need to get 3882 kB of archives.
    node-mattermost-tr: After this operation, 8359 kB of additional disk space will be used.
    node-mattermost-tr: Get:1 http://archive.ubuntu.com/ubuntu jammy-updates/main amd64 openssl amd64 3.0.2-0ubuntu1.23 [1186 kB]
    node-mattermost-tr: Get:2 http://archive.ubuntu.com/ubuntu jammy/main amd64 fonts-dejavu-core all 2.37-2build1 [1041 kB]
    node-mattermost-tr: Get:3 http://archive.ubuntu.com/ubuntu jammy/main amd64 fontconfig-config all 2.13.1-4.2ubuntu5 [29.1 kB]
    node-mattermost-tr: Get:4 http://archive.ubuntu.com/ubuntu jammy/main amd64 libdeflate0 amd64 1.10-2 [70.9 kB]
    node-mattermost-tr: Get:5 http://archive.ubuntu.com/ubuntu jammy/main amd64 libfontconfig1 amd64 2.13.1-4.2ubuntu5 [131 kB]
    node-mattermost-tr: Get:6 http://archive.ubuntu.com/ubuntu jammy/main amd64 libjpeg-turbo8 amd64 2.1.2-0ubuntu1 [134 kB]
    node-mattermost-tr: Get:7 http://archive.ubuntu.com/ubuntu jammy/main amd64 libjpeg8 amd64 8c-2ubuntu10 [2264 B]
    node-mattermost-tr: Get:8 http://archive.ubuntu.com/ubuntu jammy-updates/main amd64 libjbig0 amd64 2.1-3.1ubuntu0.22.04.1 [29.2 kB]
    node-mattermost-tr: Get:9 http://archive.ubuntu.com/ubuntu jammy-updates/main amd64 libwebp7 amd64 1.2.2-2ubuntu0.22.04.2 [206 kB]
    node-mattermost-tr: Get:10 http://archive.ubuntu.com/ubuntu jammy-updates/main amd64 libtiff5 amd64 4.3.0-6ubuntu0.13 [185 kB]
    node-mattermost-tr: Get:11 http://archive.ubuntu.com/ubuntu jammy-updates/main amd64 libxpm4 amd64 1:3.5.12-1ubuntu0.22.04.2 [36.7 kB]
    node-mattermost-tr: Get:12 http://archive.ubuntu.com/ubuntu jammy-updates/main amd64 libgd3 amd64 2.3.0-2ubuntu2.3 [129 kB]
    node-mattermost-tr: Get:13 http://archive.ubuntu.com/ubuntu jammy-updates/main amd64 nginx-common all 1.18.0-6ubuntu14.10 [40.4 kB]
    node-mattermost-tr: Get:14 http://archive.ubuntu.com/ubuntu jammy-updates/main amd64 libnginx-mod-http-geoip2 amd64 1.18.0-6ubuntu14.10 [12.3 kB]
    node-mattermost-tr: Get:15 http://archive.ubuntu.com/ubuntu jammy-updates/main amd64 libnginx-mod-http-image-filter amd64 1.18.0-6ubuntu14.10 [15.8 kB]
    node-mattermost-tr: Get:16 http://archive.ubuntu.com/ubuntu jammy-updates/main amd64 libnginx-mod-http-xslt-filter amd64 1.18.0-6ubuntu14.10 [14.2 kB]
    node-mattermost-tr: Get:17 http://archive.ubuntu.com/ubuntu jammy-updates/main amd64 libnginx-mod-mail amd64 1.18.0-6ubuntu14.10 [46.2 kB]
    node-mattermost-tr: Get:18 http://archive.ubuntu.com/ubuntu jammy-updates/main amd64 libnginx-mod-stream amd64 1.18.0-6ubuntu14.10 [73.2 kB]
    node-mattermost-tr: Get:19 http://archive.ubuntu.com/ubuntu jammy-updates/main amd64 libnginx-mod-stream-geoip2 amd64 1.18.0-6ubuntu14.10 [10.1 kB]
    node-mattermost-tr: Get:20 http://archive.ubuntu.com/ubuntu jammy-updates/main amd64 nginx-core amd64 1.18.0-6ubuntu14.10 [484 kB]
    node-mattermost-tr: Get:21 http://archive.ubuntu.com/ubuntu jammy-updates/main amd64 nginx amd64 1.18.0-6ubuntu14.10 [3884 B]
    node-mattermost-tr: Preconfiguring packages ...
    node-mattermost-tr: Fetched 3882 kB in 1s (4208 kB/s)
    node-mattermost-tr: (Reading database ... 
(Reading database ... 5%
(Reading database ... 10%
(Reading database ... 15%
(Reading database ... 20%
(Reading database ... 25%
(Reading database ... 30%
(Reading database ... 35%
(Reading database ... 40%
(Reading database ... 45%
(Reading database ... 50%
(Reading database ... 55%
(Reading database ... 60%
(Reading database ... 65%
(Reading database ... 70%
(Reading database ... 75%
(Reading database ... 80%
(Reading database ... 85%
(Reading database ... 90%
(Reading database ... 95%
(Reading database ... 100%
(Reading database ... 64507 files and directories currently installed.)
    node-mattermost-tr: Preparing to unpack .../00-openssl_3.0.2-0ubuntu1.23_amd64.deb ...
    node-mattermost-tr: Unpacking openssl (3.0.2-0ubuntu1.23) over (3.0.2-0ubuntu1.19) ...
    node-mattermost-tr: Selecting previously unselected package fonts-dejavu-core.
    node-mattermost-tr: Preparing to unpack .../01-fonts-dejavu-core_2.37-2build1_all.deb ...
    node-mattermost-tr: Unpacking fonts-dejavu-core (2.37-2build1) ...
    node-mattermost-tr: Selecting previously unselected package fontconfig-config.
    node-mattermost-tr: Preparing to unpack .../02-fontconfig-config_2.13.1-4.2ubuntu5_all.deb ...
    node-mattermost-tr: Unpacking fontconfig-config (2.13.1-4.2ubuntu5) ...
    node-mattermost-tr: Selecting previously unselected package libdeflate0:amd64.
    node-mattermost-tr: Preparing to unpack .../03-libdeflate0_1.10-2_amd64.deb ...
    node-mattermost-tr: Unpacking libdeflate0:amd64 (1.10-2) ...
    node-mattermost-tr: Selecting previously unselected package libfontconfig1:amd64.
    node-mattermost-tr: Preparing to unpack .../04-libfontconfig1_2.13.1-4.2ubuntu5_amd64.deb ...
    node-mattermost-tr: Unpacking libfontconfig1:amd64 (2.13.1-4.2ubuntu5) ...
    node-mattermost-tr: Selecting previously unselected package libjpeg-turbo8:amd64.
    node-mattermost-tr: Preparing to unpack .../05-libjpeg-turbo8_2.1.2-0ubuntu1_amd64.deb ...
    node-mattermost-tr: Unpacking libjpeg-turbo8:amd64 (2.1.2-0ubuntu1) ...
    node-mattermost-tr: Selecting previously unselected package libjpeg8:amd64.
    node-mattermost-tr: Preparing to unpack .../06-libjpeg8_8c-2ubuntu10_amd64.deb ...
    node-mattermost-tr: Unpacking libjpeg8:amd64 (8c-2ubuntu10) ...
    node-mattermost-tr: Selecting previously unselected package libjbig0:amd64.
    node-mattermost-tr: Preparing to unpack .../07-libjbig0_2.1-3.1ubuntu0.22.04.1_amd64.deb ...
    node-mattermost-tr: Unpacking libjbig0:amd64 (2.1-3.1ubuntu0.22.04.1) ...
    node-mattermost-tr: Selecting previously unselected package libwebp7:amd64.
    node-mattermost-tr: Preparing to unpack .../08-libwebp7_1.2.2-2ubuntu0.22.04.2_amd64.deb ...
    node-mattermost-tr: Unpacking libwebp7:amd64 (1.2.2-2ubuntu0.22.04.2) ...
    node-mattermost-tr: Selecting previously unselected package libtiff5:amd64.
    node-mattermost-tr: Preparing to unpack .../09-libtiff5_4.3.0-6ubuntu0.13_amd64.deb ...
    node-mattermost-tr: Unpacking libtiff5:amd64 (4.3.0-6ubuntu0.13) ...
    node-mattermost-tr: Selecting previously unselected package libxpm4:amd64.
    node-mattermost-tr: Preparing to unpack .../10-libxpm4_1%3a3.5.12-1ubuntu0.22.04.2_amd64.deb ...
    node-mattermost-tr: Unpacking libxpm4:amd64 (1:3.5.12-1ubuntu0.22.04.2) ...
    node-mattermost-tr: Selecting previously unselected package libgd3:amd64.
    node-mattermost-tr: Preparing to unpack .../11-libgd3_2.3.0-2ubuntu2.3_amd64.deb ...
    node-mattermost-tr: Unpacking libgd3:amd64 (2.3.0-2ubuntu2.3) ...
    node-mattermost-tr: Selecting previously unselected package nginx-common.
    node-mattermost-tr: Preparing to unpack .../12-nginx-common_1.18.0-6ubuntu14.10_all.deb ...
    node-mattermost-tr: Unpacking nginx-common (1.18.0-6ubuntu14.10) ...
    node-mattermost-tr: Selecting previously unselected package libnginx-mod-http-geoip2.
    node-mattermost-tr: Preparing to unpack .../13-libnginx-mod-http-geoip2_1.18.0-6ubuntu14.10_amd64.deb ...
    node-mattermost-tr: Unpacking libnginx-mod-http-geoip2 (1.18.0-6ubuntu14.10) ...
    node-mattermost-tr: Selecting previously unselected package libnginx-mod-http-image-filter.
    node-mattermost-tr: Preparing to unpack .../14-libnginx-mod-http-image-filter_1.18.0-6ubuntu14.10_amd64.deb ...
    node-mattermost-tr: Unpacking libnginx-mod-http-image-filter (1.18.0-6ubuntu14.10) ...
    node-mattermost-tr: Selecting previously unselected package libnginx-mod-http-xslt-filter.
    node-mattermost-tr: Preparing to unpack .../15-libnginx-mod-http-xslt-filter_1.18.0-6ubuntu14.10_amd64.deb ...
    node-mattermost-tr: Unpacking libnginx-mod-http-xslt-filter (1.18.0-6ubuntu14.10) ...
    node-mattermost-tr: Selecting previously unselected package libnginx-mod-mail.
    node-mattermost-tr: Preparing to unpack .../16-libnginx-mod-mail_1.18.0-6ubuntu14.10_amd64.deb ...
    node-mattermost-tr: Unpacking libnginx-mod-mail (1.18.0-6ubuntu14.10) ...
    node-mattermost-tr: Selecting previously unselected package libnginx-mod-stream.
    node-mattermost-tr: Preparing to unpack .../17-libnginx-mod-stream_1.18.0-6ubuntu14.10_amd64.deb ...
    node-mattermost-tr: Unpacking libnginx-mod-stream (1.18.0-6ubuntu14.10) ...
    node-mattermost-tr: Selecting previously unselected package libnginx-mod-stream-geoip2.
    node-mattermost-tr: Preparing to unpack .../18-libnginx-mod-stream-geoip2_1.18.0-6ubuntu14.10_amd64.deb ...
    node-mattermost-tr: Unpacking libnginx-mod-stream-geoip2 (1.18.0-6ubuntu14.10) ...
    node-mattermost-tr: Selecting previously unselected package nginx-core.
    node-mattermost-tr: Preparing to unpack .../19-nginx-core_1.18.0-6ubuntu14.10_amd64.deb ...
    node-mattermost-tr: Unpacking nginx-core (1.18.0-6ubuntu14.10) ...
    node-mattermost-tr: Selecting previously unselected package nginx.
    node-mattermost-tr: Preparing to unpack .../20-nginx_1.18.0-6ubuntu14.10_amd64.deb ...
    node-mattermost-tr: Unpacking nginx (1.18.0-6ubuntu14.10) ...
    node-mattermost-tr: Setting up libxpm4:amd64 (1:3.5.12-1ubuntu0.22.04.2) ...
    node-mattermost-tr: Setting up libdeflate0:amd64 (1.10-2) ...
    node-mattermost-tr: Setting up nginx-common (1.18.0-6ubuntu14.10) ...
    node-mattermost-tr: Created symlink /etc/systemd/system/multi-user.target.wants/nginx.service → /lib/systemd/system/nginx.service.
    node-mattermost-tr: Setting up libjbig0:amd64 (2.1-3.1ubuntu0.22.04.1) ...
    node-mattermost-tr: Setting up libnginx-mod-http-xslt-filter (1.18.0-6ubuntu14.10) ...
    node-mattermost-tr: Setting up fonts-dejavu-core (2.37-2build1) ...
    node-mattermost-tr: Setting up libjpeg-turbo8:amd64 (2.1.2-0ubuntu1) ...
    node-mattermost-tr: Setting up libwebp7:amd64 (1.2.2-2ubuntu0.22.04.2) ...
    node-mattermost-tr: Setting up libnginx-mod-http-geoip2 (1.18.0-6ubuntu14.10) ...
    node-mattermost-tr: Setting up openssl (3.0.2-0ubuntu1.23) ...
    node-mattermost-tr: Setting up libjpeg8:amd64 (8c-2ubuntu10) ...
    node-mattermost-tr: Setting up libnginx-mod-mail (1.18.0-6ubuntu14.10) ...
    node-mattermost-tr: Setting up fontconfig-config (2.13.1-4.2ubuntu5) ...
    node-mattermost-tr: Setting up libnginx-mod-stream (1.18.0-6ubuntu14.10) ...
    node-mattermost-tr: Setting up libtiff5:amd64 (4.3.0-6ubuntu0.13) ...
    node-mattermost-tr: Setting up libfontconfig1:amd64 (2.13.1-4.2ubuntu5) ...
    node-mattermost-tr: Setting up libnginx-mod-stream-geoip2 (1.18.0-6ubuntu14.10) ...
    node-mattermost-tr: Setting up libgd3:amd64 (2.3.0-2ubuntu2.3) ...
    node-mattermost-tr: Setting up libnginx-mod-http-image-filter (1.18.0-6ubuntu14.10) ...
    node-mattermost-tr: Setting up nginx-core (1.18.0-6ubuntu14.10) ...
    node-mattermost-tr:  * Upgrading binary nginx
    node-mattermost-tr:    ...done.
    node-mattermost-tr: Setting up nginx (1.18.0-6ubuntu14.10) ...
    node-mattermost-tr: Processing triggers for ufw (0.36.1-4ubuntu0.1) ...
    node-mattermost-tr: Processing triggers for man-db (2.10.2-1) ...
    node-mattermost-tr: Processing triggers for libc-bin (2.35-0ubuntu3.10) ...
    node-mattermost-tr: NEEDRESTART-VER: 3.5
    node-mattermost-tr: NEEDRESTART-KCUR: 5.15.0-144-generic
    node-mattermost-tr: NEEDRESTART-KEXP: 5.15.0-144-generic
    node-mattermost-tr: NEEDRESTART-KSTA: 1
    node-mattermost-tr: Synchronizing state of nginx.service with SysV service script with /lib/systemd/systemd-sysv-install.
    node-mattermost-tr: Executing: /lib/systemd/systemd-sysv-install enable nginx
    node-mattermost-tr: Firewall is active and enabled on system startup
    node-mattermost-tr: Rule added
    node-mattermost-tr: Rule added (v6)
    node-mattermost-tr: Rule added
    node-mattermost-tr: Rule added (v6)
    node-mattermost-tr: Rule added
    node-mattermost-tr: Rule added (v6)
    node-mattermost-tr: Rule added
    node-mattermost-tr: Rule added (v6)
    node-mattermost-tr:  Image mattermost/mattermost-team-edition:9.5 Pulling
    node-mattermost-tr:  Image postgres:15 Pulling
    node-mattermost-tr:  4f4fb700ef54 Pulling fs layer 0B
    node-mattermost-tr:  2ab09b027e7f Pulling fs layer 0B
    node-mattermost-tr:  05de7d3270fa Pulling fs layer 0B
    node-mattermost-tr:  f5bfdc5b1f8b Pulling fs layer 0B
    node-mattermost-tr:  d05f6d8a1f1a Pulling fs layer 0B
    node-mattermost-tr:  4f4fb700ef54 Download complete 0B
    node-mattermost-tr:  d05f6d8a1f1a Download complete 0B
    node-mattermost-tr:  26803cb302a4 Pulling fs layer 0B
    node-mattermost-tr:  3531af2bc2a9 Pulling fs layer 0B
    node-mattermost-tr:  be67b9cdfb60 Pulling fs layer 0B
    node-mattermost-tr:  c375454b4ff0 Pulling fs layer 0B
    node-mattermost-tr:  ff8482cd03b7 Pulling fs layer 0B
    node-mattermost-tr:  ac28d232c7f3 Pulling fs layer 0B
    node-mattermost-tr:  fa77b44f96d2 Pulling fs layer 0B
    node-mattermost-tr:  dd1cc88a000a Pulling fs layer 0B
    node-mattermost-tr:  58e6420a0782 Pulling fs layer 0B
    node-mattermost-tr:  4c7f2d7f4f80 Pulling fs layer 0B
    node-mattermost-tr:  3e0c43622abe Pulling fs layer 0B
    node-mattermost-tr:  0892560966bb Pulling fs layer 0B
    node-mattermost-tr:  9fa019823549 Pulling fs layer 0B
    node-mattermost-tr:  00da1877cea6 Pulling fs layer 0B
    node-mattermost-tr:  14c26c45f021 Downloading 53.86kB
    node-mattermost-tr:  14c26c45f021 Download complete 0B
    node-mattermost-tr:  2ab09b027e7f Downloading 1.049MB
    node-mattermost-tr:  be67b9cdfb60 Download complete 0B
    node-mattermost-tr:  2ab09b027e7f Downloading 1.049MB
    node-mattermost-tr:  26803cb302a4 Download complete 0B
    node-mattermost-tr:  2ab09b027e7f Downloading 1.049MB
    node-mattermost-tr:  58e6420a0782 Downloading 3.14kB
    node-mattermost-tr:  3e0c43622abe Downloading 9.886kB
    node-mattermost-tr:  9fa019823549 Downloading 167B
    node-mattermost-tr:  2ab09b027e7f Downloading 1.049MB
    node-mattermost-tr:  05de7d3270fa Downloading 1.049MB
    node-mattermost-tr:  00da1877cea6 Download complete 0B
    node-mattermost-tr:  dd1cc88a000a Downloading 116B
    node-mattermost-tr:  0892560966bb Downloading 127B
    node-mattermost-tr:  2ab09b027e7f Downloading 1.049MB
    node-mattermost-tr:  05de7d3270fa Downloading 1.049MB
    node-mattermost-tr:  58e6420a0782 Downloading 3.14kB
    node-mattermost-tr:  3e0c43622abe Downloading 9.886kB
    node-mattermost-tr:  9fa019823549 Downloading 167B
    node-mattermost-tr:  dd1cc88a000a Download complete 0B
    node-mattermost-tr:  0892560966bb Downloading 127B
    node-mattermost-tr:  2ab09b027e7f Downloading 1.049MB
    node-mattermost-tr:  05de7d3270fa Downloading 1.049MB
    node-mattermost-tr:  58e6420a0782 Downloading 3.14kB
    node-mattermost-tr:  3e0c43622abe Downloading 9.886kB
    node-mattermost-tr:  2ab09b027e7f Downloading 1.049MB
    node-mattermost-tr:  9fa019823549 Download complete 0B
    node-mattermost-tr:  05de7d3270fa Downloading 1.049MB
    node-mattermost-tr:  f5bfdc5b1f8b Downloading 1.049MB
    node-mattermost-tr:  ee662d4e76ff Downloading 1.049MB
    node-mattermost-tr:  0892560966bb Downloading 127B
    node-mattermost-tr:  2ab09b027e7f Downloading 1.049MB
    node-mattermost-tr:  05de7d3270fa Downloading 1.049MB
    node-mattermost-tr:  f5bfdc5b1f8b Downloading 1.049MB
    node-mattermost-tr:  2ab09b027e7f Downloading 1.049MB
    node-mattermost-tr:  05de7d3270fa Downloading 1.049MB
    node-mattermost-tr:  f5bfdc5b1f8b Downloading 1.049MB
    node-mattermost-tr:  ee662d4e76ff Downloading 1.049MB
    node-mattermost-tr:  0892560966bb Download complete 0B
    node-mattermost-tr:  f5bfdc5b1f8b Downloading 1.049MB
    node-mattermost-tr:  58e6420a0782 Download complete 0B
    node-mattermost-tr:  2ab09b027e7f Downloading 1.049MB
    node-mattermost-tr:  05de7d3270fa Downloading 1.049MB
    node-mattermost-tr:  3e0c43622abe Download complete 0B
    node-mattermost-tr:  2ab09b027e7f Downloading 2.097MB
    node-mattermost-tr:  05de7d3270fa Downloading 2.097MB
    node-mattermost-tr:  f5bfdc5b1f8b Downloading 1.049MB
    node-mattermost-tr:  2ab09b027e7f Downloading 2.097MB
    node-mattermost-tr:  05de7d3270fa Downloading 2.097MB
    node-mattermost-tr:  f5bfdc5b1f8b Downloading 1.049MB
    node-mattermost-tr:  3531af2bc2a9 Downloading 1.049MB
    node-mattermost-tr:  fa77b44f96d2 Downloading 1.049MB
    node-mattermost-tr:  ee662d4e76ff Downloading 2.097MB
    node-mattermost-tr:  2ab09b027e7f Downloading 2.097MB
    node-mattermost-tr:  05de7d3270fa Downloading 2.097MB
    node-mattermost-tr:  f5bfdc5b1f8b Downloading 2.097MB
    node-mattermost-tr:  05de7d3270fa Downloading 2.097MB
    node-mattermost-tr:  f5bfdc5b1f8b Downloading 2.097MB
    node-mattermost-tr:  2ab09b027e7f Downloading 2.097MB
    node-mattermost-tr:  2ab09b027e7f Downloading 2.097MB
    node-mattermost-tr:  05de7d3270fa Downloading 2.097MB
    node-mattermost-tr:  f5bfdc5b1f8b Downloading 2.097MB
    node-mattermost-tr:  ee662d4e76ff Downloading 2.097MB
    node-mattermost-tr:  4c7f2d7f4f80 Downloading 1.049MB
    node-mattermost-tr:  ac28d232c7f3 Downloading 1.049MB
    node-mattermost-tr:  c375454b4ff0 Downloading 1.049MB
    node-mattermost-tr:  ff8482cd03b7 Downloading 1.257MB
    node-mattermost-tr:  3531af2bc2a9 Downloading 1.049MB
    node-mattermost-tr:  fa77b44f96d2 Download complete 0B
    node-mattermost-tr:  2ab09b027e7f Downloading 2.851MB
    node-mattermost-tr:  05de7d3270fa Downloading 2.097MB
    node-mattermost-tr:  f5bfdc5b1f8b Downloading 2.097MB
    node-mattermost-tr:  f5bfdc5b1f8b Downloading 2.097MB
    node-mattermost-tr:  2ab09b027e7f Downloading 3.146MB
    node-mattermost-tr:  05de7d3270fa Downloading 3.146MB
    node-mattermost-tr:  c375454b4ff0 Downloading 1.049MB
    node-mattermost-tr:  ff8482cd03b7 Download complete 0B
    node-mattermost-tr:  3531af2bc2a9 Downloading 1.049MB
    node-mattermost-tr:  ee662d4e76ff Downloading 2.097MB
    node-mattermost-tr:  4c7f2d7f4f80 Downloading 1.049MB
    node-mattermost-tr:  ac28d232c7f3 Downloading 1.049MB
    node-mattermost-tr:  2ab09b027e7f Downloading 4.194MB
    node-mattermost-tr:  05de7d3270fa Downloading 3.146MB
    node-mattermost-tr:  f5bfdc5b1f8b Downloading 3.146MB
    node-mattermost-tr:  2ab09b027e7f Downloading 4.194MB
    node-mattermost-tr:  05de7d3270fa Downloading 4.194MB
    node-mattermost-tr:  f5bfdc5b1f8b Downloading 4.194MB
    node-mattermost-tr:  2ab09b027e7f Downloading 4.194MB
    node-mattermost-tr:  05de7d3270fa Downloading 5.243MB
    node-mattermost-tr:  f5bfdc5b1f8b Downloading 4.194MB
    node-mattermost-tr:  ac28d232c7f3 Downloading 2.097MB
    node-mattermost-tr:  c375454b4ff0 Downloading 2.097MB
    node-mattermost-tr:  3531af2bc2a9 Downloading 3.146MB
    node-mattermost-tr:  ee662d4e76ff Downloading 4.194MB
    node-mattermost-tr:  4c7f2d7f4f80 Downloading 3.146MB
    node-mattermost-tr:  2ab09b027e7f Downloading 4.194MB
    node-mattermost-tr:  05de7d3270fa Downloading 5.243MB
    node-mattermost-tr:  f5bfdc5b1f8b Downloading 4.194MB
    node-mattermost-tr:  2ab09b027e7f Downloading 4.194MB
    node-mattermost-tr:  05de7d3270fa Downloading 5.243MB
    node-mattermost-tr:  f5bfdc5b1f8b Downloading 5.243MB
    node-mattermost-tr:  2ab09b027e7f Downloading 4.194MB
    node-mattermost-tr:  05de7d3270fa Downloading 5.243MB
    node-mattermost-tr:  f5bfdc5b1f8b Downloading 5.243MB
    node-mattermost-tr:  f5bfdc5b1f8b Downloading 5.243MB
    node-mattermost-tr:  2ab09b027e7f Downloading 4.194MB
    node-mattermost-tr:  05de7d3270fa Downloading 5.243MB
    node-mattermost-tr:  c375454b4ff0 Downloading 3.146MB
    node-mattermost-tr:  3531af2bc2a9 Downloading 4.194MB
    node-mattermost-tr:  ee662d4e76ff Downloading 5.243MB
    node-mattermost-tr:  4c7f2d7f4f80 Downloading 4.194MB
    node-mattermost-tr:  ac28d232c7f3 Downloading 3.146MB
    node-mattermost-tr:  2ab09b027e7f Downloading 5.243MB
    node-mattermost-tr:  05de7d3270fa Downloading 6.291MB
    node-mattermost-tr:  f5bfdc5b1f8b Downloading 5.243MB
    node-mattermost-tr:  2ab09b027e7f Downloading 5.243MB
    node-mattermost-tr:  05de7d3270fa Downloading 6.291MB
    node-mattermost-tr:  f5bfdc5b1f8b Downloading 6.291MB
    node-mattermost-tr:  05de7d3270fa Downloading 6.291MB
    node-mattermost-tr:  f5bfdc5b1f8b Downloading 6.291MB
    node-mattermost-tr:  2ab09b027e7f Downloading 5.243MB
    node-mattermost-tr:  2ab09b027e7f Downloading 5.243MB
    node-mattermost-tr:  05de7d3270fa Downloading 6.291MB
    node-mattermost-tr:  f5bfdc5b1f8b Downloading 6.291MB
    node-mattermost-tr:  ee662d4e76ff Download complete 0B
    node-mattermost-tr:  4c7f2d7f4f80 Downloading 5.243MB
    node-mattermost-tr:  ac28d232c7f3 Downloading 4.194MB
    node-mattermost-tr:  c375454b4ff0 Downloading 4.194MB
    node-mattermost-tr:  3531af2bc2a9 Downloading 5.243MB
    node-mattermost-tr:  2ab09b027e7f Downloading 6.291MB
    node-mattermost-tr:  05de7d3270fa Downloading 7.34MB
    node-mattermost-tr:  f5bfdc5b1f8b Downloading 7.34MB
    node-mattermost-tr:  2ab09b027e7f Downloading 6.291MB
    node-mattermost-tr:  05de7d3270fa Downloading 7.34MB
    node-mattermost-tr:  f5bfdc5b1f8b Downloading 7.34MB
    node-mattermost-tr:  2ab09b027e7f Downloading 6.291MB
    node-mattermost-tr:  05de7d3270fa Downloading 7.34MB
    node-mattermost-tr:  f5bfdc5b1f8b Downloading 7.34MB
    node-mattermost-tr:  3531af2bc2a9 Downloading 6.291MB
    node-mattermost-tr:  4c7f2d7f4f80 Downloading 7.34MB
    node-mattermost-tr:  ac28d232c7f3 Downloading 6.291MB
    node-mattermost-tr:  c375454b4ff0 Downloading 5.243MB
    node-mattermost-tr:  2ab09b027e7f Downloading 6.291MB
    node-mattermost-tr:  05de7d3270fa Downloading 7.34MB
    node-mattermost-tr:  f5bfdc5b1f8b Downloading 7.34MB
    node-mattermost-tr:  f5bfdc5b1f8b Downloading 8.389MB
    node-mattermost-tr:  2ab09b027e7f Downloading 6.291MB
    node-mattermost-tr:  05de7d3270fa Downloading 8.389MB
    node-mattermost-tr:  4c7f2d7f4f80 Downloading 7.34MB
    node-mattermost-tr:  ac28d232c7f3 Downloading 7.34MB
    node-mattermost-tr:  c375454b4ff0 Downloading 6.441MB
    node-mattermost-tr:  3531af2bc2a9 Downloading 7.34MB
    node-mattermost-tr:  05de7d3270fa Downloading 8.389MB
    node-mattermost-tr:  f5bfdc5b1f8b Downloading 8.389MB
    node-mattermost-tr:  2ab09b027e7f Downloading 6.291MB
    node-mattermost-tr:  f5bfdc5b1f8b Downloading 8.389MB
    node-mattermost-tr:  2ab09b027e7f Downloading 6.291MB
    node-mattermost-tr:  05de7d3270fa Downloading 8.389MB
    node-mattermost-tr:  ac28d232c7f3 Downloading 7.34MB
    node-mattermost-tr:  c375454b4ff0 Download complete 0B
    node-mattermost-tr:  2ab09b027e7f Downloading 6.291MB
    node-mattermost-tr:  05de7d3270fa Downloading 8.389MB
    node-mattermost-tr:  f5bfdc5b1f8b Downloading 8.389MB
    node-mattermost-tr:  3531af2bc2a9 Downloading 7.34MB
    node-mattermost-tr:  4c7f2d7f4f80 Downloading 7.34MB
    node-mattermost-tr:  05de7d3270fa Downloading 9.437MB
    node-mattermost-tr:  f5bfdc5b1f8b Downloading 9.437MB
    node-mattermost-tr:  2ab09b027e7f Downloading 7.34MB
    node-mattermost-tr:  2ab09b027e7f Downloading 7.34MB
    node-mattermost-tr:  05de7d3270fa Downloading 9.437MB
    node-mattermost-tr:  f5bfdc5b1f8b Downloading 9.437MB
    node-mattermost-tr:  3531af2bc2a9 Downloading 7.34MB
    node-mattermost-tr:  4c7f2d7f4f80 Downloading 8.389MB
    node-mattermost-tr:  ac28d232c7f3 Downloading 8.204MB
    node-mattermost-tr:  2ab09b027e7f Downloading 7.34MB
    node-mattermost-tr:  05de7d3270fa Downloading 9.437MB
    node-mattermost-tr:  f5bfdc5b1f8b Downloading 9.437MB
    node-mattermost-tr:  ac28d232c7f3 Downloading 8.204MB
    node-mattermost-tr:  3531af2bc2a9 Downloading 7.34MB
    node-mattermost-tr:  4c7f2d7f4f80 Downloading 8.389MB
    node-mattermost-tr:  2ab09b027e7f Downloading 7.34MB
    node-mattermost-tr:  05de7d3270fa Downloading 9.437MB
    node-mattermost-tr:  f5bfdc5b1f8b Downloading 9.437MB
    node-mattermost-tr:  4c7f2d7f4f80 Downloading 8.389MB
    node-mattermost-tr:  ac28d232c7f3 Download complete 0B
    node-mattermost-tr:  3531af2bc2a9 Downloading 7.34MB
    node-mattermost-tr:  2ab09b027e7f Downloading 7.34MB
    node-mattermost-tr:  05de7d3270fa Downloading 9.437MB
    node-mattermost-tr:  f5bfdc5b1f8b Downloading 9.437MB
    node-mattermost-tr:  2ab09b027e7f Downloading 7.34MB
    node-mattermost-tr:  05de7d3270fa Downloading 9.437MB
    node-mattermost-tr:  f5bfdc5b1f8b Downloading 10.49MB
    node-mattermost-tr:  2ab09b027e7f Downloading 8.389MB
    node-mattermost-tr:  05de7d3270fa Downloading 9.437MB
    node-mattermost-tr:  f5bfdc5b1f8b Downloading 10.49MB
    node-mattermost-tr:  f5bfdc5b1f8b Downloading 10.49MB
    node-mattermost-tr:  2ab09b027e7f Downloading 8.389MB
    node-mattermost-tr:  05de7d3270fa Downloading 10.49MB
    node-mattermost-tr:  4c7f2d7f4f80 Downloading 9.437MB
    node-mattermost-tr:  3531af2bc2a9 Downloading 9.437MB
    node-mattermost-tr:  2ab09b027e7f Downloading 8.389MB
    node-mattermost-tr:  05de7d3270fa Downloading 11.53MB
    node-mattermost-tr:  f5bfdc5b1f8b Downloading 10.49MB
    node-mattermost-tr:  f5bfdc5b1f8b Downloading 11.53MB
    node-mattermost-tr:  2ab09b027e7f Downloading 8.389MB
    node-mattermost-tr:  05de7d3270fa Downloading 11.53MB
    node-mattermost-tr:  2ab09b027e7f Downloading 9.437MB
    node-mattermost-tr:  05de7d3270fa Downloading 11.53MB
    node-mattermost-tr:  f5bfdc5b1f8b Downloading 11.53MB
    node-mattermost-tr:  f5bfdc5b1f8b Downloading 12.58MB
    node-mattermost-tr:  2ab09b027e7f Downloading 10.49MB
    node-mattermost-tr:  05de7d3270fa Downloading 11.53MB
    node-mattermost-tr:  3531af2bc2a9 Downloading 10.49MB
    node-mattermost-tr:  4c7f2d7f4f80 Downloading 10.49MB
    node-mattermost-tr:  2ab09b027e7f Downloading 10.49MB
    node-mattermost-tr:  05de7d3270fa Downloading 12.58MB
    node-mattermost-tr:  f5bfdc5b1f8b Downloading 12.58MB
    node-mattermost-tr:  f5bfdc5b1f8b Downloading 12.58MB
    node-mattermost-tr:  2ab09b027e7f Downloading 10.49MB
    node-mattermost-tr:  05de7d3270fa Downloading 12.58MB
    node-mattermost-tr:  3531af2bc2a9 Downloading 10.49MB
    node-mattermost-tr:  4c7f2d7f4f80 Downloading 10.49MB
    node-mattermost-tr:  05de7d3270fa Downloading 12.58MB
    node-mattermost-tr:  f5bfdc5b1f8b Downloading 13.63MB
    node-mattermost-tr:  2ab09b027e7f Downloading 10.49MB
    node-mattermost-tr:  f5bfdc5b1f8b Downloading 13.63MB
    node-mattermost-tr:  2ab09b027e7f Downloading 10.49MB
    node-mattermost-tr:  05de7d3270fa Downloading 12.58MB
    node-mattermost-tr:  3531af2bc2a9 Downloading 11.53MB
    node-mattermost-tr:  4c7f2d7f4f80 Downloading 11.53MB
    node-mattermost-tr:  f5bfdc5b1f8b Downloading 13.63MB
    node-mattermost-tr:  2ab09b027e7f Downloading 11.53MB
    node-mattermost-tr:  05de7d3270fa Downloading 12.58MB
    node-mattermost-tr:  2ab09b027e7f Downloading 11.53MB
    node-mattermost-tr:  05de7d3270fa Downloading 13.63MB
    node-mattermost-tr:  f5bfdc5b1f8b Downloading 13.63MB
    node-mattermost-tr:  2ab09b027e7f Downloading 12.58MB
    node-mattermost-tr:  05de7d3270fa Downloading 13.63MB
    node-mattermost-tr:  f5bfdc5b1f8b Downloading 13.63MB
    node-mattermost-tr:  4c7f2d7f4f80 Downloading 12.58MB
    node-mattermost-tr:  3531af2bc2a9 Downloading 12.58MB
    node-mattermost-tr:  2ab09b027e7f Downloading 12.58MB
    node-mattermost-tr:  05de7d3270fa Downloading 14.68MB
    node-mattermost-tr:  f5bfdc5b1f8b Downloading 14.68MB
    node-mattermost-tr:  2ab09b027e7f Downloading 13.63MB
    node-mattermost-tr:  05de7d3270fa Downloading 14.68MB
    node-mattermost-tr:  f5bfdc5b1f8b Downloading 14.68MB
    node-mattermost-tr:  2ab09b027e7f Downloading 13.63MB
    node-mattermost-tr:  05de7d3270fa Downloading 14.68MB
    node-mattermost-tr:  f5bfdc5b1f8b Downloading 14.68MB
    node-mattermost-tr:  2ab09b027e7f Downloading 13.63MB
    node-mattermost-tr:  05de7d3270fa Downloading 14.68MB
    node-mattermost-tr:  f5bfdc5b1f8b Downloading 15.73MB
    node-mattermost-tr:  3531af2bc2a9 Downloading 14.68MB
    node-mattermost-tr:  4c7f2d7f4f80 Downloading 13.63MB
    node-mattermost-tr:  3531af2bc2a9 Downloading 14.68MB
    node-mattermost-tr:  2ab09b027e7f Downloading 13.63MB
    node-mattermost-tr:  05de7d3270fa Downloading 14.68MB
    node-mattermost-tr:  4c7f2d7f4f80 Downloading 14.68MB
    node-mattermost-tr:  f5bfdc5b1f8b Downloading 15.73MB
    node-mattermost-tr:  f5bfdc5b1f8b Downloading 16.78MB
    node-mattermost-tr:  2ab09b027e7f Downloading 13.63MB
    node-mattermost-tr:  05de7d3270fa Downloading 15.73MB
    node-mattermost-tr:  f5bfdc5b1f8b Downloading 16.78MB
    node-mattermost-tr:  2ab09b027e7f Downloading 14.68MB
    node-mattermost-tr:  05de7d3270fa Downloading 15.73MB
    node-mattermost-tr:  3531af2bc2a9 Downloading 15.73MB
    node-mattermost-tr:  4c7f2d7f4f80 Downloading 14.68MB
    node-mattermost-tr:  2ab09b027e7f Downloading 14.68MB
    node-mattermost-tr:  05de7d3270fa Downloading 15.73MB
    node-mattermost-tr:  f5bfdc5b1f8b Downloading 17.83MB
    node-mattermost-tr:  2ab09b027e7f Downloading 14.68MB
    node-mattermost-tr:  05de7d3270fa Downloading 16.78MB
    node-mattermost-tr:  f5bfdc5b1f8b Downloading 17.83MB
    node-mattermost-tr:  2ab09b027e7f Downloading 14.68MB
    node-mattermost-tr:  05de7d3270fa Downloading 17.83MB
    node-mattermost-tr:  f5bfdc5b1f8b Downloading 17.83MB
    node-mattermost-tr:  f5bfdc5b1f8b Downloading 18.87MB
    node-mattermost-tr:  2ab09b027e7f Downloading 15.73MB
    node-mattermost-tr:  05de7d3270fa Downloading 17.83MB
    node-mattermost-tr:  2ab09b027e7f Downloading 15.73MB
    node-mattermost-tr:  05de7d3270fa Downloading 17.83MB
    node-mattermost-tr:  4c7f2d7f4f80 Downloading 16.78MB
    node-mattermost-tr:  3531af2bc2a9 Downloading 16.78MB
    node-mattermost-tr:  f5bfdc5b1f8b Downloading 18.87MB
    node-mattermost-tr:  2ab09b027e7f Downloading 15.73MB
    node-mattermost-tr:  05de7d3270fa Downloading 17.83MB
    node-mattermost-tr:  f5bfdc5b1f8b Downloading 18.87MB
    node-mattermost-tr:  3531af2bc2a9 Downloading 16.78MB
    node-mattermost-tr:  2ab09b027e7f Downloading 15.73MB
    node-mattermost-tr:  05de7d3270fa Downloading 17.83MB
    node-mattermost-tr:  f5bfdc5b1f8b Downloading 19.92MB
    node-mattermost-tr:  4c7f2d7f4f80 Downloading 16.78MB
    node-mattermost-tr:  2ab09b027e7f Downloading 15.73MB
    node-mattermost-tr:  05de7d3270fa Downloading 17.83MB
    node-mattermost-tr:  f5bfdc5b1f8b Downloading 19.92MB
    node-mattermost-tr:  2ab09b027e7f Downloading 15.73MB
    node-mattermost-tr:  05de7d3270fa Downloading 18.87MB
    node-mattermost-tr:  f5bfdc5b1f8b Downloading 19.92MB
    node-mattermost-tr:  4c7f2d7f4f80 Downloading 17.83MB
    node-mattermost-tr:  3531af2bc2a9 Downloading 17.83MB
    node-mattermost-tr:  2ab09b027e7f Downloading 15.73MB
    node-mattermost-tr:  05de7d3270fa Downloading 18.87MB
    node-mattermost-tr:  f5bfdc5b1f8b Downloading 19.92MB
    node-mattermost-tr:  f5bfdc5b1f8b Downloading 19.92MB
    node-mattermost-tr:  2ab09b027e7f Downloading 16.78MB
    node-mattermost-tr:  05de7d3270fa Downloading 18.87MB
    node-mattermost-tr:  2ab09b027e7f Downloading 16.78MB
    node-mattermost-tr:  05de7d3270fa Downloading 19.92MB
    node-mattermost-tr:  f5bfdc5b1f8b Downloading 20.97MB
    node-mattermost-tr:  3531af2bc2a9 Downloading 18.87MB
    node-mattermost-tr:  4c7f2d7f4f80 Downloading 17.83MB
    node-mattermost-tr:  f5bfdc5b1f8b Downloading 20.97MB
    node-mattermost-tr:  2ab09b027e7f Downloading 16.78MB
    node-mattermost-tr:  05de7d3270fa Downloading 19.92MB
    node-mattermost-tr:  2ab09b027e7f Downloading 16.78MB
    node-mattermost-tr:  05de7d3270fa Downloading 19.92MB
    node-mattermost-tr:  f5bfdc5b1f8b Downloading 22.02MB
    node-mattermost-tr:  2ab09b027e7f Downloading 17.83MB
    node-mattermost-tr:  05de7d3270fa Downloading 20.97MB
    node-mattermost-tr:  f5bfdc5b1f8b Downloading 22.02MB
    node-mattermost-tr:  05de7d3270fa Downloading 20.97MB
    node-mattermost-tr:  f5bfdc5b1f8b Downloading 22.02MB
    node-mattermost-tr:  4c7f2d7f4f80 Downloading 19.92MB
    node-mattermost-tr:  3531af2bc2a9 Downloading 20.97MB
    node-mattermost-tr:  2ab09b027e7f Downloading 17.83MB
    node-mattermost-tr:  2ab09b027e7f Downloading 17.83MB
    node-mattermost-tr:  05de7d3270fa Downloading 20.97MB
    node-mattermost-tr:  4c7f2d7f4f80 Downloading 19.92MB
    node-mattermost-tr:  3531af2bc2a9 Downloading 20.97MB
    node-mattermost-tr:  f5bfdc5b1f8b Downloading 22.02MB
    node-mattermost-tr:  f5bfdc5b1f8b Downloading 22.02MB
    node-mattermost-tr:  3531af2bc2a9 Downloading 20.97MB
    node-mattermost-tr:  4c7f2d7f4f80 Downloading 19.92MB
    node-mattermost-tr:  2ab09b027e7f Downloading 18.87MB
    node-mattermost-tr:  05de7d3270fa Downloading 20.97MB
    node-mattermost-tr:  2ab09b027e7f Downloading 18.87MB
    node-mattermost-tr:  05de7d3270fa Downloading 22.02MB
    node-mattermost-tr:  f5bfdc5b1f8b Downloading 23.07MB
    node-mattermost-tr:  05de7d3270fa Downloading 22.02MB
    node-mattermost-tr:  f5bfdc5b1f8b Downloading 23.07MB
    node-mattermost-tr:  2ab09b027e7f Downloading 18.87MB
    node-mattermost-tr:  2ab09b027e7f Downloading 18.87MB
    node-mattermost-tr:  05de7d3270fa Downloading 22.02MB
    node-mattermost-tr:  f5bfdc5b1f8b Downloading 23.07MB
    node-mattermost-tr:  3531af2bc2a9 Downloading 22.02MB
    node-mattermost-tr:  4c7f2d7f4f80 Downloading 20.97MB
    node-mattermost-tr:  2ab09b027e7f Downloading 18.87MB
    node-mattermost-tr:  05de7d3270fa Downloading 23.07MB
    node-mattermost-tr:  f5bfdc5b1f8b Downloading 23.07MB
    node-mattermost-tr:  4c7f2d7f4f80 Downloading 22.02MB
    node-mattermost-tr:  3531af2bc2a9 Downloading 23.07MB
    node-mattermost-tr:  2ab09b027e7f Downloading 18.87MB
    node-mattermost-tr:  05de7d3270fa Downloading 23.07MB
    node-mattermost-tr:  f5bfdc5b1f8b Downloading 23.07MB
    node-mattermost-tr:  2ab09b027e7f Downloading 19.92MB
    node-mattermost-tr:  05de7d3270fa Downloading 24.12MB
    node-mattermost-tr:  f5bfdc5b1f8b Downloading 23.07MB
    node-mattermost-tr:  2ab09b027e7f Downloading 19.92MB
    node-mattermost-tr:  05de7d3270fa Downloading 25.17MB
    node-mattermost-tr:  f5bfdc5b1f8b Downloading 24.12MB
    node-mattermost-tr:  3531af2bc2a9 Downloading 23.07MB
    node-mattermost-tr:  4c7f2d7f4f80 Downloading 23.07MB
    node-mattermost-tr:  2ab09b027e7f Downloading 19.92MB
    node-mattermost-tr:  05de7d3270fa Downloading 25.17MB
    node-mattermost-tr:  f5bfdc5b1f8b Downloading 24.12MB
    node-mattermost-tr:  2ab09b027e7f Downloading 19.92MB
    node-mattermost-tr:  05de7d3270fa Downloading 25.17MB
    node-mattermost-tr:  f5bfdc5b1f8b Downloading 25.17MB
    node-mattermost-tr:  2ab09b027e7f Downloading 19.92MB
    node-mattermost-tr:  05de7d3270fa Downloading 26.21MB
    node-mattermost-tr:  f5bfdc5b1f8b Downloading 25.17MB
    node-mattermost-tr:  3531af2bc2a9 Downloading 24.12MB
    node-mattermost-tr:  4c7f2d7f4f80 Downloading 23.07MB
    node-mattermost-tr:  2ab09b027e7f Downloading 19.92MB
    node-mattermost-tr:  05de7d3270fa Downloading 26.21MB
    node-mattermost-tr:  f5bfdc5b1f8b Downloading 25.17MB
    node-mattermost-tr:  2ab09b027e7f Downloading 19.92MB
    node-mattermost-tr:  05de7d3270fa Downloading 26.21MB
    node-mattermost-tr:  f5bfdc5b1f8b Downloading 25.17MB
    node-mattermost-tr:  3531af2bc2a9 Downloading 25.17MB
    node-mattermost-tr:  4c7f2d7f4f80 Downloading 23.07MB
    node-mattermost-tr:  05de7d3270fa Downloading 26.21MB
    node-mattermost-tr:  f5bfdc5b1f8b Downloading 25.17MB
    node-mattermost-tr:  2ab09b027e7f Downloading 19.92MB
    node-mattermost-tr:  2ab09b027e7f Downloading 20.97MB
    node-mattermost-tr:  05de7d3270fa Downloading 27.26MB
    node-mattermost-tr:  f5bfdc5b1f8b Downloading 26.21MB
    node-mattermost-tr:  3531af2bc2a9 Downloading 25.17MB
    node-mattermost-tr:  4c7f2d7f4f80 Downloading 24.12MB
    node-mattermost-tr:  05de7d3270fa Downloading 27.26MB
    node-mattermost-tr:  f5bfdc5b1f8b Downloading 26.21MB
    node-mattermost-tr:  2ab09b027e7f Downloading 20.97MB
    node-mattermost-tr:  3531af2bc2a9 Downloading 26.21MB
    node-mattermost-tr:  4c7f2d7f4f80 Downloading 24.12MB
    node-mattermost-tr:  2ab09b027e7f Downloading 20.97MB
    node-mattermost-tr:  05de7d3270fa Downloading 27.26MB
    node-mattermost-tr:  f5bfdc5b1f8b Downloading 26.21MB
    node-mattermost-tr:  2ab09b027e7f Downloading 20.97MB
    node-mattermost-tr:  05de7d3270fa Downloading 28.31MB
    node-mattermost-tr:  f5bfdc5b1f8b Downloading 26.21MB
    node-mattermost-tr:  2ab09b027e7f Downloading 22.02MB
    node-mattermost-tr:  05de7d3270fa Downloading 28.31MB
    node-mattermost-tr:  f5bfdc5b1f8b Downloading 26.21MB
    node-mattermost-tr:  4c7f2d7f4f80 Downloading 25.17MB
    node-mattermost-tr:  3531af2bc2a9 Downloading 27.26MB
    node-mattermost-tr:  2ab09b027e7f Downloading 22.02MB
    node-mattermost-tr:  05de7d3270fa Downloading 28.31MB
    node-mattermost-tr:  f5bfdc5b1f8b Downloading 26.21MB
    node-mattermost-tr:  4c7f2d7f4f80 Downloading 25.17MB
    node-mattermost-tr:  3531af2bc2a9 Downloading 27.26MB
    node-mattermost-tr:  2ab09b027e7f Downloading 22.02MB
    node-mattermost-tr:  05de7d3270fa Downloading 28.31MB
    node-mattermost-tr:  f5bfdc5b1f8b Downloading 26.21MB
    node-mattermost-tr:  2ab09b027e7f Downloading 23.07MB
    node-mattermost-tr:  05de7d3270fa Downloading 28.31MB
    node-mattermost-tr:  f5bfdc5b1f8b Downloading 27.26MB
    node-mattermost-tr:  2ab09b027e7f Downloading 23.07MB
    node-mattermost-tr:  05de7d3270fa Downloading 29.36MB
    node-mattermost-tr:  f5bfdc5b1f8b Downloading 27.26MB
    node-mattermost-tr:  4c7f2d7f4f80 Downloading 26.21MB
    node-mattermost-tr:  2ab09b027e7f Downloading 24.12MB
    node-mattermost-tr:  05de7d3270fa Downloading 30.41MB
    node-mattermost-tr:  f5bfdc5b1f8b Downloading 27.26MB
    node-mattermost-tr:  3531af2bc2a9 Downloading 27.26MB
    node-mattermost-tr:  2ab09b027e7f Downloading 24.12MB
    node-mattermost-tr:  05de7d3270fa Downloading 30.41MB
    node-mattermost-tr:  f5bfdc5b1f8b Downloading 27.26MB
    node-mattermost-tr:  2ab09b027e7f Downloading 25.17MB
    node-mattermost-tr:  05de7d3270fa Downloading 30.41MB
    node-mattermost-tr:  f5bfdc5b1f8b Downloading 28.31MB
    node-mattermost-tr:  2ab09b027e7f Downloading 25.17MB
    node-mattermost-tr:  05de7d3270fa Downloading 30.41MB
    node-mattermost-tr:  f5bfdc5b1f8b Downloading 28.31MB
    node-mattermost-tr:  2ab09b027e7f Downloading 26.21MB
    node-mattermost-tr:  05de7d3270fa Downloading 31.46MB
    node-mattermost-tr:  f5bfdc5b1f8b Downloading 28.31MB
    node-mattermost-tr:  4c7f2d7f4f80 Downloading 29.36MB
    node-mattermost-tr:  3531af2bc2a9 Download complete 0B
    node-mattermost-tr:  05de7d3270fa Downloading 31.46MB
    node-mattermost-tr:  f5bfdc5b1f8b Downloading 29.36MB
    node-mattermost-tr:  2ab09b027e7f Downloading 26.21MB
    node-mattermost-tr:  2ab09b027e7f Downloading 26.21MB
    node-mattermost-tr:  05de7d3270fa Downloading 31.46MB
    node-mattermost-tr:  f5bfdc5b1f8b Downloading 29.36MB
    node-mattermost-tr:  2ab09b027e7f Downloading 26.21MB
    node-mattermost-tr:  05de7d3270fa Downloading 31.46MB
    node-mattermost-tr:  f5bfdc5b1f8b Downloading 30.41MB
    node-mattermost-tr:  2ab09b027e7f Downloading 27.26MB
    node-mattermost-tr:  05de7d3270fa Downloading 32.51MB
    node-mattermost-tr:  f5bfdc5b1f8b Downloading 30.41MB
    node-mattermost-tr:  3531af2bc2a9 Extracting 1B
    node-mattermost-tr:  2ab09b027e7f Downloading 28.31MB
    node-mattermost-tr:  05de7d3270fa Downloading 32.51MB
    node-mattermost-tr:  f5bfdc5b1f8b Downloading 30.41MB
    node-mattermost-tr:  4c7f2d7f4f80 Downloading 30.41MB
    node-mattermost-tr:  2ab09b027e7f Downloading 28.31MB
    node-mattermost-tr:  05de7d3270fa Downloading 32.51MB
    node-mattermost-tr:  f5bfdc5b1f8b Downloading 30.41MB
    node-mattermost-tr:  2ab09b027e7f Downloading 29.53MB
    node-mattermost-tr:  05de7d3270fa Downloading 33.55MB
    node-mattermost-tr:  f5bfdc5b1f8b Downloading 31.46MB
    node-mattermost-tr:  2ab09b027e7f Download complete 0B
    node-mattermost-tr:  05de7d3270fa Downloading 33.55MB
    node-mattermost-tr:  f5bfdc5b1f8b Downloading 31.46MB
    node-mattermost-tr:  2ab09b027e7f Extracting 1B
    node-mattermost-tr:  05de7d3270fa Downloading 34.6MB
    node-mattermost-tr:  f5bfdc5b1f8b Downloading 31.46MB
    node-mattermost-tr:  3531af2bc2a9 Extracting 1B
    node-mattermost-tr:  4c7f2d7f4f80 Downloading 31.46MB
    node-mattermost-tr:  2ab09b027e7f Extracting 1B
    node-mattermost-tr:  05de7d3270fa Downloading 34.6MB
    node-mattermost-tr:  f5bfdc5b1f8b Downloading 32.51MB
    node-mattermost-tr:  2ab09b027e7f Extracting 1B
    node-mattermost-tr:  05de7d3270fa Downloading 35.65MB
    node-mattermost-tr:  f5bfdc5b1f8b Downloading 33.55MB
    node-mattermost-tr:  2ab09b027e7f Extracting 1B
    node-mattermost-tr:  05de7d3270fa Downloading 35.65MB
    node-mattermost-tr:  f5bfdc5b1f8b Downloading 33.55MB
    node-mattermost-tr:  3531af2bc2a9 Extracting 1B
    node-mattermost-tr:  2ab09b027e7f Extracting 1B
    node-mattermost-tr:  4c7f2d7f4f80 Downloading 32.51MB
    node-mattermost-tr:  05de7d3270fa Downloading 35.65MB
    node-mattermost-tr:  f5bfdc5b1f8b Downloading 33.55MB
    node-mattermost-tr:  2ab09b027e7f Extracting 1B
    node-mattermost-tr:  05de7d3270fa Downloading 36.7MB
    node-mattermost-tr:  f5bfdc5b1f8b Downloading 33.55MB
    node-mattermost-tr:  2ab09b027e7f Extracting 2B
    node-mattermost-tr:  05de7d3270fa Downloading 37.75MB
    node-mattermost-tr:  f5bfdc5b1f8b Downloading 34.6MB
    node-mattermost-tr:  2ab09b027e7f Extracting 2B
    node-mattermost-tr:  3531af2bc2a9 Extracting 2B
    node-mattermost-tr:  4c7f2d7f4f80 Downloading 33.55MB
    node-mattermost-tr:  05de7d3270fa Downloading 37.75MB
    node-mattermost-tr:  f5bfdc5b1f8b Downloading 34.6MB
    node-mattermost-tr:  2ab09b027e7f Extracting 2B
    node-mattermost-tr:  05de7d3270fa Downloading 37.75MB
    node-mattermost-tr:  f5bfdc5b1f8b Downloading 34.6MB
    node-mattermost-tr:  2ab09b027e7f Extracting 2B
    node-mattermost-tr:  05de7d3270fa Downloading 38.8MB
    node-mattermost-tr:  f5bfdc5b1f8b Downloading 35.65MB
    node-mattermost-tr:  3531af2bc2a9 Extracting 2B
    node-mattermost-tr:  4c7f2d7f4f80 Downloading 34.6MB
    node-mattermost-tr:  2ab09b027e7f Extracting 2B
    node-mattermost-tr:  05de7d3270fa Downloading 38.8MB
    node-mattermost-tr:  f5bfdc5b1f8b Downloading 35.65MB
    node-mattermost-tr:  2ab09b027e7f Extracting 2B
    node-mattermost-tr:  05de7d3270fa Downloading 38.8MB
    node-mattermost-tr:  f5bfdc5b1f8b Downloading 35.65MB
    node-mattermost-tr:  2ab09b027e7f Extracting 2B
    node-mattermost-tr:  f5bfdc5b1f8b Downloading 35.65MB
    node-mattermost-tr:  05de7d3270fa Downloading 38.8MB
    node-mattermost-tr:  3531af2bc2a9 Extracting 3B
    node-mattermost-tr:  4c7f2d7f4f80 Downloading 34.6MB
    node-mattermost-tr:  2ab09b027e7f Extracting 2B
    node-mattermost-tr:  05de7d3270fa Downloading 39.85MB
    node-mattermost-tr:  f5bfdc5b1f8b Downloading 36.7MB
    node-mattermost-tr:  2ab09b027e7f Extracting 2B
    node-mattermost-tr:  05de7d3270fa Downloading 39.85MB
    node-mattermost-tr:  f5bfdc5b1f8b Downloading 36.7MB
    node-mattermost-tr:  2ab09b027e7f Extracting 3B
    node-mattermost-tr:  05de7d3270fa Downloading 39.85MB
    node-mattermost-tr:  f5bfdc5b1f8b Downloading 36.7MB
    node-mattermost-tr:  2ab09b027e7f Extracting 3B
    node-mattermost-tr:  3531af2bc2a9 Extracting 3B
    node-mattermost-tr:  05de7d3270fa Downloading 40.89MB
    node-mattermost-tr:  f5bfdc5b1f8b Downloading 37.75MB
    node-mattermost-tr:  4c7f2d7f4f80 Downloading 36.7MB
    node-mattermost-tr:  2ab09b027e7f Extracting 3B
    node-mattermost-tr:  f5bfdc5b1f8b Downloading 37.75MB
    node-mattermost-tr:  05de7d3270fa Downloading 41.94MB
    node-mattermost-tr:  2ab09b027e7f Extracting 3B
    node-mattermost-tr:  05de7d3270fa Downloading 41.94MB
    node-mattermost-tr:  f5bfdc5b1f8b Downloading 37.75MB
    node-mattermost-tr:  2ab09b027e7f Extracting 3B
    node-mattermost-tr:  05de7d3270fa Downloading 41.94MB
    node-mattermost-tr:  f5bfdc5b1f8b Downloading 37.75MB
    node-mattermost-tr:  3531af2bc2a9 Extracting 4B
    node-mattermost-tr:  4c7f2d7f4f80 Downloading 37.66MB
    node-mattermost-tr:  2ab09b027e7f Extracting 3B
    node-mattermost-tr:  05de7d3270fa Downloading 42.99MB
    node-mattermost-tr:  f5bfdc5b1f8b Downloading 38.8MB
    node-mattermost-tr:  2ab09b027e7f Extracting 3B
    node-mattermost-tr:  05de7d3270fa Downloading 44.04MB
    node-mattermost-tr:  f5bfdc5b1f8b Downloading 38.8MB
    node-mattermost-tr:  2ab09b027e7f Extracting 3B
    node-mattermost-tr:  05de7d3270fa Downloading 44.98MB
    node-mattermost-tr:  f5bfdc5b1f8b Downloading 38.8MB
    node-mattermost-tr:  3531af2bc2a9 Extracting 4B
    node-mattermost-tr:  2ab09b027e7f Extracting 4B
    node-mattermost-tr:  05de7d3270fa Downloading 44.98MB
    node-mattermost-tr:  f5bfdc5b1f8b Downloading 39.85MB
    node-mattermost-tr:  4c7f2d7f4f80 Downloading 38.8MB
    node-mattermost-tr:  2ab09b027e7f Extracting 4B
    node-mattermost-tr:  05de7d3270fa Downloading 44.98MB
    node-mattermost-tr:  f5bfdc5b1f8b Downloading 39.85MB
    node-mattermost-tr:  2ab09b027e7f Extracting 4B
    node-mattermost-tr:  3531af2bc2a9 Extracting 4B
    node-mattermost-tr:  f5bfdc5b1f8b Downloading 40.68MB
    node-mattermost-tr:  05de7d3270fa Download complete 0B
    node-mattermost-tr:  4c7f2d7f4f80 Downloading 39.85MB
    node-mattermost-tr:  2ab09b027e7f Extracting 4B
    node-mattermost-tr:  f5bfdc5b1f8b Downloading 40.89MB
    node-mattermost-tr:  2ab09b027e7f Extracting 4B
    node-mattermost-tr:  f5bfdc5b1f8b Downloading 40.89MB
    node-mattermost-tr:  2ab09b027e7f Extracting 4B
    node-mattermost-tr:  3531af2bc2a9 Extracting 4B
    node-mattermost-tr:  4c7f2d7f4f80 Downloading 39.85MB
    node-mattermost-tr:  f5bfdc5b1f8b Downloading 40.89MB
    node-mattermost-tr:  2ab09b027e7f Extracting 4B
    node-mattermost-tr:  f5bfdc5b1f8b Downloading 41.94MB
    node-mattermost-tr:  2ab09b027e7f Extracting 4B
    node-mattermost-tr:  f5bfdc5b1f8b Downloading 41.94MB
    node-mattermost-tr:  3531af2bc2a9 Extracting 5B
    node-mattermost-tr:  4c7f2d7f4f80 Downloading 41.94MB
    node-mattermost-tr:  2ab09b027e7f Extracting 4B
    node-mattermost-tr:  f5bfdc5b1f8b Downloading 42.99MB
    node-mattermost-tr:  2ab09b027e7f Extracting 5B
    node-mattermost-tr:  f5bfdc5b1f8b Downloading 42.99MB
    node-mattermost-tr:  2ab09b027e7f Extracting 5B
    node-mattermost-tr:  f5bfdc5b1f8b Downloading 44.04MB
    node-mattermost-tr:  3531af2bc2a9 Extracting 5B
    node-mattermost-tr:  4c7f2d7f4f80 Downloading 45.09MB
    node-mattermost-tr:  2ab09b027e7f Extracting 5B
    node-mattermost-tr:  f5bfdc5b1f8b Downloading 45.09MB
    node-mattermost-tr:  2ab09b027e7f Extracting 5B
    node-mattermost-tr:  f5bfdc5b1f8b Downloading 45.09MB
    node-mattermost-tr:  2ab09b027e7f Extracting 5B
    node-mattermost-tr:  f5bfdc5b1f8b Downloading 46.14MB
    node-mattermost-tr:  3531af2bc2a9 Extracting 6B
    node-mattermost-tr:  4c7f2d7f4f80 Downloading 47.19MB
    node-mattermost-tr:  2ab09b027e7f Extracting 5B
    node-mattermost-tr:  f5bfdc5b1f8b Downloading 46.14MB
    node-mattermost-tr:  2ab09b027e7f Extracting 6B
    node-mattermost-tr:  f5bfdc5b1f8b Downloading 46.14MB
    node-mattermost-tr:  2ab09b027e7f Extracting 6B
    node-mattermost-tr:  3531af2bc2a9 Extracting 6B
    node-mattermost-tr:  4c7f2d7f4f80 Downloading 48.23MB
    node-mattermost-tr:  f5bfdc5b1f8b Downloading 47.19MB
    node-mattermost-tr:  2ab09b027e7f Extracting 6B
    node-mattermost-tr:  f5bfdc5b1f8b Downloading 47.19MB
    node-mattermost-tr:  2ab09b027e7f Extracting 6B
    node-mattermost-tr:  f5bfdc5b1f8b Downloading 47.19MB
    node-mattermost-tr:  3531af2bc2a9 Extracting 6B
    node-mattermost-tr:  4c7f2d7f4f80 Downloading 48.23MB
    node-mattermost-tr:  2ab09b027e7f Extracting 6B
    node-mattermost-tr:  f5bfdc5b1f8b Downloading 48.23MB
    node-mattermost-tr:  2ab09b027e7f Extracting 6B
    node-mattermost-tr:  f5bfdc5b1f8b Downloading 48.23MB
    node-mattermost-tr:  2ab09b027e7f Extracting 6B
    node-mattermost-tr:  f5bfdc5b1f8b Downloading 48.23MB
    node-mattermost-tr:  3531af2bc2a9 Extracting 7B
    node-mattermost-tr:  4c7f2d7f4f80 Downloading 50.33MB
    node-mattermost-tr:  2ab09b027e7f Extracting 6B
    node-mattermost-tr:  f5bfdc5b1f8b Downloading 49.28MB
    node-mattermost-tr:  2ab09b027e7f Extracting 6B
    node-mattermost-tr:  f5bfdc5b1f8b Downloading 49.28MB
    node-mattermost-tr:  2ab09b027e7f Extracting 7B
    node-mattermost-tr:  f5bfdc5b1f8b Downloading 49.28MB
    node-mattermost-tr:  3531af2bc2a9 Extracting 7B
    node-mattermost-tr:  4c7f2d7f4f80 Downloading 50.33MB
    node-mattermost-tr:  2ab09b027e7f Extracting 7B
    node-mattermost-tr:  f5bfdc5b1f8b Downloading 50.33MB
    node-mattermost-tr:  2ab09b027e7f Extracting 7B
    node-mattermost-tr:  f5bfdc5b1f8b Downloading 50.33MB
    node-mattermost-tr:  3531af2bc2a9 Extracting 7B
    node-mattermost-tr:  2ab09b027e7f Extracting 7B
    node-mattermost-tr:  4c7f2d7f4f80 Downloading 51.38MB
    node-mattermost-tr:  f5bfdc5b1f8b Downloading 50.33MB
    node-mattermost-tr:  2ab09b027e7f Extracting 7B
    node-mattermost-tr:  f5bfdc5b1f8b Downloading 50.99MB
    node-mattermost-tr:  2ab09b027e7f Extracting 7B
    node-mattermost-tr:  f5bfdc5b1f8b Downloading 51.38MB
    node-mattermost-tr:  3531af2bc2a9 Extracting 8B
    node-mattermost-tr:  4c7f2d7f4f80 Downloading 53.48MB
    node-mattermost-tr:  2ab09b027e7f Extracting 7B
    node-mattermost-tr:  f5bfdc5b1f8b Downloading 51.38MB
    node-mattermost-tr:  2ab09b027e7f Extracting 7B
    node-mattermost-tr:  f5bfdc5b1f8b Downloading 51.38MB
    node-mattermost-tr:  2ab09b027e7f Extracting 7B
    node-mattermost-tr:  3531af2bc2a9 Extracting 8B
    node-mattermost-tr:  f5bfdc5b1f8b Downloading 52.43MB
    node-mattermost-tr:  4c7f2d7f4f80 Downloading 54.53MB
    node-mattermost-tr:  2ab09b027e7f Extracting 8B
    node-mattermost-tr:  f5bfdc5b1f8b Downloading 52.43MB
    node-mattermost-tr:  2ab09b027e7f Extracting 8B
    node-mattermost-tr:  f5bfdc5b1f8b Downloading 53.48MB
    node-mattermost-tr:  3531af2bc2a9 Extracting 8B
    node-mattermost-tr:  2ab09b027e7f Extracting 8B
    node-mattermost-tr:  4c7f2d7f4f80 Downloading 55.57MB
    node-mattermost-tr:  f5bfdc5b1f8b Downloading 53.48MB
    node-mattermost-tr:  2ab09b027e7f Extracting 8B
    node-mattermost-tr:  f5bfdc5b1f8b Downloading 53.49MB
    node-mattermost-tr:  2ab09b027e7f Extracting 8B
    node-mattermost-tr:  f5bfdc5b1f8b Downloading 54.53MB
    node-mattermost-tr:  3531af2bc2a9 Extracting 8B
    node-mattermost-tr:  4c7f2d7f4f80 Downloading 56.62MB
    node-mattermost-tr:  2ab09b027e7f Extracting 8B
    node-mattermost-tr:  f5bfdc5b1f8b Downloading 54.53MB
    node-mattermost-tr:  2ab09b027e7f Extracting 8B
    node-mattermost-tr:  f5bfdc5b1f8b Downloading 55.57MB
    node-mattermost-tr:  2ab09b027e7f Extracting 8B
    node-mattermost-tr:  f5bfdc5b1f8b Downloading 55.57MB
    node-mattermost-tr:  3531af2bc2a9 Extracting 9B
    node-mattermost-tr:  4c7f2d7f4f80 Downloading 58.72MB
    node-mattermost-tr:  2ab09b027e7f Extracting 8B
    node-mattermost-tr:  f5bfdc5b1f8b Downloading 56.62MB
    node-mattermost-tr:  2ab09b027e7f Extracting 9B
    node-mattermost-tr:  f5bfdc5b1f8b Downloading 57.67MB
    node-mattermost-tr:  2ab09b027e7f Extracting 9B
    node-mattermost-tr:  3531af2bc2a9 Extracting 9B
    node-mattermost-tr:  4c7f2d7f4f80 Downloading 59.77MB
    node-mattermost-tr:  f5bfdc5b1f8b Downloading 57.67MB
    node-mattermost-tr:  2ab09b027e7f Extracting 9B
    node-mattermost-tr:  f5bfdc5b1f8b Downloading 57.67MB
    node-mattermost-tr:  2ab09b027e7f Extracting 9B
    node-mattermost-tr:  f5bfdc5b1f8b Downloading 58.72MB
    node-mattermost-tr:  3531af2bc2a9 Extracting 9B
    node-mattermost-tr:  4c7f2d7f4f80 Downloading 60.82MB
    node-mattermost-tr:  2ab09b027e7f Extracting 9B
    node-mattermost-tr:  f5bfdc5b1f8b Downloading 58.72MB
    node-mattermost-tr:  2ab09b027e7f Extracting 9B
    node-mattermost-tr:  f5bfdc5b1f8b Downloading 59.77MB
    node-mattermost-tr:  2ab09b027e7f Extracting 9B
    node-mattermost-tr:  f5bfdc5b1f8b Downloading 59.77MB
    node-mattermost-tr:  3531af2bc2a9 Extracting 10B
    node-mattermost-tr:  4c7f2d7f4f80 Downloading 62.91MB
    node-mattermost-tr:  2ab09b027e7f Extracting 9B
    node-mattermost-tr:  f5bfdc5b1f8b Downloading 60.82MB
    node-mattermost-tr:  2ab09b027e7f Extracting 10B
    node-mattermost-tr:  f5bfdc5b1f8b Downloading 60.82MB
    node-mattermost-tr:  2ab09b027e7f Extracting 10B
    node-mattermost-tr:  3531af2bc2a9 Extracting 10B
    node-mattermost-tr:  4c7f2d7f4f80 Downloading 63.96MB
    node-mattermost-tr:  f5bfdc5b1f8b Downloading 61.87MB
    node-mattermost-tr:  2ab09b027e7f Extracting 10B
    node-mattermost-tr:  f5bfdc5b1f8b Downloading 61.87MB
    node-mattermost-tr:  2ab09b027e7f Extracting 10B
    node-mattermost-tr:  f5bfdc5b1f8b Downloading 62.91MB
    node-mattermost-tr:  3531af2bc2a9 Extracting 11B
    node-mattermost-tr:  4c7f2d7f4f80 Downloading 66.06MB
    node-mattermost-tr:  2ab09b027e7f Extracting 10B
    node-mattermost-tr:  f5bfdc5b1f8b Downloading 62.91MB
    node-mattermost-tr:  2ab09b027e7f Extracting 10B
    node-mattermost-tr:  f5bfdc5b1f8b Downloading 63.96MB
    node-mattermost-tr:  3531af2bc2a9 Extracting 11B
    node-mattermost-tr:  4c7f2d7f4f80 Downloading 67.11MB
    node-mattermost-tr:  2ab09b027e7f Extracting 11B
    node-mattermost-tr:  f5bfdc5b1f8b Downloading 65.01MB
    node-mattermost-tr:  2ab09b027e7f Extracting 11B
    node-mattermost-tr:  f5bfdc5b1f8b Downloading 65.01MB
    node-mattermost-tr:  2ab09b027e7f Extracting 11B
    node-mattermost-tr:  f5bfdc5b1f8b Downloading 66.06MB
    node-mattermost-tr:  3531af2bc2a9 Extracting 11B
    node-mattermost-tr:  4c7f2d7f4f80 Downloading 69.21MB
    node-mattermost-tr:  2ab09b027e7f Extracting 11B
    node-mattermost-tr:  f5bfdc5b1f8b Downloading 66.06MB
    node-mattermost-tr:  2ab09b027e7f Extracting 11B
    node-mattermost-tr:  f5bfdc5b1f8b Downloading 66.06MB
    node-mattermost-tr:  3531af2bc2a9 Extracting 12B
    node-mattermost-tr:  4c7f2d7f4f80 Downloading 70.25MB
    node-mattermost-tr:  2ab09b027e7f Extracting 11B
    node-mattermost-tr:  f5bfdc5b1f8b Downloading 67.11MB
    node-mattermost-tr:  2ab09b027e7f Extracting 11B
    node-mattermost-tr:  f5bfdc5b1f8b Downloading 67.11MB
    node-mattermost-tr:  2ab09b027e7f Extracting 11B
    node-mattermost-tr:  f5bfdc5b1f8b Downloading 68.16MB
    node-mattermost-tr:  3531af2bc2a9 Extracting 12B
    node-mattermost-tr:  4c7f2d7f4f80 Downloading 71.3MB
    node-mattermost-tr:  2ab09b027e7f Extracting 12B
    node-mattermost-tr:  f5bfdc5b1f8b Downloading 68.16MB
    node-mattermost-tr:  2ab09b027e7f Extracting 12B
    node-mattermost-tr:  f5bfdc5b1f8b Downloading 68.16MB
    node-mattermost-tr:  2ab09b027e7f Extracting 12B
    node-mattermost-tr:  f5bfdc5b1f8b Downloading 69.21MB
    node-mattermost-tr:  3531af2bc2a9 Extracting 12B
    node-mattermost-tr:  4c7f2d7f4f80 Downloading 71.3MB
    node-mattermost-tr:  2ab09b027e7f Extracting 12B
    node-mattermost-tr:  f5bfdc5b1f8b Downloading 70.25MB
    node-mattermost-tr:  2ab09b027e7f Extracting 12B
    node-mattermost-tr:  f5bfdc5b1f8b Downloading 70.25MB
    node-mattermost-tr:  2ab09b027e7f Extracting 12B
    node-mattermost-tr:  3531af2bc2a9 Pull complete 0B
    node-mattermost-tr:  4c7f2d7f4f80 Downloading 73.4MB
    node-mattermost-tr:  be67b9cdfb60 Extracting 1B
    node-mattermost-tr:  f5bfdc5b1f8b Downloading 71.3MB
    node-mattermost-tr:  2ab09b027e7f Extracting 13B
    node-mattermost-tr:  f5bfdc5b1f8b Downloading 72.35MB
    node-mattermost-tr:  2ab09b027e7f Extracting 13B
    node-mattermost-tr:  c375454b4ff0 Extracting 1B
    node-mattermost-tr:  f5bfdc5b1f8b Downloading 72.35MB
    node-mattermost-tr:  4c7f2d7f4f80 Downloading 75.5MB
    node-mattermost-tr:  2ab09b027e7f Extracting 13B
    node-mattermost-tr:  be67b9cdfb60 Pull complete 0B
    node-mattermost-tr:  f5bfdc5b1f8b Downloading 73.4MB
    node-mattermost-tr:  2ab09b027e7f Extracting 13B
    node-mattermost-tr:  f5bfdc5b1f8b Downloading 74.45MB
    node-mattermost-tr:  c375454b4ff0 Extracting 1B
    node-mattermost-tr:  2ab09b027e7f Extracting 13B
    node-mattermost-tr:  4c7f2d7f4f80 Downloading 76.55MB
    node-mattermost-tr:  f5bfdc5b1f8b Downloading 74.45MB
    node-mattermost-tr:  2ab09b027e7f Extracting 13B
    node-mattermost-tr:  f5bfdc5b1f8b Downloading 75.5MB
    node-mattermost-tr:  2ab09b027e7f Extracting 13B
    node-mattermost-tr:  c375454b4ff0 Extracting 1B
    node-mattermost-tr:  f5bfdc5b1f8b Downloading 75.5MB
    node-mattermost-tr:  4c7f2d7f4f80 Downloading 77.59MB
    node-mattermost-tr:  2ab09b027e7f Extracting 14B
    node-mattermost-tr:  f5bfdc5b1f8b Downloading 75.5MB
    node-mattermost-tr:  2ab09b027e7f Extracting 14B
    node-mattermost-tr:  f5bfdc5b1f8b Downloading 76.55MB
    node-mattermost-tr:  c375454b4ff0 Extracting 2B
    node-mattermost-tr:  4c7f2d7f4f80 Downloading 78.64MB
    node-mattermost-tr:  2ab09b027e7f Extracting 14B
    node-mattermost-tr:  f5bfdc5b1f8b Downloading 76.55MB
    node-mattermost-tr:  2ab09b027e7f Extracting 14B
    node-mattermost-tr:  f5bfdc5b1f8b Downloading 76.55MB
    node-mattermost-tr:  c375454b4ff0 Extracting 2B
    node-mattermost-tr:  2ab09b027e7f Extracting 14B
    node-mattermost-tr:  4c7f2d7f4f80 Downloading 80.74MB
    node-mattermost-tr:  f5bfdc5b1f8b Downloading 77.59MB
    node-mattermost-tr:  2ab09b027e7f Extracting 14B
    node-mattermost-tr:  f5bfdc5b1f8b Downloading 78.64MB
    node-mattermost-tr:  2ab09b027e7f Pull complete 0B
    node-mattermost-tr:  c375454b4ff0 Extracting 2B
    node-mattermost-tr:  f5bfdc5b1f8b Downloading 79.69MB
    node-mattermost-tr:  4c7f2d7f4f80 Downloading 81.79MB
    node-mattermost-tr:  05de7d3270fa Extracting 1B
    node-mattermost-tr:  f5bfdc5b1f8b Downloading 79.69MB
    node-mattermost-tr:  05de7d3270fa Extracting 1B
    node-mattermost-tr:  f5bfdc5b1f8b Downloading 79.69MB
    node-mattermost-tr:  05de7d3270fa Extracting 1B
    node-mattermost-tr:  f5bfdc5b1f8b Downloading 80.74MB
    node-mattermost-tr:  c375454b4ff0 Extracting 3B
    node-mattermost-tr:  4c7f2d7f4f80 Downloading 82.84MB
    node-mattermost-tr:  05de7d3270fa Extracting 1B
    node-mattermost-tr:  f5bfdc5b1f8b Downloading 80.74MB
    node-mattermost-tr:  05de7d3270fa Extracting 1B
    node-mattermost-tr:  f5bfdc5b1f8b Downloading 81.79MB
    node-mattermost-tr:  ff8482cd03b7 Extracting 1B
    node-mattermost-tr:  05de7d3270fa Extracting 1B
    node-mattermost-tr:  c375454b4ff0 Pull complete 0B
    node-mattermost-tr:  f5bfdc5b1f8b Downloading 81.79MB
    node-mattermost-tr:  4c7f2d7f4f80 Downloading 83.89MB
    node-mattermost-tr:  05de7d3270fa Extracting 1B
    node-mattermost-tr:  f5bfdc5b1f8b Downloading 82.84MB
    node-mattermost-tr:  05de7d3270fa Extracting 1B
    node-mattermost-tr:  f5bfdc5b1f8b Downloading 82.97MB
    node-mattermost-tr:  ff8482cd03b7 Extracting 1B
    node-mattermost-tr:  4c7f2d7f4f80 Downloading 84.93MB
    node-mattermost-tr:  05de7d3270fa Extracting 1B
    node-mattermost-tr:  f5bfdc5b1f8b Downloading 83.89MB
    node-mattermost-tr:  05de7d3270fa Extracting 2B
    node-mattermost-tr:  f5bfdc5b1f8b Downloading 83.89MB
    node-mattermost-tr:  05de7d3270fa Extracting 2B
    node-mattermost-tr:  ff8482cd03b7 Extracting 1B
    node-mattermost-tr:  f5bfdc5b1f8b Downloading 83.89MB
    node-mattermost-tr:  4c7f2d7f4f80 Downloading 85.98MB
    node-mattermost-tr:  05de7d3270fa Extracting 2B
    node-mattermost-tr:  f5bfdc5b1f8b Downloading 84.93MB
    node-mattermost-tr:  05de7d3270fa Extracting 2B
    node-mattermost-tr:  f5bfdc5b1f8b Downloading 84.93MB
    node-mattermost-tr:  05de7d3270fa Extracting 2B
    node-mattermost-tr:  ff8482cd03b7 Pull complete 0B
    node-mattermost-tr:  f5bfdc5b1f8b Downloading 84.93MB
    node-mattermost-tr:  ac28d232c7f3 Extracting 1B
    node-mattermost-tr:  4c7f2d7f4f80 Downloading 87.03MB
    node-mattermost-tr:  05de7d3270fa Extracting 2B
    node-mattermost-tr:  f5bfdc5b1f8b Downloading 84.93MB
    node-mattermost-tr:  05de7d3270fa Extracting 2B
    node-mattermost-tr:  f5bfdc5b1f8b Downloading 85.98MB
    node-mattermost-tr:  ac28d232c7f3 Extracting 1B
    node-mattermost-tr:  05de7d3270fa Extracting 2B
    node-mattermost-tr:  4c7f2d7f4f80 Downloading 88.08MB
    node-mattermost-tr:  f5bfdc5b1f8b Downloading 85.98MB
    node-mattermost-tr:  05de7d3270fa Extracting 3B
    node-mattermost-tr:  f5bfdc5b1f8b Downloading 85.98MB
    node-mattermost-tr:  05de7d3270fa Extracting 3B
    node-mattermost-tr:  f5bfdc5b1f8b Downloading 87.03MB
    node-mattermost-tr:  ac28d232c7f3 Extracting 1B
    node-mattermost-tr:  4c7f2d7f4f80 Downloading 89.13MB
    node-mattermost-tr:  05de7d3270fa Extracting 3B
    node-mattermost-tr:  f5bfdc5b1f8b Downloading 87.03MB
    node-mattermost-tr:  05de7d3270fa Extracting 3B
    node-mattermost-tr:  f5bfdc5b1f8b Downloading 87.03MB
    node-mattermost-tr:  05de7d3270fa Extracting 3B
    node-mattermost-tr:  ac28d232c7f3 Extracting 1B
    node-mattermost-tr:  4c7f2d7f4f80 Downloading 89.13MB
    node-mattermost-tr:  f5bfdc5b1f8b Downloading 87.54MB
    node-mattermost-tr:  05de7d3270fa Extracting 3B
    node-mattermost-tr:  f5bfdc5b1f8b Downloading 88.08MB
    node-mattermost-tr:  05de7d3270fa Extracting 3B
    node-mattermost-tr:  ac28d232c7f3 Extracting 2B
    node-mattermost-tr:  4c7f2d7f4f80 Downloading 90.18MB
    node-mattermost-tr:  f5bfdc5b1f8b Downloading 88.08MB
    node-mattermost-tr:  05de7d3270fa Extracting 3B
    node-mattermost-tr:  f5bfdc5b1f8b Downloading 88.08MB
    node-mattermost-tr:  05de7d3270fa Extracting 3B
    node-mattermost-tr:  f5bfdc5b1f8b Downloading 89.13MB
    node-mattermost-tr:  ac28d232c7f3 Extracting 2B
    node-mattermost-tr:  4c7f2d7f4f80 Downloading 91.23MB
    node-mattermost-tr:  05de7d3270fa Extracting 4B
    node-mattermost-tr:  f5bfdc5b1f8b Downloading 89.13MB
    node-mattermost-tr:  05de7d3270fa Extracting 4B
    node-mattermost-tr:  f5bfdc5b1f8b Downloading 90.18MB
    node-mattermost-tr:  ac28d232c7f3 Extracting 2B
    node-mattermost-tr:  05de7d3270fa Extracting 4B
    node-mattermost-tr:  4c7f2d7f4f80 Downloading 91.23MB
    node-mattermost-tr:  f5bfdc5b1f8b Downloading 90.18MB
    node-mattermost-tr:  05de7d3270fa Extracting 4B
    node-mattermost-tr:  f5bfdc5b1f8b Downloading 91.23MB
    node-mattermost-tr:  05de7d3270fa Extracting 4B
    node-mattermost-tr:  ac28d232c7f3 Extracting 3B
    node-mattermost-tr:  f5bfdc5b1f8b Downloading 92.27MB
    node-mattermost-tr:  4c7f2d7f4f80 Downloading 93.32MB
    node-mattermost-tr:  05de7d3270fa Extracting 4B
    node-mattermost-tr:  f5bfdc5b1f8b Downloading 92.27MB
    node-mattermost-tr:  05de7d3270fa Extracting 4B
    node-mattermost-tr:  f5bfdc5b1f8b Downloading 92.27MB
    node-mattermost-tr:  ac28d232c7f3 Extracting 3B
    node-mattermost-tr:  05de7d3270fa Extracting 4B
    node-mattermost-tr:  4c7f2d7f4f80 Downloading 94.37MB
    node-mattermost-tr:  f5bfdc5b1f8b Downloading 92.27MB
    node-mattermost-tr:  05de7d3270fa Extracting 5B
    node-mattermost-tr:  f5bfdc5b1f8b Downloading 93.32MB
    node-mattermost-tr:  ac28d232c7f3 Extracting 3B
    node-mattermost-tr:  4c7f2d7f4f80 Downloading 95.42MB
    node-mattermost-tr:  05de7d3270fa Extracting 5B
    node-mattermost-tr:  f5bfdc5b1f8b Downloading 93.32MB
    node-mattermost-tr:  05de7d3270fa Extracting 5B
    node-mattermost-tr:  f5bfdc5b1f8b Downloading 93.32MB
    node-mattermost-tr:  ac28d232c7f3 Extracting 3B
    node-mattermost-tr:  4c7f2d7f4f80 Downloading 96.47MB
    node-mattermost-tr:  05de7d3270fa Extracting 5B
    node-mattermost-tr:  f5bfdc5b1f8b Downloading 94.37MB
    node-mattermost-tr:  05de7d3270fa Extracting 5B
    node-mattermost-tr:  f5bfdc5b1f8b Downloading 94.37MB
    node-mattermost-tr:  05de7d3270fa Extracting 5B
    node-mattermost-tr:  ac28d232c7f3 Extracting 3B
    node-mattermost-tr:  4c7f2d7f4f80 Downloading 96.47MB
    node-mattermost-tr:  f5bfdc5b1f8b Downloading 94.37MB
    node-mattermost-tr:  05de7d3270fa Extracting 5B
    node-mattermost-tr:  f5bfdc5b1f8b Downloading 95.42MB
    node-mattermost-tr:  ac28d232c7f3 Extracting 4B
    node-mattermost-tr:  05de7d3270fa Extracting 5B
    node-mattermost-tr:  4c7f2d7f4f80 Downloading 98.57MB
    node-mattermost-tr:  f5bfdc5b1f8b Downloading 95.42MB
    node-mattermost-tr:  05de7d3270fa Extracting 6B
    node-mattermost-tr:  f5bfdc5b1f8b Downloading 96.47MB
    node-mattermost-tr:  05de7d3270fa Extracting 6B
    node-mattermost-tr:  ac28d232c7f3 Extracting 4B
    node-mattermost-tr:  f5bfdc5b1f8b Downloading 96.47MB
    node-mattermost-tr:  4c7f2d7f4f80 Downloading 99.61MB
    node-mattermost-tr:  05de7d3270fa Extracting 6B
    node-mattermost-tr:  f5bfdc5b1f8b Downloading 96.47MB
    node-mattermost-tr:  05de7d3270fa Extracting 6B
    node-mattermost-tr:  f5bfdc5b1f8b Downloading 97.52MB
    node-mattermost-tr:  ac28d232c7f3 Extracting 4B
    node-mattermost-tr:  05de7d3270fa Extracting 6B
    node-mattermost-tr:  4c7f2d7f4f80 Downloading 99.61MB
    node-mattermost-tr:  f5bfdc5b1f8b Downloading 97.52MB
    node-mattermost-tr:  05de7d3270fa Extracting 6B
    node-mattermost-tr:  f5bfdc5b1f8b Downloading 98.57MB
    node-mattermost-tr:  05de7d3270fa Extracting 6B
    node-mattermost-tr:  f5bfdc5b1f8b Downloading 99.61MB
    node-mattermost-tr:  4c7f2d7f4f80 Downloading 101.7MB
    node-mattermost-tr:  05de7d3270fa Extracting 6B
    node-mattermost-tr:  f5bfdc5b1f8b Downloading 99.61MB
    node-mattermost-tr:  05de7d3270fa Extracting 6B
    node-mattermost-tr:  f5bfdc5b1f8b Downloading 99.61MB
    node-mattermost-tr:  fa77b44f96d2 Extracting 1B
    node-mattermost-tr:  ac28d232c7f3 Pull complete 0B
    node-mattermost-tr:  05de7d3270fa Extracting 6B
    node-mattermost-tr:  4c7f2d7f4f80 Downloading 102.8MB
    node-mattermost-tr:  f5bfdc5b1f8b Downloading 99.61MB
    node-mattermost-tr:  05de7d3270fa Extracting 7B
    node-mattermost-tr:  f5bfdc5b1f8b Downloading 100.7MB
    node-mattermost-tr:  fa77b44f96d2 Extracting 1B
    node-mattermost-tr:  05de7d3270fa Extracting 7B
    node-mattermost-tr:  4c7f2d7f4f80 Downloading 103.8MB
    node-mattermost-tr:  f5bfdc5b1f8b Downloading 101.7MB
    node-mattermost-tr:  05de7d3270fa Extracting 7B
    node-mattermost-tr:  f5bfdc5b1f8b Downloading 101.7MB
    node-mattermost-tr:  fa77b44f96d2 Extracting 1B
    node-mattermost-tr:  05de7d3270fa Extracting 7B
    node-mattermost-tr:  4c7f2d7f4f80 Downloading 104.9MB
    node-mattermost-tr:  f5bfdc5b1f8b Downloading 101.7MB
    node-mattermost-tr:  05de7d3270fa Extracting 7B
    node-mattermost-tr:  f5bfdc5b1f8b Downloading 102.8MB
    node-mattermost-tr:  05de7d3270fa Extracting 7B
    node-mattermost-tr:  fa77b44f96d2 Extracting 1B
    node-mattermost-tr:  4c7f2d7f4f80 Downloading 104.9MB
    node-mattermost-tr:  f5bfdc5b1f8b Downloading 102.8MB
    node-mattermost-tr:  05de7d3270fa Extracting 7B
    node-mattermost-tr:  f5bfdc5b1f8b Downloading 103.8MB
    node-mattermost-tr:  05de7d3270fa Extracting 7B
    node-mattermost-tr:  fa77b44f96d2 Pull complete 0B
    node-mattermost-tr:  f5bfdc5b1f8b Downloading 103.8MB
    node-mattermost-tr:  4c7f2d7f4f80 Downloading 108.7MB
    node-mattermost-tr:  05de7d3270fa Extracting 8B
    node-mattermost-tr:  f5bfdc5b1f8b Downloading 104.9MB
    node-mattermost-tr:  dd1cc88a000a Extracting 1B
    node-mattermost-tr:  05de7d3270fa Extracting 8B
    node-mattermost-tr:  f5bfdc5b1f8b Downloading 105.9MB
    node-mattermost-tr:  4c7f2d7f4f80 Downloading 111MB
    node-mattermost-tr:  05de7d3270fa Extracting 8B
    node-mattermost-tr:  f5bfdc5b1f8b Downloading 105.9MB
    node-mattermost-tr:  dd1cc88a000a Pull complete 0B
    node-mattermost-tr:  05de7d3270fa Extracting 8B
    node-mattermost-tr:  4c7f2d7f4f80 Downloading 111MB
    node-mattermost-tr:  f5bfdc5b1f8b Downloading 105.9MB
    node-mattermost-tr:  05de7d3270fa Extracting 8B
    node-mattermost-tr:  58e6420a0782 Extracting 1B
    node-mattermost-tr:  f5bfdc5b1f8b Downloading 107MB
    node-mattermost-tr:  4c7f2d7f4f80 Downloading 111MB
    node-mattermost-tr:  05de7d3270fa Extracting 8B
    node-mattermost-tr:  58e6420a0782 Extracting 1B
    node-mattermost-tr:  f5bfdc5b1f8b Downloading 108MB
    node-mattermost-tr:  4c7f2d7f4f80 Download complete 0B
    node-mattermost-tr:  05de7d3270fa Extracting 8B
    node-mattermost-tr:  f5bfdc5b1f8b Downloading 109.1MB
    node-mattermost-tr:  05de7d3270fa Extracting 8B
    node-mattermost-tr:  58e6420a0782 Pull complete 0B
    node-mattermost-tr:  f5bfdc5b1f8b Downloading 109.1MB
    node-mattermost-tr:  05de7d3270fa Extracting 8B
    node-mattermost-tr:  f5bfdc5b1f8b Downloading 110.1MB
    node-mattermost-tr:  4c7f2d7f4f80 Extracting 1B
    node-mattermost-tr:  05de7d3270fa Extracting 8B
    node-mattermost-tr:  f5bfdc5b1f8b Downloading 110.1MB
    node-mattermost-tr:  4c7f2d7f4f80 Extracting 1B
    node-mattermost-tr:  05de7d3270fa Extracting 8B
    node-mattermost-tr:  f5bfdc5b1f8b Downloading 111.1MB
    node-mattermost-tr:  4c7f2d7f4f80 Extracting 1B
    node-mattermost-tr:  05de7d3270fa Extracting 9B
    node-mattermost-tr:  f5bfdc5b1f8b Downloading 111.1MB
    node-mattermost-tr:  4c7f2d7f4f80 Extracting 1B
    node-mattermost-tr:  05de7d3270fa Extracting 9B
    node-mattermost-tr:  f5bfdc5b1f8b Downloading 112.2MB
    node-mattermost-tr:  4c7f2d7f4f80 Extracting 1B
    node-mattermost-tr:  05de7d3270fa Extracting 9B
    node-mattermost-tr:  f5bfdc5b1f8b Downloading 113.2MB
    node-mattermost-tr:  4c7f2d7f4f80 Extracting 1B
    node-mattermost-tr:  05de7d3270fa Extracting 9B
    node-mattermost-tr:  f5bfdc5b1f8b Downloading 113.2MB
    node-mattermost-tr:  05de7d3270fa Extracting 9B
    node-mattermost-tr:  f5bfdc5b1f8b Downloading 113.2MB
    node-mattermost-tr:  4c7f2d7f4f80 Extracting 1B
    node-mattermost-tr:  05de7d3270fa Extracting 9B
    node-mattermost-tr:  f5bfdc5b1f8b Downloading 114.3MB
    node-mattermost-tr:  4c7f2d7f4f80 Extracting 1B
    node-mattermost-tr:  05de7d3270fa Extracting 9B
    node-mattermost-tr:  f5bfdc5b1f8b Downloading 115.3MB
    node-mattermost-tr:  05de7d3270fa Extracting 9B
    node-mattermost-tr:  4c7f2d7f4f80 Extracting 1B
    node-mattermost-tr:  f5bfdc5b1f8b Downloading 115.3MB
    node-mattermost-tr:  4c7f2d7f4f80 Extracting 2B
    node-mattermost-tr:  05de7d3270fa Extracting 9B
    node-mattermost-tr:  f5bfdc5b1f8b Downloading 116.4MB
    node-mattermost-tr:  05de7d3270fa Extracting 10B
    node-mattermost-tr:  4c7f2d7f4f80 Extracting 2B
    node-mattermost-tr:  f5bfdc5b1f8b Downloading 116.4MB
    node-mattermost-tr:  05de7d3270fa Extracting 10B
    node-mattermost-tr:  4c7f2d7f4f80 Extracting 2B
    node-mattermost-tr:  f5bfdc5b1f8b Downloading 117.4MB
    node-mattermost-tr:  05de7d3270fa Extracting 10B
    node-mattermost-tr:  f5bfdc5b1f8b Downloading 117.4MB
    node-mattermost-tr:  4c7f2d7f4f80 Extracting 2B
    node-mattermost-tr:  05de7d3270fa Extracting 10B
    node-mattermost-tr:  f5bfdc5b1f8b Downloading 118.5MB
    node-mattermost-tr:  05de7d3270fa Extracting 10B
    node-mattermost-tr:  4c7f2d7f4f80 Extracting 2B
    node-mattermost-tr:  f5bfdc5b1f8b Downloading 118.5MB
    node-mattermost-tr:  05de7d3270fa Extracting 10B
    node-mattermost-tr:  f5bfdc5b1f8b Downloading 119.5MB
    node-mattermost-tr:  4c7f2d7f4f80 Extracting 2B
    node-mattermost-tr:  05de7d3270fa Extracting 10B
    node-mattermost-tr:  f5bfdc5b1f8b Downloading 120.6MB
    node-mattermost-tr:  4c7f2d7f4f80 Extracting 2B
    node-mattermost-tr:  05de7d3270fa Extracting 10B
    node-mattermost-tr:  f5bfdc5b1f8b Downloading 121.6MB
    node-mattermost-tr:  4c7f2d7f4f80 Extracting 2B
    node-mattermost-tr:  05de7d3270fa Extracting 10B
    node-mattermost-tr:  f5bfdc5b1f8b Downloading 122.7MB
    node-mattermost-tr:  4c7f2d7f4f80 Extracting 3B
    node-mattermost-tr:  05de7d3270fa Extracting 10B
    node-mattermost-tr:  f5bfdc5b1f8b Downloading 122.7MB
    node-mattermost-tr:  4c7f2d7f4f80 Extracting 3B
    node-mattermost-tr:  05de7d3270fa Extracting 10B
    node-mattermost-tr:  f5bfdc5b1f8b Downloading 123.7MB
    node-mattermost-tr:  4c7f2d7f4f80 Extracting 3B
    node-mattermost-tr:  05de7d3270fa Extracting 11B
    node-mattermost-tr:  f5bfdc5b1f8b Downloading 123.7MB
    node-mattermost-tr:  4c7f2d7f4f80 Extracting 3B
    node-mattermost-tr:  05de7d3270fa Extracting 11B
    node-mattermost-tr:  f5bfdc5b1f8b Downloading 124.8MB
    node-mattermost-tr:  4c7f2d7f4f80 Extracting 3B
    node-mattermost-tr:  05de7d3270fa Extracting 11B
    node-mattermost-tr:  f5bfdc5b1f8b Downloading 124.8MB
    node-mattermost-tr:  4c7f2d7f4f80 Extracting 3B
    node-mattermost-tr:  05de7d3270fa Extracting 11B
    node-mattermost-tr:  f5bfdc5b1f8b Downloading 125.8MB
    node-mattermost-tr:  05de7d3270fa Extracting 11B
    node-mattermost-tr:  4c7f2d7f4f80 Extracting 3B
    node-mattermost-tr:  f5bfdc5b1f8b Downloading 126.9MB
    node-mattermost-tr:  4c7f2d7f4f80 Extracting 3B
    node-mattermost-tr:  05de7d3270fa Extracting 11B
    node-mattermost-tr:  f5bfdc5b1f8b Downloading 126.9MB
    node-mattermost-tr:  4c7f2d7f4f80 Extracting 3B
    node-mattermost-tr:  05de7d3270fa Extracting 11B
    node-mattermost-tr:  f5bfdc5b1f8b Downloading 127.9MB
    node-mattermost-tr:  4c7f2d7f4f80 Extracting 3B
    node-mattermost-tr:  05de7d3270fa Extracting 11B
    node-mattermost-tr:  f5bfdc5b1f8b Downloading 129MB
    node-mattermost-tr:  05de7d3270fa Extracting 11B
    node-mattermost-tr:  4c7f2d7f4f80 Extracting 4B
    node-mattermost-tr:  f5bfdc5b1f8b Downloading 129MB
    node-mattermost-tr:  05de7d3270fa Extracting 12B
    node-mattermost-tr:  f5bfdc5b1f8b Downloading 130MB
    node-mattermost-tr:  4c7f2d7f4f80 Extracting 4B
    node-mattermost-tr:  05de7d3270fa Extracting 12B
    node-mattermost-tr:  f5bfdc5b1f8b Downloading 131.1MB
    node-mattermost-tr:  05de7d3270fa Extracting 12B
    node-mattermost-tr:  f5bfdc5b1f8b Downloading 131.1MB
    node-mattermost-tr:  4c7f2d7f4f80 Extracting 4B
    node-mattermost-tr:  05de7d3270fa Extracting 12B
    node-mattermost-tr:  f5bfdc5b1f8b Downloading 132.1MB
    node-mattermost-tr:  4c7f2d7f4f80 Extracting 4B
    node-mattermost-tr:  05de7d3270fa Extracting 12B
    node-mattermost-tr:  f5bfdc5b1f8b Downloading 132.1MB
    node-mattermost-tr:  05de7d3270fa Extracting 12B
    node-mattermost-tr:  4c7f2d7f4f80 Extracting 4B
    node-mattermost-tr:  f5bfdc5b1f8b Downloading 133.2MB
    node-mattermost-tr:  4c7f2d7f4f80 Extracting 4B
    node-mattermost-tr:  05de7d3270fa Extracting 12B
    node-mattermost-tr:  4c7f2d7f4f80 Extracting 4B
    node-mattermost-tr:  f5bfdc5b1f8b Downloading 134.2MB
    node-mattermost-tr:  05de7d3270fa Extracting 12B
    node-mattermost-tr:  4c7f2d7f4f80 Extracting 4B
    node-mattermost-tr:  f5bfdc5b1f8b Downloading 134.2MB
    node-mattermost-tr:  05de7d3270fa Extracting 12B
    node-mattermost-tr:  f5bfdc5b1f8b Downloading 135.3MB
    node-mattermost-tr:  4c7f2d7f4f80 Extracting 5B
    node-mattermost-tr:  05de7d3270fa Extracting 12B
    node-mattermost-tr:  f5bfdc5b1f8b Downloading 135.3MB
    node-mattermost-tr:  05de7d3270fa Extracting 13B
    node-mattermost-tr:  f5bfdc5b1f8b Downloading 136.3MB
    node-mattermost-tr:  4c7f2d7f4f80 Extracting 5B
    node-mattermost-tr:  05de7d3270fa Extracting 13B
    node-mattermost-tr:  f5bfdc5b1f8b Downloading 136.3MB
    node-mattermost-tr:  05de7d3270fa Extracting 13B
    node-mattermost-tr:  4c7f2d7f4f80 Extracting 5B
    node-mattermost-tr:  f5bfdc5b1f8b Downloading 137.4MB
    node-mattermost-tr:  05de7d3270fa Extracting 13B
    node-mattermost-tr:  f5bfdc5b1f8b Downloading 138.4MB
    node-mattermost-tr:  4c7f2d7f4f80 Extracting 5B
    node-mattermost-tr:  05de7d3270fa Extracting 13B
    node-mattermost-tr:  f5bfdc5b1f8b Downloading 138.4MB
    node-mattermost-tr:  05de7d3270fa Extracting 13B
    node-mattermost-tr:  4c7f2d7f4f80 Extracting 5B
    node-mattermost-tr:  f5bfdc5b1f8b Downloading 139.5MB
    node-mattermost-tr:  05de7d3270fa Extracting 13B
    node-mattermost-tr:  4c7f2d7f4f80 Extracting 5B
    node-mattermost-tr:  f5bfdc5b1f8b Downloading 139.5MB
    node-mattermost-tr:  05de7d3270fa Extracting 13B
    node-mattermost-tr:  4c7f2d7f4f80 Extracting 5B
    node-mattermost-tr:  f5bfdc5b1f8b Downloading 140.5MB
    node-mattermost-tr:  05de7d3270fa Extracting 13B
    node-mattermost-tr:  4c7f2d7f4f80 Extracting 5B
    node-mattermost-tr:  f5bfdc5b1f8b Downloading 140.5MB
    node-mattermost-tr:  05de7d3270fa Extracting 13B
    node-mattermost-tr:  4c7f2d7f4f80 Extracting 6B
    node-mattermost-tr:  f5bfdc5b1f8b Downloading 141.6MB
    node-mattermost-tr:  05de7d3270fa Extracting 14B
    node-mattermost-tr:  4c7f2d7f4f80 Extracting 6B
    node-mattermost-tr:  f5bfdc5b1f8b Downloading 141.6MB
    node-mattermost-tr:  05de7d3270fa Extracting 14B
    node-mattermost-tr:  f5bfdc5b1f8b Downloading 142.6MB
    node-mattermost-tr:  4c7f2d7f4f80 Extracting 6B
    node-mattermost-tr:  05de7d3270fa Extracting 14B
    node-mattermost-tr:  f5bfdc5b1f8b Downloading 143.7MB
    node-mattermost-tr:  4c7f2d7f4f80 Extracting 6B
    node-mattermost-tr:  05de7d3270fa Extracting 14B
    node-mattermost-tr:  f5bfdc5b1f8b Downloading 143.7MB
    node-mattermost-tr:  05de7d3270fa Extracting 14B
    node-mattermost-tr:  4c7f2d7f4f80 Extracting 6B
    node-mattermost-tr:  f5bfdc5b1f8b Downloading 144.7MB
    node-mattermost-tr:  05de7d3270fa Extracting 14B
    node-mattermost-tr:  4c7f2d7f4f80 Extracting 6B
    node-mattermost-tr:  4c7f2d7f4f80 Extracting 6B
    node-mattermost-tr:  f5bfdc5b1f8b Downloading 145.1MB
    node-mattermost-tr:  05de7d3270fa Extracting 14B
    node-mattermost-tr:  4c7f2d7f4f80 Extracting 6B
    node-mattermost-tr:  f5bfdc5b1f8b Downloading 145.8MB
    node-mattermost-tr:  05de7d3270fa Extracting 14B
    node-mattermost-tr:  f5bfdc5b1f8b Downloading 146.8MB
    node-mattermost-tr:  4c7f2d7f4f80 Extracting 6B
    node-mattermost-tr:  05de7d3270fa Extracting 14B
    node-mattermost-tr:  f5bfdc5b1f8b Downloading 146.8MB
    node-mattermost-tr:  05de7d3270fa Extracting 14B
    node-mattermost-tr:  4c7f2d7f4f80 Extracting 7B
    node-mattermost-tr:  f5bfdc5b1f8b Downloading 147.8MB
    node-mattermost-tr:  05de7d3270fa Extracting 15B
    node-mattermost-tr:  4c7f2d7f4f80 Extracting 7B
    node-mattermost-tr:  f5bfdc5b1f8b Downloading 147.8MB
    node-mattermost-tr:  05de7d3270fa Extracting 15B
    node-mattermost-tr:  f5bfdc5b1f8b Downloading 148.9MB
    node-mattermost-tr:  4c7f2d7f4f80 Extracting 7B
    node-mattermost-tr:  05de7d3270fa Extracting 15B
    node-mattermost-tr:  f5bfdc5b1f8b Downloading 148.9MB
    node-mattermost-tr:  4c7f2d7f4f80 Extracting 7B
    node-mattermost-tr:  05de7d3270fa Extracting 15B
    node-mattermost-tr:  f5bfdc5b1f8b Downloading 149.9MB
    node-mattermost-tr:  05de7d3270fa Extracting 15B
    node-mattermost-tr:  4c7f2d7f4f80 Extracting 7B
    node-mattermost-tr:  f5bfdc5b1f8b Downloading 149.9MB
    node-mattermost-tr:  4c7f2d7f4f80 Extracting 7B
    node-mattermost-tr:  05de7d3270fa Extracting 15B
    node-mattermost-tr:  f5bfdc5b1f8b Downloading 151MB
    node-mattermost-tr:  05de7d3270fa Extracting 15B
    node-mattermost-tr:  4c7f2d7f4f80 Extracting 7B
    node-mattermost-tr:  f5bfdc5b1f8b Downloading 152MB
    node-mattermost-tr:  05de7d3270fa Extracting 15B
    node-mattermost-tr:  f5bfdc5b1f8b Downloading 152MB
    node-mattermost-tr:  4c7f2d7f4f80 Extracting 7B
    node-mattermost-tr:  05de7d3270fa Extracting 15B
    node-mattermost-tr:  f5bfdc5b1f8b Downloading 152MB
    node-mattermost-tr:  05de7d3270fa Extracting 15B
    node-mattermost-tr:  f5bfdc5b1f8b Downloading 153.1MB
    node-mattermost-tr:  4c7f2d7f4f80 Extracting 8B
    node-mattermost-tr:  05de7d3270fa Extracting 16B
    node-mattermost-tr:  f5bfdc5b1f8b Downloading 153.1MB
    node-mattermost-tr:  4c7f2d7f4f80 Extracting 8B
    node-mattermost-tr:  05de7d3270fa Extracting 16B
    node-mattermost-tr:  f5bfdc5b1f8b Downloading 154.1MB
    node-mattermost-tr:  05de7d3270fa Extracting 16B
    node-mattermost-tr:  f5bfdc5b1f8b Downloading 154.1MB
    node-mattermost-tr:  4c7f2d7f4f80 Extracting 8B
    node-mattermost-tr:  05de7d3270fa Extracting 16B
    node-mattermost-tr:  f5bfdc5b1f8b Downloading 155.2MB
    node-mattermost-tr:  05de7d3270fa Extracting 16B
    node-mattermost-tr:  4c7f2d7f4f80 Extracting 8B
    node-mattermost-tr:  f5bfdc5b1f8b Downloading 155.2MB
    node-mattermost-tr:  05de7d3270fa Extracting 16B
    node-mattermost-tr:  4c7f2d7f4f80 Extracting 8B
    node-mattermost-tr:  f5bfdc5b1f8b Downloading 156.2MB
    node-mattermost-tr:  05de7d3270fa Extracting 16B
    node-mattermost-tr:  4c7f2d7f4f80 Extracting 8B
    node-mattermost-tr:  f5bfdc5b1f8b Downloading 157.3MB
    node-mattermost-tr:  05de7d3270fa Extracting 16B
    node-mattermost-tr:  4c7f2d7f4f80 Extracting 8B
    node-mattermost-tr:  f5bfdc5b1f8b Downloading 157.3MB
    node-mattermost-tr:  05de7d3270fa Extracting 16B
    node-mattermost-tr:  f5bfdc5b1f8b Downloading 158.3MB
    node-mattermost-tr:  4c7f2d7f4f80 Extracting 8B
    node-mattermost-tr:  05de7d3270fa Extracting 16B
    node-mattermost-tr:  f5bfdc5b1f8b Downloading 159.4MB
    node-mattermost-tr:  4c7f2d7f4f80 Extracting 9B
    node-mattermost-tr:  05de7d3270fa Extracting 17B
    node-mattermost-tr:  f5bfdc5b1f8b Downloading 159.4MB
    node-mattermost-tr:  4c7f2d7f4f80 Extracting 9B
    node-mattermost-tr:  05de7d3270fa Extracting 17B
    node-mattermost-tr:  f5bfdc5b1f8b Downloading 160.4MB
    node-mattermost-tr:  05de7d3270fa Extracting 17B
    node-mattermost-tr:  4c7f2d7f4f80 Extracting 9B
    node-mattermost-tr:  f5bfdc5b1f8b Downloading 160.4MB
    node-mattermost-tr:  05de7d3270fa Extracting 17B
    node-mattermost-tr:  4c7f2d7f4f80 Extracting 9B
    node-mattermost-tr:  f5bfdc5b1f8b Downloading 161.5MB
    node-mattermost-tr:  05de7d3270fa Extracting 17B
    node-mattermost-tr:  4c7f2d7f4f80 Extracting 9B
    node-mattermost-tr:  f5bfdc5b1f8b Downloading 162.3MB
    node-mattermost-tr:  4c7f2d7f4f80 Extracting 9B
    node-mattermost-tr:  05de7d3270fa Extracting 17B
    node-mattermost-tr:  f5bfdc5b1f8b Downloading 162.5MB
    node-mattermost-tr:  4c7f2d7f4f80 Extracting 9B
    node-mattermost-tr:  05de7d3270fa Extracting 17B
    node-mattermost-tr:  f5bfdc5b1f8b Downloading 163.6MB
    node-mattermost-tr:  4c7f2d7f4f80 Extracting 9B
    node-mattermost-tr:  05de7d3270fa Extracting 17B
    node-mattermost-tr:  f5bfdc5b1f8b Downloading 163.6MB
    node-mattermost-tr:  05de7d3270fa Extracting 17B
    node-mattermost-tr:  4c7f2d7f4f80 Extracting 9B
    node-mattermost-tr:  f5bfdc5b1f8b Downloading 163.6MB
    node-mattermost-tr:  4c7f2d7f4f80 Extracting 9B
    node-mattermost-tr:  05de7d3270fa Extracting 17B
    node-mattermost-tr:  4c7f2d7f4f80 Extracting 10B
    node-mattermost-tr:  f5bfdc5b1f8b Downloading 164.6MB
    node-mattermost-tr:  05de7d3270fa Extracting 18B
    node-mattermost-tr:  4c7f2d7f4f80 Extracting 10B
    node-mattermost-tr:  f5bfdc5b1f8b Downloading 164.6MB
    node-mattermost-tr:  05de7d3270fa Extracting 18B
    node-mattermost-tr:  f5bfdc5b1f8b Downloading 165.7MB
    node-mattermost-tr:  4c7f2d7f4f80 Extracting 10B
    node-mattermost-tr:  05de7d3270fa Extracting 18B
    node-mattermost-tr:  f5bfdc5b1f8b Downloading 166.7MB
    node-mattermost-tr:  05de7d3270fa Extracting 18B
    node-mattermost-tr:  f5bfdc5b1f8b Downloading 166.7MB
    node-mattermost-tr:  4c7f2d7f4f80 Extracting 10B
    node-mattermost-tr:  05de7d3270fa Extracting 18B
    node-mattermost-tr:  f5bfdc5b1f8b Downloading 167.8MB
    node-mattermost-tr:  4c7f2d7f4f80 Extracting 10B
    node-mattermost-tr:  05de7d3270fa Extracting 18B
    node-mattermost-tr:  f5bfdc5b1f8b Downloading 168.8MB
    node-mattermost-tr:  05de7d3270fa Extracting 18B
    node-mattermost-tr:  f5bfdc5b1f8b Downloading 168.8MB
    node-mattermost-tr:  4c7f2d7f4f80 Extracting 10B
    node-mattermost-tr:  05de7d3270fa Extracting 18B
    node-mattermost-tr:  f5bfdc5b1f8b Downloading 168.8MB
    node-mattermost-tr:  05de7d3270fa Extracting 18B
    node-mattermost-tr:  4c7f2d7f4f80 Extracting 10B
    node-mattermost-tr:  f5bfdc5b1f8b Downloading 169.9MB
    node-mattermost-tr:  05de7d3270fa Extracting 18B
    node-mattermost-tr:  4c7f2d7f4f80 Extracting 11B
    node-mattermost-tr:  f5bfdc5b1f8b Downloading 169.9MB
    node-mattermost-tr:  05de7d3270fa Extracting 19B
    node-mattermost-tr:  f5bfdc5b1f8b Downloading 170.9MB
    node-mattermost-tr:  4c7f2d7f4f80 Extracting 11B
    node-mattermost-tr:  05de7d3270fa Extracting 19B
    node-mattermost-tr:  4c7f2d7f4f80 Extracting 11B
    node-mattermost-tr:  f5bfdc5b1f8b Downloading 170.9MB
    node-mattermost-tr:  05de7d3270fa Extracting 19B
    node-mattermost-tr:  f5bfdc5b1f8b Downloading 172MB
    node-mattermost-tr:  4c7f2d7f4f80 Extracting 11B
    node-mattermost-tr:  05de7d3270fa Extracting 19B
    node-mattermost-tr:  f5bfdc5b1f8b Downloading 172MB
    node-mattermost-tr:  4c7f2d7f4f80 Extracting 11B
    node-mattermost-tr:  05de7d3270fa Extracting 19B
    node-mattermost-tr:  f5bfdc5b1f8b Downloading 173MB
    node-mattermost-tr:  4c7f2d7f4f80 Extracting 11B
    node-mattermost-tr:  05de7d3270fa Extracting 19B
    node-mattermost-tr:  f5bfdc5b1f8b Downloading 173MB
    node-mattermost-tr:  4c7f2d7f4f80 Extracting 11B
    node-mattermost-tr:  05de7d3270fa Extracting 19B
    node-mattermost-tr:  f5bfdc5b1f8b Downloading 174.1MB
    node-mattermost-tr:  4c7f2d7f4f80 Extracting 11B
    node-mattermost-tr:  05de7d3270fa Extracting 19B
    node-mattermost-tr:  f5bfdc5b1f8b Downloading 175.1MB
    node-mattermost-tr:  4c7f2d7f4f80 Extracting 11B
    node-mattermost-tr:  05de7d3270fa Extracting 19B
    node-mattermost-tr:  f5bfdc5b1f8b Downloading 175.1MB
    node-mattermost-tr:  4c7f2d7f4f80 Extracting 11B
    node-mattermost-tr:  05de7d3270fa Extracting 19B
    node-mattermost-tr:  f5bfdc5b1f8b Downloading 176.2MB
    node-mattermost-tr:  4c7f2d7f4f80 Extracting 12B
    node-mattermost-tr:  05de7d3270fa Extracting 20B
    node-mattermost-tr:  f5bfdc5b1f8b Downloading 176.2MB
    node-mattermost-tr:  05de7d3270fa Extracting 20B
    node-mattermost-tr:  4c7f2d7f4f80 Extracting 12B
    node-mattermost-tr:  f5bfdc5b1f8b Downloading 177.2MB
    node-mattermost-tr:  05de7d3270fa Extracting 20B
    node-mattermost-tr:  f5bfdc5b1f8b Downloading 177.2MB
    node-mattermost-tr:  4c7f2d7f4f80 Extracting 12B
    node-mattermost-tr:  05de7d3270fa Extracting 20B
    node-mattermost-tr:  f5bfdc5b1f8b Downloading 178.3MB
    node-mattermost-tr:  4c7f2d7f4f80 Extracting 12B
    node-mattermost-tr:  05de7d3270fa Extracting 20B
    node-mattermost-tr:  f5bfdc5b1f8b Downloading 179.3MB
    node-mattermost-tr:  4c7f2d7f4f80 Extracting 12B
    node-mattermost-tr:  05de7d3270fa Extracting 20B
    node-mattermost-tr:  f5bfdc5b1f8b Downloading 179.3MB
    node-mattermost-tr:  4c7f2d7f4f80 Extracting 12B
    node-mattermost-tr:  05de7d3270fa Extracting 20B
    node-mattermost-tr:  f5bfdc5b1f8b Downloading 180.4MB
    node-mattermost-tr:  4c7f2d7f4f80 Extracting 12B
    node-mattermost-tr:  05de7d3270fa Extracting 20B
    node-mattermost-tr:  f5bfdc5b1f8b Downloading 181.4MB
    node-mattermost-tr:  4c7f2d7f4f80 Extracting 12B
    node-mattermost-tr:  05de7d3270fa Extracting 20B
    node-mattermost-tr:  f5bfdc5b1f8b Downloading 181.4MB
    node-mattermost-tr:  4c7f2d7f4f80 Extracting 13B
    node-mattermost-tr:  05de7d3270fa Extracting 20B
    node-mattermost-tr:  f5bfdc5b1f8b Downloading 182.5MB
    node-mattermost-tr:  05de7d3270fa Extracting 21B
    node-mattermost-tr:  f5bfdc5b1f8b Downloading 182.5MB
    node-mattermost-tr:  4c7f2d7f4f80 Extracting 13B
    node-mattermost-tr:  05de7d3270fa Extracting 21B
    node-mattermost-tr:  f5bfdc5b1f8b Downloading 183.5MB
    node-mattermost-tr:  4c7f2d7f4f80 Extracting 13B
    node-mattermost-tr:  05de7d3270fa Extracting 21B
    node-mattermost-tr:  4c7f2d7f4f80 Extracting 13B
    node-mattermost-tr:  f5bfdc5b1f8b Downloading 184.5MB
    node-mattermost-tr:  05de7d3270fa Extracting 21B
    node-mattermost-tr:  f5bfdc5b1f8b Downloading 184.5MB
    node-mattermost-tr:  4c7f2d7f4f80 Extracting 13B
    node-mattermost-tr:  05de7d3270fa Extracting 21B
    node-mattermost-tr:  f5bfdc5b1f8b Downloading 184.5MB
    node-mattermost-tr:  05de7d3270fa Extracting 21B
    node-mattermost-tr:  f5bfdc5b1f8b Downloading 185.6MB
    node-mattermost-tr:  4c7f2d7f4f80 Extracting 13B
    node-mattermost-tr:  05de7d3270fa Extracting 21B
    node-mattermost-tr:  f5bfdc5b1f8b Downloading 185.6MB
    node-mattermost-tr:  05de7d3270fa Extracting 21B
    node-mattermost-tr:  f5bfdc5b1f8b Downloading 186.6MB
    node-mattermost-tr:  4c7f2d7f4f80 Extracting 13B
    node-mattermost-tr:  05de7d3270fa Extracting 21B
    node-mattermost-tr:  f5bfdc5b1f8b Downloading 187.7MB
    node-mattermost-tr:  05de7d3270fa Extracting 21B
    node-mattermost-tr:  f5bfdc5b1f8b Downloading 187.7MB
    node-mattermost-tr:  4c7f2d7f4f80 Extracting 14B
    node-mattermost-tr:  05de7d3270fa Extracting 21B
    node-mattermost-tr:  4c7f2d7f4f80 Extracting 14B
    node-mattermost-tr:  f5bfdc5b1f8b Downloading 188.7MB
    node-mattermost-tr:  05de7d3270fa Pull complete 0B
    node-mattermost-tr:  f5bfdc5b1f8b Downloading 188.7MB
    node-mattermost-tr:  4c7f2d7f4f80 Extracting 14B
    node-mattermost-tr:  f5bfdc5b1f8b Downloading 189.8MB
    node-mattermost-tr:  4c7f2d7f4f80 Extracting 14B
    node-mattermost-tr:  4c7f2d7f4f80 Extracting 14B
    node-mattermost-tr:  f5bfdc5b1f8b Downloading 190.8MB
    node-mattermost-tr:  4c7f2d7f4f80 Extracting 14B
    node-mattermost-tr:  f5bfdc5b1f8b Downloading 191.9MB
    node-mattermost-tr:  f5bfdc5b1f8b Downloading 191.9MB
    node-mattermost-tr:  4c7f2d7f4f80 Extracting 14B
    node-mattermost-tr:  f5bfdc5b1f8b Downloading 192.9MB
    node-mattermost-tr:  4c7f2d7f4f80 Extracting 14B
    node-mattermost-tr:  4c7f2d7f4f80 Extracting 14B
    node-mattermost-tr:  f5bfdc5b1f8b Downloading 193.2MB
    node-mattermost-tr:  4c7f2d7f4f80 Extracting 14B
    node-mattermost-tr:  f5bfdc5b1f8b Downloading 194MB
    node-mattermost-tr:  4c7f2d7f4f80 Extracting 15B
    node-mattermost-tr:  f5bfdc5b1f8b Downloading 195MB
    node-mattermost-tr:  4c7f2d7f4f80 Extracting 15B
    node-mattermost-tr:  f5bfdc5b1f8b Downloading 196.1MB
    node-mattermost-tr:  f5bfdc5b1f8b Downloading 196.1MB
    node-mattermost-tr:  4c7f2d7f4f80 Extracting 15B
    node-mattermost-tr:  f5bfdc5b1f8b Downloading 196.1MB
    node-mattermost-tr:  4c7f2d7f4f80 Extracting 15B
    node-mattermost-tr:  f5bfdc5b1f8b Downloading 197.1MB
    node-mattermost-tr:  4c7f2d7f4f80 Extracting 15B
    node-mattermost-tr:  f5bfdc5b1f8b Downloading 197.1MB
    node-mattermost-tr:  4c7f2d7f4f80 Extracting 15B
    node-mattermost-tr:  f5bfdc5b1f8b Downloading 198.2MB
    node-mattermost-tr:  4c7f2d7f4f80 Extracting 15B
    node-mattermost-tr:  4c7f2d7f4f80 Extracting 15B
    node-mattermost-tr:  f5bfdc5b1f8b Downloading 199.2MB
    node-mattermost-tr:  f5bfdc5b1f8b Downloading 199.2MB
    node-mattermost-tr:  4c7f2d7f4f80 Extracting 15B
    node-mattermost-tr:  f5bfdc5b1f8b Downloading 200.3MB
    node-mattermost-tr:  f5bfdc5b1f8b Downloading 200.3MB
    node-mattermost-tr:  4c7f2d7f4f80 Extracting 16B
    node-mattermost-tr:  f5bfdc5b1f8b Downloading 200.3MB
    node-mattermost-tr:  4c7f2d7f4f80 Extracting 16B
    node-mattermost-tr:  f5bfdc5b1f8b Downloading 201.3MB
    node-mattermost-tr:  4c7f2d7f4f80 Extracting 16B
    node-mattermost-tr:  4c7f2d7f4f80 Extracting 16B
    node-mattermost-tr:  f5bfdc5b1f8b Downloading 202.4MB
    node-mattermost-tr:  4c7f2d7f4f80 Extracting 16B
    node-mattermost-tr:  f5bfdc5b1f8b Downloading 202.4MB
    node-mattermost-tr:  4c7f2d7f4f80 Extracting 16B
    node-mattermost-tr:  f5bfdc5b1f8b Downloading 203.4MB
    node-mattermost-tr:  4c7f2d7f4f80 Extracting 16B
    node-mattermost-tr:  f5bfdc5b1f8b Downloading 204.5MB
    node-mattermost-tr:  f5bfdc5b1f8b Downloading 205.5MB
    node-mattermost-tr:  4c7f2d7f4f80 Extracting 16B
    node-mattermost-tr:  f5bfdc5b1f8b Downloading 205.5MB
    node-mattermost-tr:  4c7f2d7f4f80 Extracting 16B
    node-mattermost-tr:  f5bfdc5b1f8b Downloading 205.5MB
    node-mattermost-tr:  4c7f2d7f4f80 Extracting 17B
    node-mattermost-tr:  f5bfdc5b1f8b Downloading 206.6MB
    node-mattermost-tr:  4c7f2d7f4f80 Extracting 17B
    node-mattermost-tr:  f5bfdc5b1f8b Downloading 207.6MB
    node-mattermost-tr:  4c7f2d7f4f80 Extracting 17B
    node-mattermost-tr:  f5bfdc5b1f8b Downloading 207.6MB
    node-mattermost-tr:  4c7f2d7f4f80 Extracting 17B
    node-mattermost-tr:  f5bfdc5b1f8b Downloading 208.7MB
    node-mattermost-tr:  4c7f2d7f4f80 Extracting 17B
    node-mattermost-tr:  f5bfdc5b1f8b Downloading 208.7MB
    node-mattermost-tr:  4c7f2d7f4f80 Extracting 17B
    node-mattermost-tr:  f5bfdc5b1f8b Downloading 209.7MB
    node-mattermost-tr:  4c7f2d7f4f80 Extracting 17B
    node-mattermost-tr:  f5bfdc5b1f8b Downloading 210.8MB
    node-mattermost-tr:  4c7f2d7f4f80 Extracting 17B
    node-mattermost-tr:  f5bfdc5b1f8b Downloading 211.8MB
    node-mattermost-tr:  4c7f2d7f4f80 Extracting 17B
    node-mattermost-tr:  f5bfdc5b1f8b Downloading 211.8MB
    node-mattermost-tr:  4c7f2d7f4f80 Extracting 17B
    node-mattermost-tr:  f5bfdc5b1f8b Downloading 212.9MB
    node-mattermost-tr:  4c7f2d7f4f80 Extracting 18B
    node-mattermost-tr:  f5bfdc5b1f8b Downloading 212.9MB
    node-mattermost-tr:  4c7f2d7f4f80 Extracting 18B
    node-mattermost-tr:  f5bfdc5b1f8b Downloading 213.9MB
    node-mattermost-tr:  4c7f2d7f4f80 Extracting 18B
    node-mattermost-tr:  f5bfdc5b1f8b Downloading 215MB
    node-mattermost-tr:  4c7f2d7f4f80 Extracting 18B
    node-mattermost-tr:  f5bfdc5b1f8b Downloading 215MB
    node-mattermost-tr:  4c7f2d7f4f80 Extracting 18B
    node-mattermost-tr:  f5bfdc5b1f8b Downloading 216MB
    node-mattermost-tr:  4c7f2d7f4f80 Extracting 18B
    node-mattermost-tr:  f5bfdc5b1f8b Downloading 216MB
    node-mattermost-tr:  f5bfdc5b1f8b Downloading 217.1MB
    node-mattermost-tr:  4c7f2d7f4f80 Extracting 18B
    node-mattermost-tr:  f5bfdc5b1f8b Downloading 217.1MB
    node-mattermost-tr:  4c7f2d7f4f80 Extracting 18B
    node-mattermost-tr:  f5bfdc5b1f8b Downloading 217.1MB
    node-mattermost-tr:  4c7f2d7f4f80 Extracting 18B
    node-mattermost-tr:  f5bfdc5b1f8b Downloading 218.1MB
    node-mattermost-tr:  4c7f2d7f4f80 Extracting 19B
    node-mattermost-tr:  f5bfdc5b1f8b Downloading 219.2MB
    node-mattermost-tr:  4c7f2d7f4f80 Extracting 19B
    node-mattermost-tr:  f5bfdc5b1f8b Downloading 219.2MB
    node-mattermost-tr:  4c7f2d7f4f80 Extracting 19B
    node-mattermost-tr:  f5bfdc5b1f8b Downloading 220.2MB
    node-mattermost-tr:  4c7f2d7f4f80 Extracting 19B
    node-mattermost-tr:  f5bfdc5b1f8b Downloading 221.2MB
    node-mattermost-tr:  4c7f2d7f4f80 Extracting 19B
    node-mattermost-tr:  f5bfdc5b1f8b Downloading 221.2MB
    node-mattermost-tr:  f5bfdc5b1f8b Downloading 222.3MB
    node-mattermost-tr:  4c7f2d7f4f80 Extracting 19B
    node-mattermost-tr:  4c7f2d7f4f80 Extracting 19B
    node-mattermost-tr:  f5bfdc5b1f8b Downloading 223.3MB
    node-mattermost-tr:  4c7f2d7f4f80 Extracting 19B
    node-mattermost-tr:  f5bfdc5b1f8b Downloading 224.4MB
    node-mattermost-tr:  4c7f2d7f4f80 Extracting 19B
    node-mattermost-tr:  f5bfdc5b1f8b Downloading 224.4MB
    node-mattermost-tr:  4c7f2d7f4f80 Extracting 19B
    node-mattermost-tr:  f5bfdc5b1f8b Downloading 225.4MB
    node-mattermost-tr:  4c7f2d7f4f80 Extracting 20B
    node-mattermost-tr:  f5bfdc5b1f8b Downloading 226.5MB
    node-mattermost-tr:  4c7f2d7f4f80 Extracting 20B
    node-mattermost-tr:  f5bfdc5b1f8b Downloading 226.5MB
    node-mattermost-tr:  4c7f2d7f4f80 Extracting 20B
    node-mattermost-tr:  f5bfdc5b1f8b Downloading 227.5MB
    node-mattermost-tr:  4c7f2d7f4f80 Extracting 20B
    node-mattermost-tr:  f5bfdc5b1f8b Downloading 228.6MB
    node-mattermost-tr:  4c7f2d7f4f80 Extracting 20B
    node-mattermost-tr:  f5bfdc5b1f8b Downloading 228.6MB
    node-mattermost-tr:  4c7f2d7f4f80 Extracting 20B
    node-mattermost-tr:  f5bfdc5b1f8b Downloading 229.6MB
    node-mattermost-tr:  f5bfdc5b1f8b Downloading 230.7MB
    node-mattermost-tr:  4c7f2d7f4f80 Extracting 20B
    node-mattermost-tr:  4c7f2d7f4f80 Extracting 20B
    node-mattermost-tr:  f5bfdc5b1f8b Downloading 230.7MB
    node-mattermost-tr:  f5bfdc5b1f8b Downloading 231.7MB
    node-mattermost-tr:  4c7f2d7f4f80 Extracting 20B
    node-mattermost-tr:  4c7f2d7f4f80 Extracting 20B
    node-mattermost-tr:  f5bfdc5b1f8b Downloading 232.8MB
    node-mattermost-tr:  4c7f2d7f4f80 Extracting 21B
    node-mattermost-tr:  f5bfdc5b1f8b Downloading 233.8MB
    node-mattermost-tr:  f5bfdc5b1f8b Downloading 233.8MB
    node-mattermost-tr:  4c7f2d7f4f80 Extracting 21B
    node-mattermost-tr:  f5bfdc5b1f8b Downloading 233.8MB
    node-mattermost-tr:  4c7f2d7f4f80 Extracting 21B
    node-mattermost-tr:  f5bfdc5b1f8b Downloading 234.9MB
    node-mattermost-tr:  4c7f2d7f4f80 Extracting 21B
    node-mattermost-tr:  f5bfdc5b1f8b Downloading 235.9MB
    node-mattermost-tr:  4c7f2d7f4f80 Extracting 21B
    node-mattermost-tr:  f5bfdc5b1f8b Downloading 237MB
    node-mattermost-tr:  4c7f2d7f4f80 Extracting 21B
    node-mattermost-tr:  4c7f2d7f4f80 Extracting 21B
    node-mattermost-tr:  f5bfdc5b1f8b Downloading 238MB
    node-mattermost-tr:  f5bfdc5b1f8b Downloading 239.1MB
    node-mattermost-tr:  4c7f2d7f4f80 Extracting 21B
    node-mattermost-tr:  f5bfdc5b1f8b Downloading 239.1MB
    node-mattermost-tr:  f5bfdc5b1f8b Downloading 239.1MB
    node-mattermost-tr:  4c7f2d7f4f80 Extracting 22B
    node-mattermost-tr:  f5bfdc5b1f8b Downloading 240.1MB
    node-mattermost-tr:  4c7f2d7f4f80 Extracting 22B
    node-mattermost-tr:  f5bfdc5b1f8b Downloading 240.1MB
    node-mattermost-tr:  4c7f2d7f4f80 Extracting 22B
    node-mattermost-tr:  f5bfdc5b1f8b Downloading 241.2MB
    node-mattermost-tr:  4c7f2d7f4f80 Extracting 22B
    node-mattermost-tr:  f5bfdc5b1f8b Downloading 242.2MB
    node-mattermost-tr:  4c7f2d7f4f80 Extracting 22B
    node-mattermost-tr:  f5bfdc5b1f8b Downloading 242.2MB
    node-mattermost-tr:  4c7f2d7f4f80 Extracting 22B
    node-mattermost-tr:  f5bfdc5b1f8b Downloading 243.3MB
    node-mattermost-tr:  4c7f2d7f4f80 Extracting 22B
    node-mattermost-tr:  f5bfdc5b1f8b Downloading 244.3MB
    node-mattermost-tr:  f5bfdc5b1f8b Downloading 244.3MB
    node-mattermost-tr:  4c7f2d7f4f80 Extracting 22B
    node-mattermost-tr:  4c7f2d7f4f80 Extracting 22B
    node-mattermost-tr:  f5bfdc5b1f8b Downloading 245.4MB
    node-mattermost-tr:  4c7f2d7f4f80 Extracting 22B
    node-mattermost-tr:  f5bfdc5b1f8b Downloading 246.4MB
    node-mattermost-tr:  f5bfdc5b1f8b Downloading 246.4MB
    node-mattermost-tr:  4c7f2d7f4f80 Extracting 23B
    node-mattermost-tr:  4c7f2d7f4f80 Extracting 23B
    node-mattermost-tr:  f5bfdc5b1f8b Downloading 247.5MB
    node-mattermost-tr:  4c7f2d7f4f80 Extracting 23B
    node-mattermost-tr:  f5bfdc5b1f8b Downloading 248.3MB
    node-mattermost-tr:  f5bfdc5b1f8b Downloading 248.5MB
    node-mattermost-tr:  4c7f2d7f4f80 Extracting 23B
    node-mattermost-tr:  f5bfdc5b1f8b Downloading 248.5MB
    node-mattermost-tr:  4c7f2d7f4f80 Extracting 23B
    node-mattermost-tr:  f5bfdc5b1f8b Downloading 249.6MB
    node-mattermost-tr:  4c7f2d7f4f80 Extracting 23B
    node-mattermost-tr:  f5bfdc5b1f8b Downloading 250.6MB
    node-mattermost-tr:  4c7f2d7f4f80 Extracting 23B
    node-mattermost-tr:  f5bfdc5b1f8b Downloading 250.6MB
    node-mattermost-tr:  4c7f2d7f4f80 Extracting 23B
    node-mattermost-tr:  f5bfdc5b1f8b Downloading 251.7MB
    node-mattermost-tr:  4c7f2d7f4f80 Extracting 23B
    node-mattermost-tr:  f5bfdc5b1f8b Downloading 252.7MB
    node-mattermost-tr:  4c7f2d7f4f80 Extracting 23B
    node-mattermost-tr:  4c7f2d7f4f80 Extracting 24B
    node-mattermost-tr:  f5bfdc5b1f8b Downloading 252.7MB
    node-mattermost-tr:  4c7f2d7f4f80 Extracting 24B
    node-mattermost-tr:  f5bfdc5b1f8b Downloading 253.8MB
    node-mattermost-tr:  f5bfdc5b1f8b Downloading 254.8MB
    node-mattermost-tr:  4c7f2d7f4f80 Extracting 24B
    node-mattermost-tr:  f5bfdc5b1f8b Downloading 254.8MB
    node-mattermost-tr:  4c7f2d7f4f80 Extracting 24B
    node-mattermost-tr:  f5bfdc5b1f8b Downloading 255.9MB
    node-mattermost-tr:  4c7f2d7f4f80 Extracting 24B
    node-mattermost-tr:  f5bfdc5b1f8b Downloading 255.9MB
    node-mattermost-tr:  4c7f2d7f4f80 Extracting 24B
    node-mattermost-tr:  f5bfdc5b1f8b Downloading 256.9MB
    node-mattermost-tr:  4c7f2d7f4f80 Extracting 24B
    node-mattermost-tr:  f5bfdc5b1f8b Downloading 256.9MB
    node-mattermost-tr:  4c7f2d7f4f80 Extracting 24B
    node-mattermost-tr:  f5bfdc5b1f8b Downloading 257.9MB
    node-mattermost-tr:  4c7f2d7f4f80 Extracting 24B
    node-mattermost-tr:  f5bfdc5b1f8b Downloading 259MB
    node-mattermost-tr:  4c7f2d7f4f80 Extracting 25B
    node-mattermost-tr:  f5bfdc5b1f8b Downloading 259MB
    node-mattermost-tr:  4c7f2d7f4f80 Extracting 25B
    node-mattermost-tr:  f5bfdc5b1f8b Downloading 260MB
    node-mattermost-tr:  4c7f2d7f4f80 Extracting 25B
    node-mattermost-tr:  4c7f2d7f4f80 Extracting 25B
    node-mattermost-tr:  f5bfdc5b1f8b Downloading 261.1MB
    node-mattermost-tr:  f5bfdc5b1f8b Downloading 262.1MB
    node-mattermost-tr:  4c7f2d7f4f80 Extracting 25B
    node-mattermost-tr:  4c7f2d7f4f80 Extracting 25B
    node-mattermost-tr:  f5bfdc5b1f8b Downloading 262.1MB
    node-mattermost-tr:  f5bfdc5b1f8b Downloading 263.2MB
    node-mattermost-tr:  4c7f2d7f4f80 Extracting 25B
    node-mattermost-tr:  f5bfdc5b1f8b Downloading 263.2MB
    node-mattermost-tr:  4c7f2d7f4f80 Extracting 25B
    node-mattermost-tr:  f5bfdc5b1f8b Downloading 264.2MB
    node-mattermost-tr:  4c7f2d7f4f80 Extracting 25B
    node-mattermost-tr:  f5bfdc5b1f8b Downloading 265.3MB
    node-mattermost-tr:  4c7f2d7f4f80 Extracting 25B
    node-mattermost-tr:  f5bfdc5b1f8b Downloading 265.3MB
    node-mattermost-tr:  4c7f2d7f4f80 Extracting 26B
    node-mattermost-tr:  f5bfdc5b1f8b Downloading 265.3MB
    node-mattermost-tr:  4c7f2d7f4f80 Extracting 26B
    node-mattermost-tr:  f5bfdc5b1f8b Downloading 266.3MB
    node-mattermost-tr:  f5bfdc5b1f8b Downloading 267.4MB
    node-mattermost-tr:  4c7f2d7f4f80 Extracting 26B
    node-mattermost-tr:  f5bfdc5b1f8b Downloading 267.4MB
    node-mattermost-tr:  4c7f2d7f4f80 Extracting 26B
    node-mattermost-tr:  f5bfdc5b1f8b Downloading 268.4MB
    node-mattermost-tr:  4c7f2d7f4f80 Extracting 26B
    node-mattermost-tr:  f5bfdc5b1f8b Downloading 269.5MB
    node-mattermost-tr:  4c7f2d7f4f80 Extracting 26B
    node-mattermost-tr:  f5bfdc5b1f8b Downloading 270.5MB
    node-mattermost-tr:  4c7f2d7f4f80 Extracting 26B
    node-mattermost-tr:  f5bfdc5b1f8b Downloading 270.5MB
    node-mattermost-tr:  4c7f2d7f4f80 Extracting 26B
    node-mattermost-tr:  f5bfdc5b1f8b Downloading 271.6MB
    node-mattermost-tr:  f5bfdc5b1f8b Downloading 272.6MB
    node-mattermost-tr:  4c7f2d7f4f80 Extracting 27B
    node-mattermost-tr:  f5bfdc5b1f8b Downloading 272.6MB
    node-mattermost-tr:  f5bfdc5b1f8b Downloading 273.7MB
    node-mattermost-tr:  4c7f2d7f4f80 Pull complete 0B
    node-mattermost-tr:  f5bfdc5b1f8b Downloading 274.7MB
    node-mattermost-tr:  3e0c43622abe Extracting 1B
    node-mattermost-tr:  f5bfdc5b1f8b Downloading 274.7MB
    node-mattermost-tr:  3e0c43622abe Pull complete 0B
    node-mattermost-tr:  0892560966bb Extracting 1B
    node-mattermost-tr:  f5bfdc5b1f8b Downloading 275.8MB
    node-mattermost-tr:  f5bfdc5b1f8b Downloading 275.8MB
    node-mattermost-tr:  9fa019823549 Extracting 1B
    node-mattermost-tr:  0892560966bb Pull complete 0B
    node-mattermost-tr:  f5bfdc5b1f8b Downloading 276.8MB
    node-mattermost-tr:  00da1877cea6 Extracting 1B
    node-mattermost-tr:  9fa019823549 Pull complete 0B
    node-mattermost-tr:  f5bfdc5b1f8b Downloading 276.8MB
    node-mattermost-tr:  00da1877cea6 Pull complete 0B
    node-mattermost-tr:  f5bfdc5b1f8b Downloading 277.9MB
    node-mattermost-tr:  26803cb302a4 Pull complete 0B
    node-mattermost-tr:  f5bfdc5b1f8b Downloading 278.9MB
    node-mattermost-tr:  f5bfdc5b1f8b Downloading 278.9MB
    node-mattermost-tr:  f5bfdc5b1f8b Downloading 280MB
    node-mattermost-tr:  f5bfdc5b1f8b Downloading 281MB
    node-mattermost-tr:  f5bfdc5b1f8b Downloading 282.1MB
    node-mattermost-tr:  Image postgres:15 Pulled
    node-mattermost-tr:  f5bfdc5b1f8b Downloading 282.1MB
    node-mattermost-tr:  f5bfdc5b1f8b Downloading 283.1MB
    node-mattermost-tr:  f5bfdc5b1f8b Downloading 283.1MB
    node-mattermost-tr:  f5bfdc5b1f8b Downloading 284.2MB
    node-mattermost-tr:  f5bfdc5b1f8b Downloading 285.2MB
    node-mattermost-tr:  f5bfdc5b1f8b Downloading 285.2MB
    node-mattermost-tr:  f5bfdc5b1f8b Downloading 287.3MB
    node-mattermost-tr:  f5bfdc5b1f8b Downloading 289.4MB
    node-mattermost-tr:  f5bfdc5b1f8b Downloading 291.5MB
    node-mattermost-tr:  f5bfdc5b1f8b Downloading 293.6MB
    node-mattermost-tr:  f5bfdc5b1f8b Downloading 294.6MB
    node-mattermost-tr:  f5bfdc5b1f8b Downloading 295.7MB
    node-mattermost-tr:  f5bfdc5b1f8b Downloading 296.7MB
    node-mattermost-tr:  f5bfdc5b1f8b Downloading 298.8MB
    node-mattermost-tr:  f5bfdc5b1f8b Downloading 299.9MB
    node-mattermost-tr:  f5bfdc5b1f8b Downloading 302MB
    node-mattermost-tr:  f5bfdc5b1f8b Downloading 303MB
    node-mattermost-tr:  f5bfdc5b1f8b Downloading 305.1MB
    node-mattermost-tr:  f5bfdc5b1f8b Downloading 306.2MB
    node-mattermost-tr:  f5bfdc5b1f8b Downloading 307.2MB
    node-mattermost-tr:  f5bfdc5b1f8b Downloading 308.3MB
    node-mattermost-tr:  f5bfdc5b1f8b Downloading 310.4MB
    node-mattermost-tr:  f5bfdc5b1f8b Downloading 311.4MB
    node-mattermost-tr:  f5bfdc5b1f8b Downloading 312.5MB
    node-mattermost-tr:  f5bfdc5b1f8b Downloading 314.6MB
    node-mattermost-tr:  f5bfdc5b1f8b Downloading 315.6MB
    node-mattermost-tr:  f5bfdc5b1f8b Downloading 315.6MB
    node-mattermost-tr:  f5bfdc5b1f8b Downloading 317.7MB
    node-mattermost-tr:  f5bfdc5b1f8b Downloading 318.8MB
    node-mattermost-tr:  f5bfdc5b1f8b Downloading 320.9MB
    node-mattermost-tr:  f5bfdc5b1f8b Downloading 321.9MB
    node-mattermost-tr:  f5bfdc5b1f8b Downloading 323MB
    node-mattermost-tr:  f5bfdc5b1f8b Downloading 325.1MB
    node-mattermost-tr:  f5bfdc5b1f8b Downloading 326.1MB
    node-mattermost-tr:  f5bfdc5b1f8b Downloading 328.2MB
    node-mattermost-tr:  f5bfdc5b1f8b Downloading 329.3MB
    node-mattermost-tr:  f5bfdc5b1f8b Downloading 330.3MB
    node-mattermost-tr:  f5bfdc5b1f8b Downloading 332.4MB
    node-mattermost-tr:  f5bfdc5b1f8b Downloading 333.4MB
    node-mattermost-tr:  f5bfdc5b1f8b Downloading 334.5MB
    node-mattermost-tr:  f5bfdc5b1f8b Downloading 335.5MB
    node-mattermost-tr:  f5bfdc5b1f8b Downloading 336.6MB
    node-mattermost-tr:  f5bfdc5b1f8b Downloading 338.7MB
    node-mattermost-tr:  f5bfdc5b1f8b Downloading 339.7MB
    node-mattermost-tr:  f5bfdc5b1f8b Downloading 340.8MB
    node-mattermost-tr:  f5bfdc5b1f8b Downloading 342.9MB
    node-mattermost-tr:  f5bfdc5b1f8b Downloading 343.9MB
    node-mattermost-tr:  f5bfdc5b1f8b Downloading 345MB
    node-mattermost-tr:  f5bfdc5b1f8b Downloading 346MB
    node-mattermost-tr:  f5bfdc5b1f8b Downloading 347.1MB
    node-mattermost-tr:  f5bfdc5b1f8b Downloading 349.2MB
    node-mattermost-tr:  f5bfdc5b1f8b Downloading 350.2MB
    node-mattermost-tr:  f5bfdc5b1f8b Downloading 352.3MB
    node-mattermost-tr:  f5bfdc5b1f8b Downloading 353.4MB
    node-mattermost-tr:  f5bfdc5b1f8b Downloading 354.4MB
    node-mattermost-tr:  f5bfdc5b1f8b Downloading 356.5MB
    node-mattermost-tr:  f5bfdc5b1f8b Downloading 357.6MB
    node-mattermost-tr:  f5bfdc5b1f8b Downloading 358.6MB
    node-mattermost-tr:  f5bfdc5b1f8b Downloading 359.7MB
    node-mattermost-tr:  f5bfdc5b1f8b Downloading 361.8MB
    node-mattermost-tr:  f5bfdc5b1f8b Downloading 362.8MB
    node-mattermost-tr:  f5bfdc5b1f8b Downloading 363.9MB
    node-mattermost-tr:  f5bfdc5b1f8b Downloading 366MB
    node-mattermost-tr:  f5bfdc5b1f8b Downloading 367MB
    node-mattermost-tr:  f5bfdc5b1f8b Downloading 368.1MB
    node-mattermost-tr:  f5bfdc5b1f8b Downloading 370.1MB
    node-mattermost-tr:  f5bfdc5b1f8b Downloading 371.2MB
    node-mattermost-tr:  f5bfdc5b1f8b Downloading 372.2MB
    node-mattermost-tr:  f5bfdc5b1f8b Downloading 373.3MB
    node-mattermost-tr:  f5bfdc5b1f8b Downloading 375.4MB
    node-mattermost-tr:  f5bfdc5b1f8b Downloading 376.4MB
    node-mattermost-tr:  f5bfdc5b1f8b Downloading 377.5MB
    node-mattermost-tr:  f5bfdc5b1f8b Downloading 377.5MB
    node-mattermost-tr:  f5bfdc5b1f8b Downloading 378.5MB
    node-mattermost-tr:  f5bfdc5b1f8b Downloading 380.6MB
    node-mattermost-tr:  f5bfdc5b1f8b Downloading 381.7MB
    node-mattermost-tr:  f5bfdc5b1f8b Downloading 383.8MB
    node-mattermost-tr:  f5bfdc5b1f8b Downloading 384.8MB
    node-mattermost-tr:  f5bfdc5b1f8b Downloading 385.9MB
    node-mattermost-tr:  f5bfdc5b1f8b Downloading 388MB
    node-mattermost-tr:  f5bfdc5b1f8b Downloading 389MB
    node-mattermost-tr:  f5bfdc5b1f8b Downloading 391.1MB
    node-mattermost-tr:  f5bfdc5b1f8b Downloading 392.2MB
    node-mattermost-tr:  f5bfdc5b1f8b Downloading 393.2MB
    node-mattermost-tr:  f5bfdc5b1f8b Downloading 395.3MB
    node-mattermost-tr:  f5bfdc5b1f8b Downloading 396.4MB
    node-mattermost-tr:  f5bfdc5b1f8b Downloading 397.4MB
    node-mattermost-tr:  f5bfdc5b1f8b Downloading 398.5MB
    node-mattermost-tr:  f5bfdc5b1f8b Downloading 400.6MB
    node-mattermost-tr:  f5bfdc5b1f8b Downloading 401.6MB
    node-mattermost-tr:  f5bfdc5b1f8b Downloading 402.7MB
    node-mattermost-tr:  f5bfdc5b1f8b Downloading 404.8MB
    node-mattermost-tr:  f5bfdc5b1f8b Downloading 405.8MB
    node-mattermost-tr:  f5bfdc5b1f8b Downloading 406.8MB
    node-mattermost-tr:  f5bfdc5b1f8b Downloading 408.9MB
    node-mattermost-tr:  f5bfdc5b1f8b Downloading 410MB
    node-mattermost-tr:  f5bfdc5b1f8b Downloading 412.1MB
    node-mattermost-tr:  f5bfdc5b1f8b Downloading 413.1MB
    node-mattermost-tr:  f5bfdc5b1f8b Downloading 415.2MB
    node-mattermost-tr:  f5bfdc5b1f8b Downloading 416.3MB
    node-mattermost-tr:  f5bfdc5b1f8b Downloading 417.3MB
    node-mattermost-tr:  f5bfdc5b1f8b Downloading 418.4MB
    node-mattermost-tr:  f5bfdc5b1f8b Downloading 420.2MB
    node-mattermost-tr:  f5bfdc5b1f8b Downloading 421.5MB
    node-mattermost-tr:  f5bfdc5b1f8b Downloading 423.6MB
    node-mattermost-tr:  f5bfdc5b1f8b Downloading 424.7MB
    node-mattermost-tr:  f5bfdc5b1f8b Downloading 425.7MB
    node-mattermost-tr:  f5bfdc5b1f8b Downloading 427.8MB
    node-mattermost-tr:  f5bfdc5b1f8b Downloading 428.9MB
    node-mattermost-tr:  f5bfdc5b1f8b Downloading 429.9MB
    node-mattermost-tr:  f5bfdc5b1f8b Downloading 432MB
    node-mattermost-tr:  f5bfdc5b1f8b Downloading 433.1MB
    node-mattermost-tr:  f5bfdc5b1f8b Downloading 434.1MB
    node-mattermost-tr:  f5bfdc5b1f8b Downloading 436.2MB
    node-mattermost-tr:  f5bfdc5b1f8b Downloading 437.3MB
    node-mattermost-tr:  f5bfdc5b1f8b Downloading 438.3MB
    node-mattermost-tr:  f5bfdc5b1f8b Downloading 439.4MB
    node-mattermost-tr:  f5bfdc5b1f8b Downloading 440.4MB
    node-mattermost-tr:  f5bfdc5b1f8b Downloading 442.5MB
    node-mattermost-tr:  f5bfdc5b1f8b Downloading 443.5MB
    node-mattermost-tr:  f5bfdc5b1f8b Downloading 444.6MB
    node-mattermost-tr:  f5bfdc5b1f8b Downloading 445.6MB
    node-mattermost-tr:  f5bfdc5b1f8b Downloading 447.7MB
    node-mattermost-tr:  f5bfdc5b1f8b Download complete 0B
    node-mattermost-tr:  f5bfdc5b1f8b Extracting 1B
    node-mattermost-tr:  f5bfdc5b1f8b Extracting 1B
    node-mattermost-tr:  f5bfdc5b1f8b Extracting 1B
    node-mattermost-tr:  f5bfdc5b1f8b Extracting 1B
    node-mattermost-tr:  f5bfdc5b1f8b Extracting 1B
    node-mattermost-tr:  f5bfdc5b1f8b Extracting 1B
    node-mattermost-tr:  f5bfdc5b1f8b Extracting 1B
    node-mattermost-tr:  f5bfdc5b1f8b Extracting 1B
    node-mattermost-tr:  f5bfdc5b1f8b Extracting 1B
    node-mattermost-tr:  f5bfdc5b1f8b Extracting 1B
    node-mattermost-tr:  f5bfdc5b1f8b Extracting 2B
    node-mattermost-tr:  f5bfdc5b1f8b Extracting 2B
    node-mattermost-tr:  f5bfdc5b1f8b Extracting 2B
    node-mattermost-tr:  f5bfdc5b1f8b Extracting 2B
    node-mattermost-tr:  f5bfdc5b1f8b Extracting 2B
    node-mattermost-tr:  f5bfdc5b1f8b Extracting 2B
    node-mattermost-tr:  f5bfdc5b1f8b Extracting 2B
    node-mattermost-tr:  f5bfdc5b1f8b Extracting 2B
    node-mattermost-tr:  f5bfdc5b1f8b Extracting 2B
    node-mattermost-tr:  f5bfdc5b1f8b Extracting 2B
    node-mattermost-tr:  f5bfdc5b1f8b Extracting 3B
    node-mattermost-tr:  f5bfdc5b1f8b Extracting 3B
    node-mattermost-tr:  f5bfdc5b1f8b Extracting 3B
    node-mattermost-tr:  f5bfdc5b1f8b Extracting 3B
    node-mattermost-tr:  f5bfdc5b1f8b Extracting 3B
    node-mattermost-tr:  f5bfdc5b1f8b Extracting 3B
    node-mattermost-tr:  f5bfdc5b1f8b Extracting 3B
    node-mattermost-tr:  f5bfdc5b1f8b Extracting 3B
    node-mattermost-tr:  f5bfdc5b1f8b Extracting 3B
    node-mattermost-tr:  f5bfdc5b1f8b Extracting 3B
    node-mattermost-tr:  f5bfdc5b1f8b Extracting 3B
    node-mattermost-tr:  f5bfdc5b1f8b Extracting 4B
    node-mattermost-tr:  f5bfdc5b1f8b Extracting 4B
    node-mattermost-tr:  f5bfdc5b1f8b Extracting 4B
    node-mattermost-tr:  f5bfdc5b1f8b Extracting 4B
    node-mattermost-tr:  f5bfdc5b1f8b Extracting 4B
    node-mattermost-tr:  f5bfdc5b1f8b Extracting 4B
    node-mattermost-tr:  f5bfdc5b1f8b Extracting 4B
    node-mattermost-tr:  f5bfdc5b1f8b Extracting 4B
    node-mattermost-tr:  f5bfdc5b1f8b Extracting 4B
    node-mattermost-tr:  f5bfdc5b1f8b Extracting 5B
    node-mattermost-tr:  f5bfdc5b1f8b Extracting 5B
    node-mattermost-tr:  f5bfdc5b1f8b Extracting 5B
    node-mattermost-tr:  f5bfdc5b1f8b Extracting 5B
    node-mattermost-tr:  f5bfdc5b1f8b Extracting 5B
    node-mattermost-tr:  f5bfdc5b1f8b Extracting 5B
    node-mattermost-tr:  f5bfdc5b1f8b Extracting 5B
    node-mattermost-tr:  f5bfdc5b1f8b Extracting 5B
    node-mattermost-tr:  f5bfdc5b1f8b Extracting 5B
    node-mattermost-tr:  f5bfdc5b1f8b Extracting 5B
    node-mattermost-tr:  f5bfdc5b1f8b Extracting 6B
    node-mattermost-tr:  f5bfdc5b1f8b Extracting 6B
    node-mattermost-tr:  f5bfdc5b1f8b Extracting 6B
    node-mattermost-tr:  f5bfdc5b1f8b Extracting 6B
    node-mattermost-tr:  f5bfdc5b1f8b Extracting 6B
    node-mattermost-tr:  f5bfdc5b1f8b Extracting 6B
    node-mattermost-tr:  f5bfdc5b1f8b Extracting 6B
    node-mattermost-tr:  f5bfdc5b1f8b Extracting 6B
    node-mattermost-tr:  f5bfdc5b1f8b Extracting 6B
    node-mattermost-tr:  f5bfdc5b1f8b Extracting 6B
    node-mattermost-tr:  f5bfdc5b1f8b Extracting 6B
    node-mattermost-tr:  f5bfdc5b1f8b Extracting 7B
    node-mattermost-tr:  f5bfdc5b1f8b Extracting 7B
    node-mattermost-tr:  f5bfdc5b1f8b Extracting 7B
    node-mattermost-tr:  f5bfdc5b1f8b Extracting 7B
    node-mattermost-tr:  f5bfdc5b1f8b Extracting 7B
    node-mattermost-tr:  f5bfdc5b1f8b Extracting 7B
    node-mattermost-tr:  f5bfdc5b1f8b Extracting 7B
    node-mattermost-tr:  f5bfdc5b1f8b Extracting 7B
    node-mattermost-tr:  f5bfdc5b1f8b Extracting 7B
    node-mattermost-tr:  f5bfdc5b1f8b Extracting 8B
    node-mattermost-tr:  f5bfdc5b1f8b Extracting 8B
    node-mattermost-tr:  f5bfdc5b1f8b Extracting 8B
    node-mattermost-tr:  f5bfdc5b1f8b Extracting 8B
    node-mattermost-tr:  f5bfdc5b1f8b Extracting 8B
    node-mattermost-tr:  f5bfdc5b1f8b Extracting 8B
    node-mattermost-tr:  f5bfdc5b1f8b Extracting 8B
    node-mattermost-tr:  f5bfdc5b1f8b Extracting 8B
    node-mattermost-tr:  f5bfdc5b1f8b Extracting 8B
    node-mattermost-tr:  f5bfdc5b1f8b Extracting 8B
    node-mattermost-tr:  f5bfdc5b1f8b Extracting 8B
    node-mattermost-tr:  f5bfdc5b1f8b Extracting 9B
    node-mattermost-tr:  f5bfdc5b1f8b Extracting 9B
    node-mattermost-tr:  f5bfdc5b1f8b Extracting 9B
    node-mattermost-tr:  f5bfdc5b1f8b Extracting 9B
    node-mattermost-tr:  f5bfdc5b1f8b Extracting 9B
    node-mattermost-tr:  f5bfdc5b1f8b Extracting 9B
    node-mattermost-tr:  f5bfdc5b1f8b Extracting 9B
    node-mattermost-tr:  f5bfdc5b1f8b Extracting 9B
    node-mattermost-tr:  f5bfdc5b1f8b Extracting 9B
    node-mattermost-tr:  f5bfdc5b1f8b Extracting 10B
    node-mattermost-tr:  f5bfdc5b1f8b Extracting 10B
    node-mattermost-tr:  f5bfdc5b1f8b Extracting 10B
    node-mattermost-tr:  f5bfdc5b1f8b Extracting 10B
    node-mattermost-tr:  f5bfdc5b1f8b Extracting 10B
    node-mattermost-tr:  f5bfdc5b1f8b Extracting 10B
    node-mattermost-tr:  f5bfdc5b1f8b Extracting 10B
    node-mattermost-tr:  f5bfdc5b1f8b Extracting 10B
    node-mattermost-tr:  f5bfdc5b1f8b Extracting 10B
    node-mattermost-tr:  f5bfdc5b1f8b Extracting 10B
    node-mattermost-tr:  f5bfdc5b1f8b Extracting 11B
    node-mattermost-tr:  f5bfdc5b1f8b Extracting 11B
    node-mattermost-tr:  f5bfdc5b1f8b Extracting 11B
    node-mattermost-tr:  f5bfdc5b1f8b Extracting 11B
    node-mattermost-tr:  f5bfdc5b1f8b Extracting 11B
    node-mattermost-tr:  f5bfdc5b1f8b Extracting 11B
    node-mattermost-tr:  f5bfdc5b1f8b Extracting 11B
    node-mattermost-tr:  f5bfdc5b1f8b Extracting 11B
    node-mattermost-tr:  f5bfdc5b1f8b Extracting 11B
    node-mattermost-tr:  f5bfdc5b1f8b Extracting 11B
    node-mattermost-tr:  f5bfdc5b1f8b Extracting 12B
    node-mattermost-tr:  f5bfdc5b1f8b Extracting 12B
    node-mattermost-tr:  f5bfdc5b1f8b Extracting 12B
    node-mattermost-tr:  f5bfdc5b1f8b Extracting 12B
    node-mattermost-tr:  f5bfdc5b1f8b Extracting 12B
    node-mattermost-tr:  f5bfdc5b1f8b Extracting 12B
    node-mattermost-tr:  f5bfdc5b1f8b Extracting 12B
    node-mattermost-tr:  f5bfdc5b1f8b Extracting 12B
    node-mattermost-tr:  f5bfdc5b1f8b Extracting 12B
    node-mattermost-tr:  f5bfdc5b1f8b Extracting 12B
    node-mattermost-tr:  f5bfdc5b1f8b Extracting 12B
    node-mattermost-tr:  f5bfdc5b1f8b Extracting 13B
    node-mattermost-tr:  f5bfdc5b1f8b Extracting 13B
    node-mattermost-tr:  f5bfdc5b1f8b Extracting 13B
    node-mattermost-tr:  f5bfdc5b1f8b Extracting 13B
    node-mattermost-tr:  f5bfdc5b1f8b Extracting 13B
    node-mattermost-tr:  f5bfdc5b1f8b Extracting 13B
    node-mattermost-tr:  f5bfdc5b1f8b Extracting 13B
    node-mattermost-tr:  f5bfdc5b1f8b Extracting 13B
    node-mattermost-tr:  f5bfdc5b1f8b Extracting 13B
    node-mattermost-tr:  f5bfdc5b1f8b Extracting 13B
    node-mattermost-tr:  f5bfdc5b1f8b Pull complete 0B
    node-mattermost-tr:  4f4fb700ef54 Pull complete 0B
    node-mattermost-tr:  d05f6d8a1f1a Pull complete 0B
    node-mattermost-tr:  Image mattermost/mattermost-team-edition:9.5 Pulled
    node-mattermost-tr:  Network mattermost_default Creating
    node-mattermost-tr:  Network mattermost_default Created
    node-mattermost-tr:  Container mm-db Creating
    node-mattermost-tr:  Container mm-db Created
    node-mattermost-tr:  Container mattermost Creating
    node-mattermost-tr:  Container mattermost Created
    node-mattermost-tr:  Container mm-db Starting
    node-mattermost-tr:  Container mm-db Started
    node-mattermost-tr:  Container mattermost Starting
    node-mattermost-tr:  Container mattermost Started
    node-mattermost-tr: [node-mattermost] waiting for Mattermost...
    node-mattermost-tr: ....[node-mattermost] Mattermost up (5*10s)
    node-mattermost-tr: 
    node-mattermost-tr: [node-mattermost] done: scenario=ok https=true
==> node-control-tr: Importing base box 'ubuntu/jammy64'...

[K==> node-control-tr: Matching MAC address for NAT networking...
==> node-control-tr: Setting the name of the VM: node-control-tr
==> node-control-tr: Fixed port collision for 22 => 2222. Now on port 2202.
==> node-control-tr: Clearing any previously set network interfaces...
==> node-control-tr: Preparing network interfaces based on configuration...
    node-control-tr: Adapter 1: nat
    node-control-tr: Adapter 2: hostonly
==> node-control-tr: Forwarding ports...
    node-control-tr: 22 (guest) => 2202 (host) (adapter 1)
==> node-control-tr: Running 'pre-boot' VM customizations...
==> node-control-tr: Booting VM...
==> node-control-tr: Waiting for machine to boot. This may take a few minutes...
    node-control-tr: SSH address: 127.0.0.1:2202
    node-control-tr: SSH username: vagrant
    node-control-tr: SSH auth method: private key
    node-control-tr: Warning: Connection reset. Retrying...
    node-control-tr: Warning: Connection aborted. Retrying...
    node-control-tr: 
    node-control-tr: Vagrant insecure key detected. Vagrant will automatically replace
    node-control-tr: this with a newly generated keypair for better security.
    node-control-tr: 
    node-control-tr: Inserting generated public key within guest...
    node-control-tr: Removing insecure key from the guest if it's present...
    node-control-tr: Key inserted! Disconnecting and reconnecting using new SSH key...
==> node-control-tr: Machine booted and ready!
==> node-control-tr: Checking for guest additions in VM...
    node-control-tr: The guest additions on this VM do not match the installed version of
    node-control-tr: VirtualBox! In most cases this is fine, but in rare cases it can
    node-control-tr: prevent things such as shared folders from working properly. If you see
    node-control-tr: shared folder errors, please make sure the guest additions within the
    node-control-tr: virtual machine match the version of VirtualBox you have installed on
    node-control-tr: your host and reload your VM.
    node-control-tr: 
    node-control-tr: Guest Additions Version: 6.0.0 r127566
    node-control-tr: VirtualBox Version: 7.2
==> node-control-tr: Setting hostname...
==> node-control-tr: Configuring and enabling network interfaces...
==> node-control-tr: Running provisioner: file...
    node-control-tr: ../../playbooks => /tmp/playbooks
==> node-control-tr: Running provisioner: shell...
    node-control-tr: Running: C:/Users/176D~1/AppData/Local/Temp/vagrant-shell20260429-9496-ax9mp7.sh
    node-control-tr: Reading package lists...
    node-control-tr: Building dependency tree...
    node-control-tr: Reading state information...
    node-control-tr: The following additional packages will be installed:
    node-control-tr:   build-essential bzip2 cpp cpp-11 dpkg-dev fakeroot fontconfig-config
    node-control-tr:   fonts-dejavu-core g++ g++-11 gcc gcc-11 gcc-11-base gcc-12-base ieee-data
    node-control-tr:   javascript-common libalgorithm-diff-perl libalgorithm-diff-xs-perl
    node-control-tr:   libalgorithm-merge-perl libasan6 libatomic1 libc-dev-bin libc-devtools libc6
    node-control-tr:   libc6-dev libcc1-0 libcrypt-dev libdeflate0 libdpkg-perl libexpat1
    node-control-tr:   libexpat1-dev libfakeroot libfile-fcntllock-perl libfontconfig1
    node-control-tr:   libgcc-11-dev libgcc-s1 libgd3 libgomp1 libisl23 libitm1 libjbig0
    node-control-tr:   libjpeg-turbo8 libjpeg8 libjs-jquery libjs-sphinxdoc libjs-underscore
    node-control-tr:   liblsan0 libmpc3 libnsl-dev libpython3-dev libpython3.10 libpython3.10-dev
    node-control-tr:   libpython3.10-minimal libpython3.10-stdlib libquadmath0 libstdc++-11-dev
    node-control-tr:   libstdc++6 libtiff5 libtirpc-dev libtsan0 libubsan1 libwebp7 libxpm4
    node-control-tr:   linux-libc-dev lto-disabled-list make manpages-dev python3-argcomplete
    node-control-tr:   python3-dev python3-dnspython python3-jmespath python3-kerberos
    node-control-tr:   python3-libcloud python3-lockfile python3-netaddr python3-ntlm-auth
    node-control-tr:   python3-pycryptodome python3-requests-kerberos python3-requests-ntlm
    node-control-tr:   python3-requests-toolbelt python3-selinux python3-simplejson python3-wheel
    node-control-tr:   python3-winrm python3-xmltodict python3.10 python3.10-dev python3.10-minimal
    node-control-tr:   rpcsvc-proto zlib1g-dev
    node-control-tr: Suggested packages:
    node-control-tr:   cowsay bzip2-doc cpp-doc gcc-11-locales debian-keyring g++-multilib
    node-control-tr:   g++-11-multilib gcc-11-doc gcc-multilib autoconf automake libtool flex bison
    node-control-tr:   gdb gcc-doc gcc-11-multilib apache2 | lighttpd | httpd glibc-doc bzr
    node-control-tr:   libgd-tools libstdc++-11-doc make-doc python3-sniffio python3-trio
    node-control-tr:   python-lockfile-doc ipython3 python-netaddr-docs python3.10-venv
    node-control-tr:   python3.10-doc binfmt-support
    node-control-tr: Recommended packages:
    node-control-tr:   libnss-nis libnss-nisplus
    node-control-tr: The following NEW packages will be installed:
    node-control-tr:   ansible build-essential bzip2 cpp cpp-11 dpkg-dev fakeroot fontconfig-config
    node-control-tr:   fonts-dejavu-core g++ g++-11 gcc gcc-11 gcc-11-base ieee-data
    node-control-tr:   javascript-common libalgorithm-diff-perl libalgorithm-diff-xs-perl
    node-control-tr:   libalgorithm-merge-perl libasan6 libatomic1 libc-dev-bin libc-devtools
    node-control-tr:   libc6-dev libcc1-0 libcrypt-dev libdeflate0 libdpkg-perl libexpat1-dev
    node-control-tr:   libfakeroot libfile-fcntllock-perl libfontconfig1 libgcc-11-dev libgd3
    node-control-tr:   libgomp1 libisl23 libitm1 libjbig0 libjpeg-turbo8 libjpeg8 libjs-jquery
    node-control-tr:   libjs-sphinxdoc libjs-underscore liblsan0 libmpc3 libnsl-dev libpython3-dev
    node-control-tr:   libpython3.10-dev libquadmath0 libstdc++-11-dev libtiff5 libtirpc-dev
    node-control-tr:   libtsan0 libubsan1 libwebp7 libxpm4 linux-libc-dev lto-disabled-list make
    node-control-tr:   manpages-dev python3-argcomplete python3-dev python3-dnspython
    node-control-tr:   python3-jmespath python3-kerberos python3-libcloud python3-lockfile
    node-control-tr:   python3-netaddr python3-ntlm-auth python3-pip python3-pycryptodome
    node-control-tr:   python3-requests-kerberos python3-requests-ntlm python3-requests-toolbelt
    node-control-tr:   python3-selinux python3-simplejson python3-wheel python3-winrm
    node-control-tr:   python3-xmltodict python3.10-dev rpcsvc-proto sshpass zlib1g-dev
    node-control-tr: The following packages will be upgraded:
    node-control-tr:   gcc-12-base libc6 libexpat1 libgcc-s1 libpython3.10 libpython3.10-minimal
    node-control-tr:   libpython3.10-stdlib libstdc++6 python3.10 python3.10-minimal
    node-control-tr: 10 upgraded, 83 newly installed, 0 to remove and 137 not upgraded.
    node-control-tr: Need to get 106 MB of archives.
    node-control-tr: After this operation, 483 MB of additional disk space will be used.
    node-control-tr: Get:1 http://archive.ubuntu.com/ubuntu jammy-updates/main amd64 gcc-12-base amd64 12.3.0-1ubuntu1~22.04.3 [216 kB]
    node-control-tr: Get:2 http://archive.ubuntu.com/ubuntu jammy-updates/main amd64 libgcc-s1 amd64 12.3.0-1ubuntu1~22.04.3 [53.9 kB]
    node-control-tr: Get:3 http://archive.ubuntu.com/ubuntu jammy-updates/main amd64 libstdc++6 amd64 12.3.0-1ubuntu1~22.04.3 [699 kB]
    node-control-tr: Get:4 http://archive.ubuntu.com/ubuntu jammy-updates/main amd64 libc6 amd64 2.35-0ubuntu3.13 [3235 kB]
    node-control-tr: Get:5 http://archive.ubuntu.com/ubuntu jammy-updates/main amd64 libexpat1 amd64 2.4.7-1ubuntu0.7 [92.1 kB]
    node-control-tr: Get:6 http://archive.ubuntu.com/ubuntu jammy-updates/main amd64 libpython3.10 amd64 3.10.12-1~22.04.15 [1949 kB]
    node-control-tr: Get:7 http://archive.ubuntu.com/ubuntu jammy-updates/main amd64 python3.10 amd64 3.10.12-1~22.04.15 [508 kB]
    node-control-tr: Get:8 http://archive.ubuntu.com/ubuntu jammy-updates/main amd64 libpython3.10-stdlib amd64 3.10.12-1~22.04.15 [1850 kB]
    node-control-tr: Get:9 http://archive.ubuntu.com/ubuntu jammy-updates/main amd64 python3.10-minimal amd64 3.10.12-1~22.04.15 [2275 kB]
    node-control-tr: Get:10 http://archive.ubuntu.com/ubuntu jammy-updates/main amd64 libpython3.10-minimal amd64 3.10.12-1~22.04.15 [816 kB]
    node-control-tr: Get:11 http://archive.ubuntu.com/ubuntu jammy-updates/main amd64 python3-pycryptodome amd64 3.11.0+dfsg1-3ubuntu0.1 [1029 kB]
    node-control-tr: Get:12 http://archive.ubuntu.com/ubuntu jammy/main amd64 python3-dnspython all 2.1.0-1ubuntu1 [123 kB]
    node-control-tr: Get:13 http://archive.ubuntu.com/ubuntu jammy/main amd64 ieee-data all 20210605.1 [1887 kB]
    node-control-tr: Get:14 http://archive.ubuntu.com/ubuntu jammy/main amd64 python3-netaddr all 0.8.0-2 [309 kB]
    node-control-tr: Get:15 http://archive.ubuntu.com/ubuntu jammy/universe amd64 ansible all 2.10.7+merged+base+2.10.8+dfsg-1 [17.5 MB]
    node-control-tr: Get:16 http://archive.ubuntu.com/ubuntu jammy-updates/main amd64 libc-dev-bin amd64 2.35-0ubuntu3.13 [20.3 kB]
    node-control-tr: Get:17 http://archive.ubuntu.com/ubuntu jammy-updates/main amd64 linux-libc-dev amd64 5.15.0-176.186 [1327 kB]
    node-control-tr: Get:18 http://archive.ubuntu.com/ubuntu jammy/main amd64 libcrypt-dev amd64 1:4.4.27-1 [112 kB]
    node-control-tr: Get:19 http://archive.ubuntu.com/ubuntu jammy/main amd64 rpcsvc-proto amd64 1.4.2-0ubuntu6 [68.5 kB]
    node-control-tr: Get:20 http://archive.ubuntu.com/ubuntu jammy-updates/main amd64 libtirpc-dev amd64 1.3.2-2ubuntu0.1 [192 kB]
    node-control-tr: Get:21 http://archive.ubuntu.com/ubuntu jammy/main amd64 libnsl-dev amd64 1.3.0-2build2 [71.3 kB]
    node-control-tr: Get:22 http://archive.ubuntu.com/ubuntu jammy-updates/main amd64 libc6-dev amd64 2.35-0ubuntu3.13 [2101 kB]
    node-control-tr: Get:23 http://archive.ubuntu.com/ubuntu jammy-updates/main amd64 gcc-11-base amd64 11.4.0-1ubuntu1~22.04.3 [216 kB]
    node-control-tr: Get:24 http://archive.ubuntu.com/ubuntu jammy/main amd64 libisl23 amd64 0.24-2build1 [727 kB]
    node-control-tr: Get:25 http://archive.ubuntu.com/ubuntu jammy/main amd64 libmpc3 amd64 1.2.1-2build1 [46.9 kB]
    node-control-tr: Get:26 http://archive.ubuntu.com/ubuntu jammy-updates/main amd64 cpp-11 amd64 11.4.0-1ubuntu1~22.04.3 [10.0 MB]
    node-control-tr: Get:27 http://archive.ubuntu.com/ubuntu jammy/main amd64 cpp amd64 4:11.2.0-1ubuntu1 [27.7 kB]
    node-control-tr: Get:28 http://archive.ubuntu.com/ubuntu jammy-updates/main amd64 libcc1-0 amd64 12.3.0-1ubuntu1~22.04.3 [48.3 kB]
    node-control-tr: Get:29 http://archive.ubuntu.com/ubuntu jammy-updates/main amd64 libgomp1 amd64 12.3.0-1ubuntu1~22.04.3 [127 kB]
    node-control-tr: Get:30 http://archive.ubuntu.com/ubuntu jammy-updates/main amd64 libitm1 amd64 12.3.0-1ubuntu1~22.04.3 [30.2 kB]
    node-control-tr: Get:31 http://archive.ubuntu.com/ubuntu jammy-updates/main amd64 libatomic1 amd64 12.3.0-1ubuntu1~22.04.3 [10.5 kB]
    node-control-tr: Get:32 http://archive.ubuntu.com/ubuntu jammy-updates/main amd64 libasan6 amd64 11.4.0-1ubuntu1~22.04.3 [2283 kB]
    node-control-tr: Get:33 http://archive.ubuntu.com/ubuntu jammy-updates/main amd64 liblsan0 amd64 12.3.0-1ubuntu1~22.04.3 [1069 kB]
    node-control-tr: Get:34 http://archive.ubuntu.com/ubuntu jammy-updates/main amd64 libtsan0 amd64 11.4.0-1ubuntu1~22.04.3 [2260 kB]
    node-control-tr: Get:35 http://archive.ubuntu.com/ubuntu jammy-updates/main amd64 libubsan1 amd64 12.3.0-1ubuntu1~22.04.3 [976 kB]
    node-control-tr: Get:36 http://archive.ubuntu.com/ubuntu jammy-updates/main amd64 libquadmath0 amd64 12.3.0-1ubuntu1~22.04.3 [154 kB]
    node-control-tr: Get:37 http://archive.ubuntu.com/ubuntu jammy-updates/main amd64 libgcc-11-dev amd64 11.4.0-1ubuntu1~22.04.3 [2517 kB]
    node-control-tr: Get:38 http://archive.ubuntu.com/ubuntu jammy-updates/main amd64 gcc-11 amd64 11.4.0-1ubuntu1~22.04.3 [20.1 MB]
    node-control-tr: Get:39 http://archive.ubuntu.com/ubuntu jammy/main amd64 gcc amd64 4:11.2.0-1ubuntu1 [5112 B]
    node-control-tr: Get:40 http://archive.ubuntu.com/ubuntu jammy-updates/main amd64 libstdc++-11-dev amd64 11.4.0-1ubuntu1~22.04.3 [2101 kB]
    node-control-tr: Get:41 http://archive.ubuntu.com/ubuntu jammy-updates/main amd64 g++-11 amd64 11.4.0-1ubuntu1~22.04.3 [11.4 MB]
    node-control-tr: Get:42 http://archive.ubuntu.com/ubuntu jammy/main amd64 g++ amd64 4:11.2.0-1ubuntu1 [1412 B]
    node-control-tr: Get:43 http://archive.ubuntu.com/ubuntu jammy/main amd64 make amd64 4.3-4.1build1 [180 kB]
    node-control-tr: Get:44 http://archive.ubuntu.com/ubuntu jammy-updates/main amd64 libdpkg-perl all 1.21.1ubuntu2.6 [237 kB]
    node-control-tr: Get:45 http://archive.ubuntu.com/ubuntu jammy/main amd64 bzip2 amd64 1.0.8-5build1 [34.8 kB]
    node-control-tr: Get:46 http://archive.ubuntu.com/ubuntu jammy/main amd64 lto-disabled-list all 24 [12.5 kB]
    node-control-tr: Get:47 http://archive.ubuntu.com/ubuntu jammy-updates/main amd64 dpkg-dev all 1.21.1ubuntu2.6 [922 kB]
    node-control-tr: Get:48 http://archive.ubuntu.com/ubuntu jammy/main amd64 build-essential amd64 12.9ubuntu3 [4744 B]
    node-control-tr: Get:49 http://archive.ubuntu.com/ubuntu jammy/main amd64 libfakeroot amd64 1.28-1ubuntu1 [31.5 kB]
    node-control-tr: Get:50 http://archive.ubuntu.com/ubuntu jammy/main amd64 fakeroot amd64 1.28-1ubuntu1 [60.4 kB]
    node-control-tr: Get:51 http://archive.ubuntu.com/ubuntu jammy/main amd64 fonts-dejavu-core all 2.37-2build1 [1041 kB]
    node-control-tr: Get:52 http://archive.ubuntu.com/ubuntu jammy/main amd64 fontconfig-config all 2.13.1-4.2ubuntu5 [29.1 kB]
    node-control-tr: Get:53 http://archive.ubuntu.com/ubuntu jammy/main amd64 javascript-common all 11+nmu1 [5936 B]
    node-control-tr: Get:54 http://archive.ubuntu.com/ubuntu jammy/main amd64 libalgorithm-diff-perl all 1.201-1 [41.8 kB]
    node-control-tr: Get:55 http://archive.ubuntu.com/ubuntu jammy/main amd64 libalgorithm-diff-xs-perl amd64 0.04-6build3 [11.9 kB]
    node-control-tr: Get:56 http://archive.ubuntu.com/ubuntu jammy/main amd64 libalgorithm-merge-perl all 0.08-3 [12.0 kB]
    node-control-tr: Get:57 http://archive.ubuntu.com/ubuntu jammy/main amd64 libfontconfig1 amd64 2.13.1-4.2ubuntu5 [131 kB]
    node-control-tr: Get:58 http://archive.ubuntu.com/ubuntu jammy/main amd64 libjpeg-turbo8 amd64 2.1.2-0ubuntu1 [134 kB]
    node-control-tr: Get:59 http://archive.ubuntu.com/ubuntu jammy/main amd64 libjpeg8 amd64 8c-2ubuntu10 [2264 B]
    node-control-tr: Get:60 http://archive.ubuntu.com/ubuntu jammy/main amd64 libdeflate0 amd64 1.10-2 [70.9 kB]
    node-control-tr: Get:61 http://archive.ubuntu.com/ubuntu jammy-updates/main amd64 libjbig0 amd64 2.1-3.1ubuntu0.22.04.1 [29.2 kB]
    node-control-tr: Get:62 http://archive.ubuntu.com/ubuntu jammy-updates/main amd64 libwebp7 amd64 1.2.2-2ubuntu0.22.04.2 [206 kB]
    node-control-tr: Get:63 http://archive.ubuntu.com/ubuntu jammy-updates/main amd64 libtiff5 amd64 4.3.0-6ubuntu0.13 [185 kB]
    node-control-tr: Get:64 http://archive.ubuntu.com/ubuntu jammy-updates/main amd64 libxpm4 amd64 1:3.5.12-1ubuntu0.22.04.2 [36.7 kB]
    node-control-tr: Get:65 http://archive.ubuntu.com/ubuntu jammy-updates/main amd64 libgd3 amd64 2.3.0-2ubuntu2.3 [129 kB]
    node-control-tr: Get:66 http://archive.ubuntu.com/ubuntu jammy-updates/main amd64 libc-devtools amd64 2.35-0ubuntu3.13 [29.0 kB]
    node-control-tr: Get:67 http://archive.ubuntu.com/ubuntu jammy-updates/main amd64 libexpat1-dev amd64 2.4.7-1ubuntu0.7 [148 kB]
    node-control-tr: Get:68 http://archive.ubuntu.com/ubuntu jammy/main amd64 libfile-fcntllock-perl amd64 0.22-3build7 [33.9 kB]
    node-control-tr: Get:69 http://archive.ubuntu.com/ubuntu jammy/main amd64 libjs-jquery all 3.6.0+dfsg+~3.5.13-1 [321 kB]
    node-control-tr: Get:70 http://archive.ubuntu.com/ubuntu jammy/main amd64 libjs-underscore all 1.13.2~dfsg-2 [118 kB]
    node-control-tr: Get:71 http://archive.ubuntu.com/ubuntu jammy/main amd64 libjs-sphinxdoc all 4.3.2-1 [139 kB]
    node-control-tr: Get:72 http://archive.ubuntu.com/ubuntu jammy-updates/main amd64 zlib1g-dev amd64 1:1.2.11.dfsg-2ubuntu9.2 [164 kB]
    node-control-tr: Get:73 http://archive.ubuntu.com/ubuntu jammy-updates/main amd64 libpython3.10-dev amd64 3.10.12-1~22.04.15 [4764 kB]
    node-control-tr: Get:74 http://archive.ubuntu.com/ubuntu jammy-updates/main amd64 libpython3-dev amd64 3.10.6-1~22.04.1 [7064 B]
    node-control-tr: Get:75 http://archive.ubuntu.com/ubuntu jammy/main amd64 manpages-dev all 5.10-1ubuntu1 [2309 kB]
    node-control-tr: Get:76 http://archive.ubuntu.com/ubuntu jammy/universe amd64 python3-argcomplete all 1.8.1-1.5 [27.2 kB]
    node-control-tr: Get:77 http://archive.ubuntu.com/ubuntu jammy-updates/main amd64 python3.10-dev amd64 3.10.12-1~22.04.15 [508 kB]
    node-control-tr: Get:78 http://archive.ubuntu.com/ubuntu jammy-updates/main amd64 python3-dev amd64 3.10.6-1~22.04.1 [26.0 kB]
    node-control-tr: Get:79 http://archive.ubuntu.com/ubuntu jammy/main amd64 python3-jmespath all 0.10.0-1 [21.7 kB]
    node-control-tr: Get:80 http://archive.ubuntu.com/ubuntu jammy/universe amd64 python3-kerberos amd64 1.1.14-3.1build5 [23.0 kB]
    node-control-tr: Get:81 http://archive.ubuntu.com/ubuntu jammy/main amd64 python3-lockfile all 1:0.12.2-2.2 [14.6 kB]
    node-control-tr: Get:82 http://archive.ubuntu.com/ubuntu jammy/main amd64 python3-simplejson amd64 3.17.6-1build1 [54.7 kB]
    node-control-tr: Get:83 http://archive.ubuntu.com/ubuntu jammy/universe amd64 python3-libcloud all 3.2.0-2 [1554 kB]
    node-control-tr: Get:84 http://archive.ubuntu.com/ubuntu jammy/universe amd64 python3-ntlm-auth all 1.4.0-1 [20.4 kB]
    node-control-tr: Get:85 http://archive.ubuntu.com/ubuntu jammy-updates/universe amd64 python3-wheel all 0.37.1-2ubuntu0.22.04.1 [32.0 kB]
    node-control-tr: Get:86 http://archive.ubuntu.com/ubuntu jammy-updates/universe amd64 python3-pip all 22.0.2+dfsg-1ubuntu0.7 [1306 kB]
    node-control-tr: Get:87 http://archive.ubuntu.com/ubuntu jammy/universe amd64 python3-requests-kerberos all 0.12.0-2 [11.9 kB]
    node-control-tr: Get:88 http://archive.ubuntu.com/ubuntu jammy/universe amd64 python3-requests-ntlm all 1.1.0-1.1 [6160 B]
    node-control-tr: Get:89 http://archive.ubuntu.com/ubuntu jammy/main amd64 python3-requests-toolbelt all 0.9.1-1 [38.0 kB]
    node-control-tr: Get:90 http://archive.ubuntu.com/ubuntu jammy/universe amd64 python3-selinux amd64 3.3-1build2 [159 kB]
    node-control-tr: Get:91 http://archive.ubuntu.com/ubuntu jammy/universe amd64 python3-xmltodict all 0.12.0-2 [12.6 kB]
    node-control-tr: Get:92 http://archive.ubuntu.com/ubuntu jammy/universe amd64 python3-winrm all 0.3.0-2 [21.7 kB]
    node-control-tr: Get:93 http://archive.ubuntu.com/ubuntu jammy/universe amd64 sshpass amd64 1.09-1 [11.7 kB]
    node-control-tr: Preconfiguring packages ...
    node-control-tr: Fetched 106 MB in 10s (10.5 MB/s)
    node-control-tr: (Reading database ... 
(Reading database ... 5%
(Reading database ... 10%
(Reading database ... 15%
(Reading database ... 20%
(Reading database ... 25%
(Reading database ... 30%
(Reading database ... 35%
(Reading database ... 40%
(Reading database ... 45%
(Reading database ... 50%
(Reading database ... 55%
(Reading database ... 60%
(Reading database ... 65%
(Reading database ... 70%
(Reading database ... 75%
(Reading database ... 80%
(Reading database ... 85%
(Reading database ... 90%
(Reading database ... 95%
(Reading database ... 100%
(Reading database ... 64257 files and directories currently installed.)
    node-control-tr: Preparing to unpack .../gcc-12-base_12.3.0-1ubuntu1~22.04.3_amd64.deb ...
    node-control-tr: Unpacking gcc-12-base:amd64 (12.3.0-1ubuntu1~22.04.3) over (12.3.0-1ubuntu1~22.04) ...
    node-control-tr: Setting up gcc-12-base:amd64 (12.3.0-1ubuntu1~22.04.3) ...
    node-control-tr: (Reading database ... 
(Reading database ... 5%
(Reading database ... 10%
(Reading database ... 15%
(Reading database ... 20%
(Reading database ... 25%
(Reading database ... 30%
(Reading database ... 35%
(Reading database ... 40%
(Reading database ... 45%
(Reading database ... 50%
(Reading database ... 55%
(Reading database ... 60%
(Reading database ... 65%
(Reading database ... 70%
(Reading database ... 75%
(Reading database ... 80%
(Reading database ... 85%
(Reading database ... 90%
(Reading database ... 95%
(Reading database ... 100%
(Reading database ... 64257 files and directories currently installed.)
    node-control-tr: Preparing to unpack .../libgcc-s1_12.3.0-1ubuntu1~22.04.3_amd64.deb ...
    node-control-tr: Unpacking libgcc-s1:amd64 (12.3.0-1ubuntu1~22.04.3) over (12.3.0-1ubuntu1~22.04) ...
    node-control-tr: Setting up libgcc-s1:amd64 (12.3.0-1ubuntu1~22.04.3) ...
    node-control-tr: (Reading database ... 
(Reading database ... 5%
(Reading database ... 10%
(Reading database ... 15%
(Reading database ... 20%
(Reading database ... 25%
(Reading database ... 30%
(Reading database ... 35%
(Reading database ... 40%
(Reading database ... 45%
(Reading database ... 50%
(Reading database ... 55%
(Reading database ... 60%
(Reading database ... 65%
(Reading database ... 70%
(Reading database ... 75%
(Reading database ... 80%
(Reading database ... 85%
(Reading database ... 90%
(Reading database ... 95%
(Reading database ... 100%
(Reading database ... 64257 files and directories currently installed.)
    node-control-tr: Preparing to unpack .../libstdc++6_12.3.0-1ubuntu1~22.04.3_amd64.deb ...
    node-control-tr: Unpacking libstdc++6:amd64 (12.3.0-1ubuntu1~22.04.3) over (12.3.0-1ubuntu1~22.04) ...
    node-control-tr: Setting up libstdc++6:amd64 (12.3.0-1ubuntu1~22.04.3) ...
    node-control-tr: (Reading database ... 
(Reading database ... 5%
(Reading database ... 10%
(Reading database ... 15%
(Reading database ... 20%
(Reading database ... 25%
(Reading database ... 30%
(Reading database ... 35%
(Reading database ... 40%
(Reading database ... 45%
(Reading database ... 50%
(Reading database ... 55%
(Reading database ... 60%
(Reading database ... 65%
(Reading database ... 70%
(Reading database ... 75%
(Reading database ... 80%
(Reading database ... 85%
(Reading database ... 90%
(Reading database ... 95%
(Reading database ... 100%
(Reading database ... 64257 files and directories currently installed.)
    node-control-tr: Preparing to unpack .../libc6_2.35-0ubuntu3.13_amd64.deb ...
    node-control-tr: Unpacking libc6:amd64 (2.35-0ubuntu3.13) over (2.35-0ubuntu3.10) ...
    node-control-tr: Setting up libc6:amd64 (2.35-0ubuntu3.13) ...
    node-control-tr: (Reading database ... 
(Reading database ... 5%
(Reading database ... 10%
(Reading database ... 15%
(Reading database ... 20%
(Reading database ... 25%
(Reading database ... 30%
(Reading database ... 35%
(Reading database ... 40%
(Reading database ... 45%
(Reading database ... 50%
(Reading database ... 55%
(Reading database ... 60%
(Reading database ... 65%
(Reading database ... 70%
(Reading database ... 75%
(Reading database ... 80%
(Reading database ... 85%
(Reading database ... 90%
(Reading database ... 95%
(Reading database ... 100%
(Reading database ... 64257 files and directories currently installed.)
    node-control-tr: Preparing to unpack .../00-libexpat1_2.4.7-1ubuntu0.7_amd64.deb ...
    node-control-tr: Unpacking libexpat1:amd64 (2.4.7-1ubuntu0.7) over (2.4.7-1ubuntu0.6) ...
    node-control-tr: Preparing to unpack .../01-libpython3.10_3.10.12-1~22.04.15_amd64.deb ...
    node-control-tr: Unpacking libpython3.10:amd64 (3.10.12-1~22.04.15) over (3.10.12-1~22.04.10) ...
    node-control-tr: Preparing to unpack .../02-python3.10_3.10.12-1~22.04.15_amd64.deb ...
    node-control-tr: Unpacking python3.10 (3.10.12-1~22.04.15) over (3.10.12-1~22.04.10) ...
    node-control-tr: Preparing to unpack .../03-libpython3.10-stdlib_3.10.12-1~22.04.15_amd64.deb ...
    node-control-tr: Unpacking libpython3.10-stdlib:amd64 (3.10.12-1~22.04.15) over (3.10.12-1~22.04.10) ...
    node-control-tr: Preparing to unpack .../04-python3.10-minimal_3.10.12-1~22.04.15_amd64.deb ...
    node-control-tr: Unpacking python3.10-minimal (3.10.12-1~22.04.15) over (3.10.12-1~22.04.10) ...
    node-control-tr: Preparing to unpack .../05-libpython3.10-minimal_3.10.12-1~22.04.15_amd64.deb ...
    node-control-tr: Unpacking libpython3.10-minimal:amd64 (3.10.12-1~22.04.15) over (3.10.12-1~22.04.10) ...
    node-control-tr: Selecting previously unselected package python3-pycryptodome.
    node-control-tr: Preparing to unpack .../06-python3-pycryptodome_3.11.0+dfsg1-3ubuntu0.1_amd64.deb ...
    node-control-tr: Unpacking python3-pycryptodome (3.11.0+dfsg1-3ubuntu0.1) ...
    node-control-tr: Selecting previously unselected package python3-dnspython.
    node-control-tr: Preparing to unpack .../07-python3-dnspython_2.1.0-1ubuntu1_all.deb ...
    node-control-tr: Unpacking python3-dnspython (2.1.0-1ubuntu1) ...
    node-control-tr: Selecting previously unselected package ieee-data.
    node-control-tr: Preparing to unpack .../08-ieee-data_20210605.1_all.deb ...
    node-control-tr: Unpacking ieee-data (20210605.1) ...
    node-control-tr: Selecting previously unselected package python3-netaddr.
    node-control-tr: Preparing to unpack .../09-python3-netaddr_0.8.0-2_all.deb ...
    node-control-tr: Unpacking python3-netaddr (0.8.0-2) ...
    node-control-tr: Selecting previously unselected package ansible.
    node-control-tr: Preparing to unpack .../10-ansible_2.10.7+merged+base+2.10.8+dfsg-1_all.deb ...
    node-control-tr: Unpacking ansible (2.10.7+merged+base+2.10.8+dfsg-1) ...
    node-control-tr: Selecting previously unselected package libc-dev-bin.
    node-control-tr: Preparing to unpack .../11-libc-dev-bin_2.35-0ubuntu3.13_amd64.deb ...
    node-control-tr: Unpacking libc-dev-bin (2.35-0ubuntu3.13) ...
    node-control-tr: Selecting previously unselected package linux-libc-dev:amd64.
    node-control-tr: Preparing to unpack .../12-linux-libc-dev_5.15.0-176.186_amd64.deb ...
    node-control-tr: Unpacking linux-libc-dev:amd64 (5.15.0-176.186) ...
    node-control-tr: Selecting previously unselected package libcrypt-dev:amd64.
    node-control-tr: Preparing to unpack .../13-libcrypt-dev_1%3a4.4.27-1_amd64.deb ...
    node-control-tr: Unpacking libcrypt-dev:amd64 (1:4.4.27-1) ...
    node-control-tr: Selecting previously unselected package rpcsvc-proto.
    node-control-tr: Preparing to unpack .../14-rpcsvc-proto_1.4.2-0ubuntu6_amd64.deb ...
    node-control-tr: Unpacking rpcsvc-proto (1.4.2-0ubuntu6) ...
    node-control-tr: Selecting previously unselected package libtirpc-dev:amd64.
    node-control-tr: Preparing to unpack .../15-libtirpc-dev_1.3.2-2ubuntu0.1_amd64.deb ...
    node-control-tr: Unpacking libtirpc-dev:amd64 (1.3.2-2ubuntu0.1) ...
    node-control-tr: Selecting previously unselected package libnsl-dev:amd64.
    node-control-tr: Preparing to unpack .../16-libnsl-dev_1.3.0-2build2_amd64.deb ...
    node-control-tr: Unpacking libnsl-dev:amd64 (1.3.0-2build2) ...
    node-control-tr: Selecting previously unselected package libc6-dev:amd64.
    node-control-tr: Preparing to unpack .../17-libc6-dev_2.35-0ubuntu3.13_amd64.deb ...
    node-control-tr: Unpacking libc6-dev:amd64 (2.35-0ubuntu3.13) ...
    node-control-tr: Selecting previously unselected package gcc-11-base:amd64.
    node-control-tr: Preparing to unpack .../18-gcc-11-base_11.4.0-1ubuntu1~22.04.3_amd64.deb ...
    node-control-tr: Unpacking gcc-11-base:amd64 (11.4.0-1ubuntu1~22.04.3) ...
    node-control-tr: Selecting previously unselected package libisl23:amd64.
    node-control-tr: Preparing to unpack .../19-libisl23_0.24-2build1_amd64.deb ...
    node-control-tr: Unpacking libisl23:amd64 (0.24-2build1) ...
    node-control-tr: Selecting previously unselected package libmpc3:amd64.
    node-control-tr: Preparing to unpack .../20-libmpc3_1.2.1-2build1_amd64.deb ...
    node-control-tr: Unpacking libmpc3:amd64 (1.2.1-2build1) ...
    node-control-tr: Selecting previously unselected package cpp-11.
    node-control-tr: Preparing to unpack .../21-cpp-11_11.4.0-1ubuntu1~22.04.3_amd64.deb ...
    node-control-tr: Unpacking cpp-11 (11.4.0-1ubuntu1~22.04.3) ...
    node-control-tr: Selecting previously unselected package cpp.
    node-control-tr: Preparing to unpack .../22-cpp_4%3a11.2.0-1ubuntu1_amd64.deb ...
    node-control-tr: Unpacking cpp (4:11.2.0-1ubuntu1) ...
    node-control-tr: Selecting previously unselected package libcc1-0:amd64.
    node-control-tr: Preparing to unpack .../23-libcc1-0_12.3.0-1ubuntu1~22.04.3_amd64.deb ...
    node-control-tr: Unpacking libcc1-0:amd64 (12.3.0-1ubuntu1~22.04.3) ...
    node-control-tr: Selecting previously unselected package libgomp1:amd64.
    node-control-tr: Preparing to unpack .../24-libgomp1_12.3.0-1ubuntu1~22.04.3_amd64.deb ...
    node-control-tr: Unpacking libgomp1:amd64 (12.3.0-1ubuntu1~22.04.3) ...
    node-control-tr: Selecting previously unselected package libitm1:amd64.
    node-control-tr: Preparing to unpack .../25-libitm1_12.3.0-1ubuntu1~22.04.3_amd64.deb ...
    node-control-tr: Unpacking libitm1:amd64 (12.3.0-1ubuntu1~22.04.3) ...
    node-control-tr: Selecting previously unselected package libatomic1:amd64.
    node-control-tr: Preparing to unpack .../26-libatomic1_12.3.0-1ubuntu1~22.04.3_amd64.deb ...
    node-control-tr: Unpacking libatomic1:amd64 (12.3.0-1ubuntu1~22.04.3) ...
    node-control-tr: Selecting previously unselected package libasan6:amd64.
    node-control-tr: Preparing to unpack .../27-libasan6_11.4.0-1ubuntu1~22.04.3_amd64.deb ...
    node-control-tr: Unpacking libasan6:amd64 (11.4.0-1ubuntu1~22.04.3) ...
    node-control-tr: Selecting previously unselected package liblsan0:amd64.
    node-control-tr: Preparing to unpack .../28-liblsan0_12.3.0-1ubuntu1~22.04.3_amd64.deb ...
    node-control-tr: Unpacking liblsan0:amd64 (12.3.0-1ubuntu1~22.04.3) ...
    node-control-tr: Selecting previously unselected package libtsan0:amd64.
    node-control-tr: Preparing to unpack .../29-libtsan0_11.4.0-1ubuntu1~22.04.3_amd64.deb ...
    node-control-tr: Unpacking libtsan0:amd64 (11.4.0-1ubuntu1~22.04.3) ...
    node-control-tr: Selecting previously unselected package libubsan1:amd64.
    node-control-tr: Preparing to unpack .../30-libubsan1_12.3.0-1ubuntu1~22.04.3_amd64.deb ...
    node-control-tr: Unpacking libubsan1:amd64 (12.3.0-1ubuntu1~22.04.3) ...
    node-control-tr: Selecting previously unselected package libquadmath0:amd64.
    node-control-tr: Preparing to unpack .../31-libquadmath0_12.3.0-1ubuntu1~22.04.3_amd64.deb ...
    node-control-tr: Unpacking libquadmath0:amd64 (12.3.0-1ubuntu1~22.04.3) ...
    node-control-tr: Selecting previously unselected package libgcc-11-dev:amd64.
    node-control-tr: Preparing to unpack .../32-libgcc-11-dev_11.4.0-1ubuntu1~22.04.3_amd64.deb ...
    node-control-tr: Unpacking libgcc-11-dev:amd64 (11.4.0-1ubuntu1~22.04.3) ...
    node-control-tr: Selecting previously unselected package gcc-11.
    node-control-tr: Preparing to unpack .../33-gcc-11_11.4.0-1ubuntu1~22.04.3_amd64.deb ...
    node-control-tr: Unpacking gcc-11 (11.4.0-1ubuntu1~22.04.3) ...
    node-control-tr: Selecting previously unselected package gcc.
    node-control-tr: Preparing to unpack .../34-gcc_4%3a11.2.0-1ubuntu1_amd64.deb ...
    node-control-tr: Unpacking gcc (4:11.2.0-1ubuntu1) ...
    node-control-tr: Selecting previously unselected package libstdc++-11-dev:amd64.
    node-control-tr: Preparing to unpack .../35-libstdc++-11-dev_11.4.0-1ubuntu1~22.04.3_amd64.deb ...
    node-control-tr: Unpacking libstdc++-11-dev:amd64 (11.4.0-1ubuntu1~22.04.3) ...
    node-control-tr: Selecting previously unselected package g++-11.
    node-control-tr: Preparing to unpack .../36-g++-11_11.4.0-1ubuntu1~22.04.3_amd64.deb ...
    node-control-tr: Unpacking g++-11 (11.4.0-1ubuntu1~22.04.3) ...
    node-control-tr: Selecting previously unselected package g++.
    node-control-tr: Preparing to unpack .../37-g++_4%3a11.2.0-1ubuntu1_amd64.deb ...
    node-control-tr: Unpacking g++ (4:11.2.0-1ubuntu1) ...
    node-control-tr: Selecting previously unselected package make.
    node-control-tr: Preparing to unpack .../38-make_4.3-4.1build1_amd64.deb ...
    node-control-tr: Unpacking make (4.3-4.1build1) ...
    node-control-tr: Selecting previously unselected package libdpkg-perl.
    node-control-tr: Preparing to unpack .../39-libdpkg-perl_1.21.1ubuntu2.6_all.deb ...
    node-control-tr: Unpacking libdpkg-perl (1.21.1ubuntu2.6) ...
    node-control-tr: Selecting previously unselected package bzip2.
    node-control-tr: Preparing to unpack .../40-bzip2_1.0.8-5build1_amd64.deb ...
    node-control-tr: Unpacking bzip2 (1.0.8-5build1) ...
    node-control-tr: Selecting previously unselected package lto-disabled-list.
    node-control-tr: Preparing to unpack .../41-lto-disabled-list_24_all.deb ...
    node-control-tr: Unpacking lto-disabled-list (24) ...
    node-control-tr: Selecting previously unselected package dpkg-dev.
    node-control-tr: Preparing to unpack .../42-dpkg-dev_1.21.1ubuntu2.6_all.deb ...
    node-control-tr: Unpacking dpkg-dev (1.21.1ubuntu2.6) ...
    node-control-tr: Selecting previously unselected package build-essential.
    node-control-tr: Preparing to unpack .../43-build-essential_12.9ubuntu3_amd64.deb ...
    node-control-tr: Unpacking build-essential (12.9ubuntu3) ...
    node-control-tr: Selecting previously unselected package libfakeroot:amd64.
    node-control-tr: Preparing to unpack .../44-libfakeroot_1.28-1ubuntu1_amd64.deb ...
    node-control-tr: Unpacking libfakeroot:amd64 (1.28-1ubuntu1) ...
    node-control-tr: Selecting previously unselected package fakeroot.
    node-control-tr: Preparing to unpack .../45-fakeroot_1.28-1ubuntu1_amd64.deb ...
    node-control-tr: Unpacking fakeroot (1.28-1ubuntu1) ...
    node-control-tr: Selecting previously unselected package fonts-dejavu-core.
    node-control-tr: Preparing to unpack .../46-fonts-dejavu-core_2.37-2build1_all.deb ...
    node-control-tr: Unpacking fonts-dejavu-core (2.37-2build1) ...
    node-control-tr: Selecting previously unselected package fontconfig-config.
    node-control-tr: Preparing to unpack .../47-fontconfig-config_2.13.1-4.2ubuntu5_all.deb ...
    node-control-tr: Unpacking fontconfig-config (2.13.1-4.2ubuntu5) ...
    node-control-tr: Selecting previously unselected package javascript-common.
    node-control-tr: Preparing to unpack .../48-javascript-common_11+nmu1_all.deb ...
    node-control-tr: Unpacking javascript-common (11+nmu1) ...
    node-control-tr: Selecting previously unselected package libalgorithm-diff-perl.
    node-control-tr: Preparing to unpack .../49-libalgorithm-diff-perl_1.201-1_all.deb ...
    node-control-tr: Unpacking libalgorithm-diff-perl (1.201-1) ...
    node-control-tr: Selecting previously unselected package libalgorithm-diff-xs-perl.
    node-control-tr: Preparing to unpack .../50-libalgorithm-diff-xs-perl_0.04-6build3_amd64.deb ...
    node-control-tr: Unpacking libalgorithm-diff-xs-perl (0.04-6build3) ...
    node-control-tr: Selecting previously unselected package libalgorithm-merge-perl.
    node-control-tr: Preparing to unpack .../51-libalgorithm-merge-perl_0.08-3_all.deb ...
    node-control-tr: Unpacking libalgorithm-merge-perl (0.08-3) ...
    node-control-tr: Selecting previously unselected package libfontconfig1:amd64.
    node-control-tr: Preparing to unpack .../52-libfontconfig1_2.13.1-4.2ubuntu5_amd64.deb ...
    node-control-tr: Unpacking libfontconfig1:amd64 (2.13.1-4.2ubuntu5) ...
    node-control-tr: Selecting previously unselected package libjpeg-turbo8:amd64.
    node-control-tr: Preparing to unpack .../53-libjpeg-turbo8_2.1.2-0ubuntu1_amd64.deb ...
    node-control-tr: Unpacking libjpeg-turbo8:amd64 (2.1.2-0ubuntu1) ...
    node-control-tr: Selecting previously unselected package libjpeg8:amd64.
    node-control-tr: Preparing to unpack .../54-libjpeg8_8c-2ubuntu10_amd64.deb ...
    node-control-tr: Unpacking libjpeg8:amd64 (8c-2ubuntu10) ...
    node-control-tr: Selecting previously unselected package libdeflate0:amd64.
    node-control-tr: Preparing to unpack .../55-libdeflate0_1.10-2_amd64.deb ...
    node-control-tr: Unpacking libdeflate0:amd64 (1.10-2) ...
    node-control-tr: Selecting previously unselected package libjbig0:amd64.
    node-control-tr: Preparing to unpack .../56-libjbig0_2.1-3.1ubuntu0.22.04.1_amd64.deb ...
    node-control-tr: Unpacking libjbig0:amd64 (2.1-3.1ubuntu0.22.04.1) ...
    node-control-tr: Selecting previously unselected package libwebp7:amd64.
    node-control-tr: Preparing to unpack .../57-libwebp7_1.2.2-2ubuntu0.22.04.2_amd64.deb ...
    node-control-tr: Unpacking libwebp7:amd64 (1.2.2-2ubuntu0.22.04.2) ...
    node-control-tr: Selecting previously unselected package libtiff5:amd64.
    node-control-tr: Preparing to unpack .../58-libtiff5_4.3.0-6ubuntu0.13_amd64.deb ...
    node-control-tr: Unpacking libtiff5:amd64 (4.3.0-6ubuntu0.13) ...
    node-control-tr: Selecting previously unselected package libxpm4:amd64.
    node-control-tr: Preparing to unpack .../59-libxpm4_1%3a3.5.12-1ubuntu0.22.04.2_amd64.deb ...
    node-control-tr: Unpacking libxpm4:amd64 (1:3.5.12-1ubuntu0.22.04.2) ...
    node-control-tr: Selecting previously unselected package libgd3:amd64.
    node-control-tr: Preparing to unpack .../60-libgd3_2.3.0-2ubuntu2.3_amd64.deb ...
    node-control-tr: Unpacking libgd3:amd64 (2.3.0-2ubuntu2.3) ...
    node-control-tr: Selecting previously unselected package libc-devtools.
    node-control-tr: Preparing to unpack .../61-libc-devtools_2.35-0ubuntu3.13_amd64.deb ...
    node-control-tr: Unpacking libc-devtools (2.35-0ubuntu3.13) ...
    node-control-tr: Selecting previously unselected package libexpat1-dev:amd64.
    node-control-tr: Preparing to unpack .../62-libexpat1-dev_2.4.7-1ubuntu0.7_amd64.deb ...
    node-control-tr: Unpacking libexpat1-dev:amd64 (2.4.7-1ubuntu0.7) ...
    node-control-tr: Selecting previously unselected package libfile-fcntllock-perl.
    node-control-tr: Preparing to unpack .../63-libfile-fcntllock-perl_0.22-3build7_amd64.deb ...
    node-control-tr: Unpacking libfile-fcntllock-perl (0.22-3build7) ...
    node-control-tr: Selecting previously unselected package libjs-jquery.
    node-control-tr: Preparing to unpack .../64-libjs-jquery_3.6.0+dfsg+~3.5.13-1_all.deb ...
    node-control-tr: Unpacking libjs-jquery (3.6.0+dfsg+~3.5.13-1) ...
    node-control-tr: Selecting previously unselected package libjs-underscore.
    node-control-tr: Preparing to unpack .../65-libjs-underscore_1.13.2~dfsg-2_all.deb ...
    node-control-tr: Unpacking libjs-underscore (1.13.2~dfsg-2) ...
    node-control-tr: Selecting previously unselected package libjs-sphinxdoc.
    node-control-tr: Preparing to unpack .../66-libjs-sphinxdoc_4.3.2-1_all.deb ...
    node-control-tr: Unpacking libjs-sphinxdoc (4.3.2-1) ...
    node-control-tr: Selecting previously unselected package zlib1g-dev:amd64.
    node-control-tr: Preparing to unpack .../67-zlib1g-dev_1%3a1.2.11.dfsg-2ubuntu9.2_amd64.deb ...
    node-control-tr: Unpacking zlib1g-dev:amd64 (1:1.2.11.dfsg-2ubuntu9.2) ...
    node-control-tr: Selecting previously unselected package libpython3.10-dev:amd64.
    node-control-tr: Preparing to unpack .../68-libpython3.10-dev_3.10.12-1~22.04.15_amd64.deb ...
    node-control-tr: Unpacking libpython3.10-dev:amd64 (3.10.12-1~22.04.15) ...
    node-control-tr: Selecting previously unselected package libpython3-dev:amd64.
    node-control-tr: Preparing to unpack .../69-libpython3-dev_3.10.6-1~22.04.1_amd64.deb ...
    node-control-tr: Unpacking libpython3-dev:amd64 (3.10.6-1~22.04.1) ...
    node-control-tr: Selecting previously unselected package manpages-dev.
    node-control-tr: Preparing to unpack .../70-manpages-dev_5.10-1ubuntu1_all.deb ...
    node-control-tr: Unpacking manpages-dev (5.10-1ubuntu1) ...
    node-control-tr: Selecting previously unselected package python3-argcomplete.
    node-control-tr: Preparing to unpack .../71-python3-argcomplete_1.8.1-1.5_all.deb ...
    node-control-tr: Unpacking python3-argcomplete (1.8.1-1.5) ...
    node-control-tr: Selecting previously unselected package python3.10-dev.
    node-control-tr: Preparing to unpack .../72-python3.10-dev_3.10.12-1~22.04.15_amd64.deb ...
    node-control-tr: Unpacking python3.10-dev (3.10.12-1~22.04.15) ...
    node-control-tr: Selecting previously unselected package python3-dev.
    node-control-tr: Preparing to unpack .../73-python3-dev_3.10.6-1~22.04.1_amd64.deb ...
    node-control-tr: Unpacking python3-dev (3.10.6-1~22.04.1) ...
    node-control-tr: Selecting previously unselected package python3-jmespath.
    node-control-tr: Preparing to unpack .../74-python3-jmespath_0.10.0-1_all.deb ...
    node-control-tr: Unpacking python3-jmespath (0.10.0-1) ...
    node-control-tr: Selecting previously unselected package python3-kerberos.
    node-control-tr: Preparing to unpack .../75-python3-kerberos_1.1.14-3.1build5_amd64.deb ...
    node-control-tr: Unpacking python3-kerberos (1.1.14-3.1build5) ...
    node-control-tr: Selecting previously unselected package python3-lockfile.
    node-control-tr: Preparing to unpack .../76-python3-lockfile_1%3a0.12.2-2.2_all.deb ...
    node-control-tr: Unpacking python3-lockfile (1:0.12.2-2.2) ...
    node-control-tr: Selecting previously unselected package python3-simplejson.
    node-control-tr: Preparing to unpack .../77-python3-simplejson_3.17.6-1build1_amd64.deb ...
    node-control-tr: Unpacking python3-simplejson (3.17.6-1build1) ...
    node-control-tr: Selecting previously unselected package python3-libcloud.
    node-control-tr: Preparing to unpack .../78-python3-libcloud_3.2.0-2_all.deb ...
    node-control-tr: Unpacking python3-libcloud (3.2.0-2) ...
    node-control-tr: Selecting previously unselected package python3-ntlm-auth.
    node-control-tr: Preparing to unpack .../79-python3-ntlm-auth_1.4.0-1_all.deb ...
    node-control-tr: Unpacking python3-ntlm-auth (1.4.0-1) ...
    node-control-tr: Selecting previously unselected package python3-wheel.
    node-control-tr: Preparing to unpack .../80-python3-wheel_0.37.1-2ubuntu0.22.04.1_all.deb ...
    node-control-tr: Unpacking python3-wheel (0.37.1-2ubuntu0.22.04.1) ...
    node-control-tr: Selecting previously unselected package python3-pip.
    node-control-tr: Preparing to unpack .../81-python3-pip_22.0.2+dfsg-1ubuntu0.7_all.deb ...
    node-control-tr: Unpacking python3-pip (22.0.2+dfsg-1ubuntu0.7) ...
    node-control-tr: Selecting previously unselected package python3-requests-kerberos.
    node-control-tr: Preparing to unpack .../82-python3-requests-kerberos_0.12.0-2_all.deb ...
    node-control-tr: Unpacking python3-requests-kerberos (0.12.0-2) ...
    node-control-tr: Selecting previously unselected package python3-requests-ntlm.
    node-control-tr: Preparing to unpack .../83-python3-requests-ntlm_1.1.0-1.1_all.deb ...
    node-control-tr: Unpacking python3-requests-ntlm (1.1.0-1.1) ...
    node-control-tr: Selecting previously unselected package python3-requests-toolbelt.
    node-control-tr: Preparing to unpack .../84-python3-requests-toolbelt_0.9.1-1_all.deb ...
    node-control-tr: Unpacking python3-requests-toolbelt (0.9.1-1) ...
    node-control-tr: Selecting previously unselected package python3-selinux.
    node-control-tr: Preparing to unpack .../85-python3-selinux_3.3-1build2_amd64.deb ...
    node-control-tr: Unpacking python3-selinux (3.3-1build2) ...
    node-control-tr: Selecting previously unselected package python3-xmltodict.
    node-control-tr: Preparing to unpack .../86-python3-xmltodict_0.12.0-2_all.deb ...
    node-control-tr: Unpacking python3-xmltodict (0.12.0-2) ...
    node-control-tr: Selecting previously unselected package python3-winrm.
    node-control-tr: Preparing to unpack .../87-python3-winrm_0.3.0-2_all.deb ...
    node-control-tr: Unpacking python3-winrm (0.3.0-2) ...
    node-control-tr: Selecting previously unselected package sshpass.
    node-control-tr: Preparing to unpack .../88-sshpass_1.09-1_amd64.deb ...
    node-control-tr: Unpacking sshpass (1.09-1) ...
    node-control-tr: Setting up libexpat1:amd64 (2.4.7-1ubuntu0.7) ...
    node-control-tr: Setting up javascript-common (11+nmu1) ...
    node-control-tr: Setting up python3-lockfile (1:0.12.2-2.2) ...
    node-control-tr: Setting up gcc-11-base:amd64 (11.4.0-1ubuntu1~22.04.3) ...
    node-control-tr: Setting up manpages-dev (5.10-1ubuntu1) ...
    node-control-tr: Setting up lto-disabled-list (24) ...
    node-control-tr: Setting up python3-requests-toolbelt (0.9.1-1) ...
    node-control-tr: Setting up libxpm4:amd64 (1:3.5.12-1ubuntu0.22.04.2) ...
    node-control-tr: Setting up libfile-fcntllock-perl (0.22-3build7) ...
    node-control-tr: Setting up libalgorithm-diff-perl (1.201-1) ...
    node-control-tr: Setting up python3-ntlm-auth (1.4.0-1) ...
    node-control-tr: Setting up python3-pycryptodome (3.11.0+dfsg1-3ubuntu0.1) ...
    node-control-tr: Setting up libdeflate0:amd64 (1.10-2) ...
    node-control-tr: Setting up linux-libc-dev:amd64 (5.15.0-176.186) ...
    node-control-tr: Setting up python3-kerberos (1.1.14-3.1build5) ...
    node-control-tr: Setting up libgomp1:amd64 (12.3.0-1ubuntu1~22.04.3) ...
    node-control-tr: Setting up bzip2 (1.0.8-5build1) ...
    node-control-tr: Setting up sshpass (1.09-1) ...
    node-control-tr: Setting up python3-wheel (0.37.1-2ubuntu0.22.04.1) ...
    node-control-tr: Setting up libjbig0:amd64 (2.1-3.1ubuntu0.22.04.1) ...
    node-control-tr: Setting up libfakeroot:amd64 (1.28-1ubuntu1) ...
    node-control-tr: Setting up libasan6:amd64 (11.4.0-1ubuntu1~22.04.3) ...
    node-control-tr: Setting up fakeroot (1.28-1ubuntu1) ...
    node-control-tr: update-alternatives: using /usr/bin/fakeroot-sysv to provide /usr/bin/fakeroot (fakeroot) in auto mode
    node-control-tr: Setting up python3-simplejson (3.17.6-1build1) ...
    node-control-tr: Setting up python3-xmltodict (0.12.0-2) ...
    node-control-tr: Setting up libtirpc-dev:amd64 (1.3.2-2ubuntu0.1) ...
    node-control-tr: Setting up rpcsvc-proto (1.4.2-0ubuntu6) ...
    node-control-tr: Setting up make (4.3-4.1build1) ...
    node-control-tr: Setting up python3-jmespath (0.10.0-1) ...
    node-control-tr: Setting up libquadmath0:amd64 (12.3.0-1ubuntu1~22.04.3) ...
    node-control-tr: Setting up libmpc3:amd64 (1.2.1-2build1) ...
    node-control-tr: Setting up libatomic1:amd64 (12.3.0-1ubuntu1~22.04.3) ...
    node-control-tr: Setting up libpython3.10-minimal:amd64 (3.10.12-1~22.04.15) ...
    node-control-tr: Setting up fonts-dejavu-core (2.37-2build1) ...
    node-control-tr: Setting up python3-pip (22.0.2+dfsg-1ubuntu0.7) ...
    node-control-tr: Setting up libjpeg-turbo8:amd64 (2.1.2-0ubuntu1) ...
    node-control-tr: Setting up libdpkg-perl (1.21.1ubuntu2.6) ...
    node-control-tr: Setting up libwebp7:amd64 (1.2.2-2ubuntu0.22.04.2) ...
    node-control-tr: Setting up libubsan1:amd64 (12.3.0-1ubuntu1~22.04.3) ...
    node-control-tr: Setting up python3-requests-kerberos (0.12.0-2) ...
    node-control-tr: Setting up ieee-data (20210605.1) ...
    node-control-tr: Setting up libnsl-dev:amd64 (1.3.0-2build2) ...
    node-control-tr: Setting up python3-dnspython (2.1.0-1ubuntu1) ...
    node-control-tr: Setting up libcrypt-dev:amd64 (1:4.4.27-1) ...
    node-control-tr: Setting up python3-selinux (3.3-1build2) ...
    node-control-tr: Setting up libjs-jquery (3.6.0+dfsg+~3.5.13-1) ...
    node-control-tr: Setting up libisl23:amd64 (0.24-2build1) ...
    node-control-tr: Setting up libc-dev-bin (2.35-0ubuntu3.13) ...
    node-control-tr: Setting up python3-argcomplete (1.8.1-1.5) ...
    node-control-tr: Setting up libalgorithm-diff-xs-perl (0.04-6build3) ...
    node-control-tr: Setting up libcc1-0:amd64 (12.3.0-1ubuntu1~22.04.3) ...
    node-control-tr: Setting up liblsan0:amd64 (12.3.0-1ubuntu1~22.04.3) ...
    node-control-tr: Setting up libitm1:amd64 (12.3.0-1ubuntu1~22.04.3) ...
    node-control-tr: Setting up libjs-underscore (1.13.2~dfsg-2) ...
    node-control-tr: Setting up libalgorithm-merge-perl (0.08-3) ...
    node-control-tr: Setting up libtsan0:amd64 (11.4.0-1ubuntu1~22.04.3) ...
    node-control-tr: Setting up libjpeg8:amd64 (8c-2ubuntu10) ...
    node-control-tr: Setting up cpp-11 (11.4.0-1ubuntu1~22.04.3) ...
    node-control-tr: Setting up python3-requests-ntlm (1.1.0-1.1) ...
    node-control-tr: Setting up fontconfig-config (2.13.1-4.2ubuntu5) ...
    node-control-tr: Setting up python3-libcloud (3.2.0-2) ...
    node-control-tr: Setting up python3.10-minimal (3.10.12-1~22.04.15) ...
    node-control-tr: Setting up dpkg-dev (1.21.1ubuntu2.6) ...
    node-control-tr: Setting up libpython3.10-stdlib:amd64 (3.10.12-1~22.04.15) ...
    node-control-tr: Setting up libjs-sphinxdoc (4.3.2-1) ...
    node-control-tr: Setting up libgcc-11-dev:amd64 (11.4.0-1ubuntu1~22.04.3) ...
    node-control-tr: Setting up python3-netaddr (0.8.0-2) ...
    node-control-tr: Setting up gcc-11 (11.4.0-1ubuntu1~22.04.3) ...
    node-control-tr: Setting up cpp (4:11.2.0-1ubuntu1) ...
    node-control-tr: Setting up libc6-dev:amd64 (2.35-0ubuntu3.13) ...
    node-control-tr: Setting up python3-winrm (0.3.0-2) ...
    node-control-tr: Setting up libtiff5:amd64 (4.3.0-6ubuntu0.13) ...
    node-control-tr: Setting up libfontconfig1:amd64 (2.13.1-4.2ubuntu5) ...
    node-control-tr: Setting up ansible (2.10.7+merged+base+2.10.8+dfsg-1) ...
    node-control-tr: Setting up libpython3.10:amd64 (3.10.12-1~22.04.15) ...
    node-control-tr: Setting up python3.10 (3.10.12-1~22.04.15) ...
    node-control-tr: Setting up gcc (4:11.2.0-1ubuntu1) ...
    node-control-tr: Setting up libexpat1-dev:amd64 (2.4.7-1ubuntu0.7) ...
    node-control-tr: Setting up libgd3:amd64 (2.3.0-2ubuntu2.3) ...
    node-control-tr: Setting up libstdc++-11-dev:amd64 (11.4.0-1ubuntu1~22.04.3) ...
    node-control-tr: Setting up zlib1g-dev:amd64 (1:1.2.11.dfsg-2ubuntu9.2) ...
    node-control-tr: Setting up libc-devtools (2.35-0ubuntu3.13) ...
    node-control-tr: Setting up g++-11 (11.4.0-1ubuntu1~22.04.3) ...
    node-control-tr: Setting up libpython3.10-dev:amd64 (3.10.12-1~22.04.15) ...
    node-control-tr: Setting up python3.10-dev (3.10.12-1~22.04.15) ...
    node-control-tr: Setting up g++ (4:11.2.0-1ubuntu1) ...
    node-control-tr: update-alternatives: using /usr/bin/g++ to provide /usr/bin/c++ (c++) in auto mode
    node-control-tr: Setting up build-essential (12.9ubuntu3) ...
    node-control-tr: Setting up libpython3-dev:amd64 (3.10.6-1~22.04.1) ...
    node-control-tr: Setting up python3-dev (3.10.6-1~22.04.1) ...
    node-control-tr: Processing triggers for man-db (2.10.2-1) ...
    node-control-tr: Processing triggers for libc-bin (2.35-0ubuntu3.10) ...
    node-control-tr: NEEDRESTART-VER: 3.5
    node-control-tr: NEEDRESTART-KCUR: 5.15.0-144-generic
    node-control-tr: NEEDRESTART-KEXP: 5.15.0-144-generic
    node-control-tr: NEEDRESTART-KSTA: 1
    node-control-tr: NEEDRESTART-SVC: cron.service
    node-control-tr: NEEDRESTART-SVC: dbus.service
    node-control-tr: NEEDRESTART-SVC: getty@tty1.service
    node-control-tr: NEEDRESTART-SVC: multipathd.service
    node-control-tr: NEEDRESTART-SVC: networkd-dispatcher.service
    node-control-tr: NEEDRESTART-SVC: packagekit.service
    node-control-tr: NEEDRESTART-SVC: polkit.service
    node-control-tr: NEEDRESTART-SVC: rsyslog.service
    node-control-tr: NEEDRESTART-SVC: serial-getty@ttyS0.service
    node-control-tr: NEEDRESTART-SVC: ssh.service
    node-control-tr: NEEDRESTART-SVC: systemd-journald.service
    node-control-tr: NEEDRESTART-SVC: systemd-logind.service
    node-control-tr: NEEDRESTART-SVC: systemd-networkd.service
    node-control-tr: NEEDRESTART-SVC: systemd-resolved.service
    node-control-tr: NEEDRESTART-SVC: systemd-timesyncd.service
    node-control-tr: NEEDRESTART-SVC: systemd-udevd.service
    node-control-tr: NEEDRESTART-SVC: unattended-upgrades.service
    node-control-tr: NEEDRESTART-SVC: user@1000.service
    node-control-tr: WARNING: Running pip as the 'root' user can result in broken permissions and conflicting behaviour with the system package manager. It is recommended to use a virtual environment instead: https://pip.pypa.io/warnings/venv
    node-control-tr: Распространение SSH-ключа на 192.168.58.10...
    node-control-tr: Now try logging into the machine, with:   "ssh -o 'StrictHostKeyChecking=no' -o 'UserKnownHostsFile=/dev/null' 'demo@192.168.58.10'"
    node-control-tr: and check to make sure that only the key(s) you wanted were added.
    node-control-tr: 
    node-control-tr: Распространение SSH-ключа на 192.168.58.20...
    node-control-tr: Now try logging into the machine, with:   "ssh -o 'StrictHostKeyChecking=no' -o 'UserKnownHostsFile=/dev/null' 'demo@192.168.58.20'"
    node-control-tr: and check to make sure that only the key(s) you wanted were added.
    node-control-tr: 
    node-control-tr: Распространение SSH-ключа на 192.168.58.30...
    node-control-tr: Now try logging into the machine, with:   "ssh -o 'StrictHostKeyChecking=no' -o 'UserKnownHostsFile=/dev/null' 'demo@192.168.58.30'"
    node-control-tr: and check to make sure that only the key(s) you wanted were added.
    node-control-tr: 
    node-control-tr: 
    node-control-tr: === Ansible connectivity test ===
    node-control-tr: node-mattermost-tr | SUCCESS => {
    node-control-tr:     "changed": false,
    node-control-tr:     "ping": "pong"
    node-control-tr: }
    node-control-tr: node-redmine-tr | SUCCESS => {
    node-control-tr:     "changed": false,
    node-control-tr:     "ping": "pong"
    node-control-tr: }
    node-control-tr: node-gitlab-tr | SUCCESS => {
    node-control-tr:     "changed": false,
    node-control-tr:     "ping": "pong"
    node-control-tr: }
    node-control-tr: 
    node-control-tr: [node-control-tr] provisioning done — cluster-tiers scenario=ok

==> node-gitlab-tr: Machine 'node-gitlab-tr' has a post `vagrant up` message. This is a message
==> node-gitlab-tr: from the creator of the Vagrantfile, and not from Vagrant itself:
==> node-gitlab-tr: 
==> node-gitlab-tr: node-gitlab-tr (192.168.58.10) — GitLab CE [scenario=ok]

==> node-redmine-tr: Machine 'node-redmine-tr' has a post `vagrant up` message. This is a message
==> node-redmine-tr: from the creator of the Vagrantfile, and not from Vagrant itself:
==> node-redmine-tr: 
==> node-redmine-tr: node-redmine-tr (192.168.58.20) — Redmine + PostgreSQL [scenario=ok]

==> node-mattermost-tr: Machine 'node-mattermost-tr' has a post `vagrant up` message. This is a message
==> node-mattermost-tr: from the creator of the Vagrantfile, and not from Vagrant itself:
==> node-mattermost-tr: 
==> node-mattermost-tr: node-mattermost-tr (192.168.58.30) — Mattermost + PostgreSQL [scenario=ok]

==> node-control-tr: Machine 'node-control-tr' has a post `vagrant up` message. This is a message
==> node-control-tr: from the creator of the Vagrantfile, and not from Vagrant itself:
==> node-control-tr: 
==> node-control-tr: node-control-tr (192.168.58.5) — Ansible control-node [scenario=ok]
