Bringing machine 'node-gitlab' up with 'virtualbox' provider...
Bringing machine 'node-redmine' up with 'virtualbox' provider...
Bringing machine 'node-mattermost' up with 'virtualbox' provider...
Bringing machine 'node-control' up with 'virtualbox' provider...
==> node-gitlab: Importing base box 'ubuntu/jammy64'...

[K==> node-gitlab: Matching MAC address for NAT networking...
==> node-gitlab: Setting the name of the VM: node-gitlab
==> node-gitlab: Clearing any previously set network interfaces...
==> node-gitlab: Preparing network interfaces based on configuration...
    node-gitlab: Adapter 1: nat
    node-gitlab: Adapter 2: hostonly
==> node-gitlab: Forwarding ports...
    node-gitlab: 22 (guest) => 2222 (host) (adapter 1)
==> node-gitlab: Running 'pre-boot' VM customizations...
==> node-gitlab: Booting VM...
==> node-gitlab: Waiting for machine to boot. This may take a few minutes...
    node-gitlab: SSH address: 127.0.0.1:2222
    node-gitlab: SSH username: vagrant
    node-gitlab: SSH auth method: private key
    node-gitlab: Warning: Connection reset. Retrying...
    node-gitlab: 
    node-gitlab: Vagrant insecure key detected. Vagrant will automatically replace
    node-gitlab: this with a newly generated keypair for better security.
    node-gitlab: 
    node-gitlab: Inserting generated public key within guest...
    node-gitlab: Removing insecure key from the guest if it's present...
    node-gitlab: Key inserted! Disconnecting and reconnecting using new SSH key...
==> node-gitlab: Machine booted and ready!
==> node-gitlab: Checking for guest additions in VM...
    node-gitlab: The guest additions on this VM do not match the installed version of
    node-gitlab: VirtualBox! In most cases this is fine, but in rare cases it can
    node-gitlab: prevent things such as shared folders from working properly. If you see
    node-gitlab: shared folder errors, please make sure the guest additions within the
    node-gitlab: virtual machine match the version of VirtualBox you have installed on
    node-gitlab: your host and reload your VM.
    node-gitlab: 
    node-gitlab: Guest Additions Version: 6.0.0 r127566
    node-gitlab: VirtualBox Version: 7.2
==> node-gitlab: Setting hostname...
==> node-gitlab: Configuring and enabling network interfaces...
==> node-gitlab: Running provisioner: shell...
    node-gitlab: Running: C:/Users/176D~1/AppData/Local/Temp/vagrant-shell20260429-37596-qbu49i.sh
    node-gitlab: [node-gitlab] scenario=broken
    node-gitlab: Reading package lists...
    node-gitlab: Building dependency tree...
    node-gitlab: Reading state information...
    node-gitlab: lsb-release is already the newest version (11.1.0ubuntu4).
    node-gitlab: lsb-release set to manually installed.
    node-gitlab: ca-certificates is already the newest version (20240203~22.04.1).
    node-gitlab: ca-certificates set to manually installed.
    node-gitlab: ufw is already the newest version (0.36.1-4ubuntu0.1).
    node-gitlab: ufw set to manually installed.
    node-gitlab: The following additional packages will be installed:
    node-gitlab:   dirmngr gnupg-l10n gnupg-utils gpg gpg-agent gpg-wks-client gpg-wks-server
    node-gitlab:   gpgconf gpgsm gpgv libcurl4
    node-gitlab: Suggested packages:
    node-gitlab:   pinentry-gnome3 tor parcimonie xloadimage scdaemon
    node-gitlab: The following packages will be upgraded:
    node-gitlab:   curl dirmngr gnupg gnupg-l10n gnupg-utils gpg gpg-agent gpg-wks-client
    node-gitlab:   gpg-wks-server gpgconf gpgsm gpgv libcurl4
    node-gitlab: 13 upgraded, 0 newly installed, 0 to remove and 134 not upgraded.
    node-gitlab: Need to get 2732 kB of archives.
    node-gitlab: After this operation, 0 B of additional disk space will be used.
    node-gitlab: Get:1 http://archive.ubuntu.com/ubuntu jammy-updates/main amd64 gpg-wks-client amd64 2.2.27-3ubuntu2.5 [62.7 kB]
    node-gitlab: Get:2 http://archive.ubuntu.com/ubuntu jammy-updates/main amd64 dirmngr amd64 2.2.27-3ubuntu2.5 [293 kB]
    node-gitlab: Get:3 http://archive.ubuntu.com/ubuntu jammy-updates/main amd64 gpg-wks-server amd64 2.2.27-3ubuntu2.5 [57.6 kB]
    node-gitlab: Get:4 http://archive.ubuntu.com/ubuntu jammy-updates/main amd64 gnupg-utils amd64 2.2.27-3ubuntu2.5 [309 kB]
    node-gitlab: Get:5 http://archive.ubuntu.com/ubuntu jammy-updates/main amd64 gpg-agent amd64 2.2.27-3ubuntu2.5 [209 kB]
    node-gitlab: Get:6 http://archive.ubuntu.com/ubuntu jammy-updates/main amd64 gpg amd64 2.2.27-3ubuntu2.5 [519 kB]
    node-gitlab: Get:7 http://archive.ubuntu.com/ubuntu jammy-updates/main amd64 gpgconf amd64 2.2.27-3ubuntu2.5 [94.3 kB]
    node-gitlab: Get:8 http://archive.ubuntu.com/ubuntu jammy-updates/main amd64 gnupg-l10n all 2.2.27-3ubuntu2.5 [54.5 kB]
    node-gitlab: Get:9 http://archive.ubuntu.com/ubuntu jammy-updates/main amd64 gnupg all 2.2.27-3ubuntu2.5 [315 kB]
    node-gitlab: Get:10 http://archive.ubuntu.com/ubuntu jammy-updates/main amd64 gpgsm amd64 2.2.27-3ubuntu2.5 [197 kB]
    node-gitlab: Get:11 http://archive.ubuntu.com/ubuntu jammy-updates/main amd64 gpgv amd64 2.2.27-3ubuntu2.5 [137 kB]
    node-gitlab: Get:12 http://archive.ubuntu.com/ubuntu jammy-updates/main amd64 curl amd64 7.81.0-1ubuntu1.23 [194 kB]
    node-gitlab: Get:13 http://archive.ubuntu.com/ubuntu jammy-updates/main amd64 libcurl4 amd64 7.81.0-1ubuntu1.23 [290 kB]
    node-gitlab: Fetched 2732 kB in 1s (1962 kB/s)
    node-gitlab: (Reading database ... 
(Reading database ... 5%
(Reading database ... 10%
(Reading database ... 15%
(Reading database ... 20%
(Reading database ... 25%
(Reading database ... 30%
(Reading database ... 35%
(Reading database ... 40%
(Reading database ... 45%
(Reading database ... 50%
(Reading database ... 55%
(Reading database ... 60%
(Reading database ... 65%
(Reading database ... 70%
(Reading database ... 75%
(Reading database ... 80%
(Reading database ... 85%
(Reading database ... 90%
(Reading database ... 95%
(Reading database ... 100%
(Reading database ... 64257 files and directories currently installed.)
    node-gitlab: Preparing to unpack .../00-gpg-wks-client_2.2.27-3ubuntu2.5_amd64.deb ...
    node-gitlab: Unpacking gpg-wks-client (2.2.27-3ubuntu2.5) over (2.2.27-3ubuntu2.4) ...
    node-gitlab: Preparing to unpack .../01-dirmngr_2.2.27-3ubuntu2.5_amd64.deb ...
    node-gitlab: Unpacking dirmngr (2.2.27-3ubuntu2.5) over (2.2.27-3ubuntu2.4) ...
    node-gitlab: Preparing to unpack .../02-gpg-wks-server_2.2.27-3ubuntu2.5_amd64.deb ...
    node-gitlab: Unpacking gpg-wks-server (2.2.27-3ubuntu2.5) over (2.2.27-3ubuntu2.4) ...
    node-gitlab: Preparing to unpack .../03-gnupg-utils_2.2.27-3ubuntu2.5_amd64.deb ...
    node-gitlab: Unpacking gnupg-utils (2.2.27-3ubuntu2.5) over (2.2.27-3ubuntu2.4) ...
    node-gitlab: Preparing to unpack .../04-gpg-agent_2.2.27-3ubuntu2.5_amd64.deb ...
    node-gitlab: Unpacking gpg-agent (2.2.27-3ubuntu2.5) over (2.2.27-3ubuntu2.4) ...
    node-gitlab: Preparing to unpack .../05-gpg_2.2.27-3ubuntu2.5_amd64.deb ...
    node-gitlab: Unpacking gpg (2.2.27-3ubuntu2.5) over (2.2.27-3ubuntu2.4) ...
    node-gitlab: Preparing to unpack .../06-gpgconf_2.2.27-3ubuntu2.5_amd64.deb ...
    node-gitlab: Unpacking gpgconf (2.2.27-3ubuntu2.5) over (2.2.27-3ubuntu2.4) ...
    node-gitlab: Preparing to unpack .../07-gnupg-l10n_2.2.27-3ubuntu2.5_all.deb ...
    node-gitlab: Unpacking gnupg-l10n (2.2.27-3ubuntu2.5) over (2.2.27-3ubuntu2.4) ...
    node-gitlab: Preparing to unpack .../08-gnupg_2.2.27-3ubuntu2.5_all.deb ...
    node-gitlab: Unpacking gnupg (2.2.27-3ubuntu2.5) over (2.2.27-3ubuntu2.4) ...
    node-gitlab: Preparing to unpack .../09-gpgsm_2.2.27-3ubuntu2.5_amd64.deb ...
    node-gitlab: Unpacking gpgsm (2.2.27-3ubuntu2.5) over (2.2.27-3ubuntu2.4) ...
    node-gitlab: Preparing to unpack .../10-gpgv_2.2.27-3ubuntu2.5_amd64.deb ...
    node-gitlab: Unpacking gpgv (2.2.27-3ubuntu2.5) over (2.2.27-3ubuntu2.4) ...
    node-gitlab: Setting up gpgv (2.2.27-3ubuntu2.5) ...
    node-gitlab: (Reading database ... 
(Reading database ... 5%
(Reading database ... 10%
(Reading database ... 15%
(Reading database ... 20%
(Reading database ... 25%
(Reading database ... 30%
(Reading database ... 35%
(Reading database ... 40%
(Reading database ... 45%
(Reading database ... 50%
(Reading database ... 55%
(Reading database ... 60%
(Reading database ... 65%
(Reading database ... 70%
(Reading database ... 75%
(Reading database ... 80%
(Reading database ... 85%
(Reading database ... 90%
(Reading database ... 95%
(Reading database ... 100%
(Reading database ... 64257 files and directories currently installed.)
    node-gitlab: Preparing to unpack .../curl_7.81.0-1ubuntu1.23_amd64.deb ...
    node-gitlab: Unpacking curl (7.81.0-1ubuntu1.23) over (7.81.0-1ubuntu1.20) ...
    node-gitlab: Preparing to unpack .../libcurl4_7.81.0-1ubuntu1.23_amd64.deb ...
    node-gitlab: Unpacking libcurl4:amd64 (7.81.0-1ubuntu1.23) over (7.81.0-1ubuntu1.20) ...
    node-gitlab: Setting up gnupg-l10n (2.2.27-3ubuntu2.5) ...
    node-gitlab: Setting up gpgconf (2.2.27-3ubuntu2.5) ...
    node-gitlab: Setting up libcurl4:amd64 (7.81.0-1ubuntu1.23) ...
    node-gitlab: Setting up curl (7.81.0-1ubuntu1.23) ...
    node-gitlab: Setting up gpg (2.2.27-3ubuntu2.5) ...
    node-gitlab: Setting up gnupg-utils (2.2.27-3ubuntu2.5) ...
    node-gitlab: Setting up gpg-agent (2.2.27-3ubuntu2.5) ...
    node-gitlab: Setting up gpgsm (2.2.27-3ubuntu2.5) ...
    node-gitlab: Setting up dirmngr (2.2.27-3ubuntu2.5) ...
    node-gitlab: Setting up gpg-wks-server (2.2.27-3ubuntu2.5) ...
    node-gitlab: Setting up gpg-wks-client (2.2.27-3ubuntu2.5) ...
    node-gitlab: Setting up gnupg (2.2.27-3ubuntu2.5) ...
    node-gitlab: Processing triggers for libc-bin (2.35-0ubuntu3.10) ...
    node-gitlab: Processing triggers for man-db (2.10.2-1) ...
    node-gitlab: Processing triggers for install-info (6.8-4build1) ...
    node-gitlab: NEEDRESTART-VER: 3.5
    node-gitlab: NEEDRESTART-KCUR: 5.15.0-144-generic
    node-gitlab: NEEDRESTART-KEXP: 5.15.0-144-generic
    node-gitlab: NEEDRESTART-KSTA: 1
    node-gitlab: Reading package lists...
    node-gitlab: Building dependency tree...
    node-gitlab: Reading state information...
    node-gitlab: The following additional packages will be installed:
    node-gitlab:   docker-buildx-plugin docker-ce-rootless-extras libslirp0 pigz slirp4netns
    node-gitlab: Suggested packages:
    node-gitlab:   cgroupfs-mount | cgroup-lite docker-model-plugin
    node-gitlab: The following NEW packages will be installed:
    node-gitlab:   containerd.io docker-buildx-plugin docker-ce docker-ce-cli
    node-gitlab:   docker-ce-rootless-extras docker-compose-plugin libslirp0 pigz slirp4netns
    node-gitlab: 0 upgraded, 9 newly installed, 0 to remove and 134 not upgraded.
    node-gitlab: Need to get 94.9 MB of archives.
    node-gitlab: After this operation, 365 MB of additional disk space will be used.
    node-gitlab: Get:1 http://archive.ubuntu.com/ubuntu jammy/universe amd64 pigz amd64 2.6-1 [63.6 kB]
    node-gitlab: Get:2 https://download.docker.com/linux/ubuntu jammy/stable amd64 containerd.io amd64 2.2.3-1~ubuntu.22.04~jammy [23.6 MB]
    node-gitlab: Get:3 http://archive.ubuntu.com/ubuntu jammy/main amd64 libslirp0 amd64 4.6.1-1build1 [61.5 kB]
    node-gitlab: Get:4 http://archive.ubuntu.com/ubuntu jammy/universe amd64 slirp4netns amd64 1.0.1-2 [28.2 kB]
    node-gitlab: Get:5 https://download.docker.com/linux/ubuntu jammy/stable amd64 docker-ce-cli amd64 5:29.4.1-1~ubuntu.22.04~jammy [17.0 MB]
    node-gitlab: Get:6 https://download.docker.com/linux/ubuntu jammy/stable amd64 docker-ce amd64 5:29.4.1-1~ubuntu.22.04~jammy [22.7 MB]
    node-gitlab: Get:7 https://download.docker.com/linux/ubuntu jammy/stable amd64 docker-buildx-plugin amd64 0.33.0-1~ubuntu.22.04~jammy [16.9 MB]
    node-gitlab: Get:8 https://download.docker.com/linux/ubuntu jammy/stable amd64 docker-ce-rootless-extras amd64 5:29.4.1-1~ubuntu.22.04~jammy [6560 kB]
    node-gitlab: Get:9 https://download.docker.com/linux/ubuntu jammy/stable amd64 docker-compose-plugin amd64 5.1.3-1~ubuntu.22.04~jammy [8023 kB]
    node-gitlab: Fetched 94.9 MB in 6s (14.8 MB/s)
    node-gitlab: Selecting previously unselected package containerd.io.
    node-gitlab: (Reading database ... 
(Reading database ... 5%
(Reading database ... 10%
(Reading database ... 15%
(Reading database ... 20%
(Reading database ... 25%
(Reading database ... 30%
(Reading database ... 35%
(Reading database ... 40%
(Reading database ... 45%
(Reading database ... 50%
(Reading database ... 55%
(Reading database ... 60%
(Reading database ... 65%
(Reading database ... 70%
(Reading database ... 75%
(Reading database ... 80%
(Reading database ... 85%
(Reading database ... 90%
(Reading database ... 95%
(Reading database ... 100%
(Reading database ... 64257 files and directories currently installed.)
    node-gitlab: Preparing to unpack .../0-containerd.io_2.2.3-1~ubuntu.22.04~jammy_amd64.deb ...
    node-gitlab: Unpacking containerd.io (2.2.3-1~ubuntu.22.04~jammy) ...
    node-gitlab: Selecting previously unselected package docker-ce-cli.
    node-gitlab: Preparing to unpack .../1-docker-ce-cli_5%3a29.4.1-1~ubuntu.22.04~jammy_amd64.deb ...
    node-gitlab: Unpacking docker-ce-cli (5:29.4.1-1~ubuntu.22.04~jammy) ...
    node-gitlab: Selecting previously unselected package docker-ce.
    node-gitlab: Preparing to unpack .../2-docker-ce_5%3a29.4.1-1~ubuntu.22.04~jammy_amd64.deb ...
    node-gitlab: Unpacking docker-ce (5:29.4.1-1~ubuntu.22.04~jammy) ...
    node-gitlab: Selecting previously unselected package pigz.
    node-gitlab: Preparing to unpack .../3-pigz_2.6-1_amd64.deb ...
    node-gitlab: Unpacking pigz (2.6-1) ...
    node-gitlab: Selecting previously unselected package docker-buildx-plugin.
    node-gitlab: Preparing to unpack .../4-docker-buildx-plugin_0.33.0-1~ubuntu.22.04~jammy_amd64.deb ...
    node-gitlab: Unpacking docker-buildx-plugin (0.33.0-1~ubuntu.22.04~jammy) ...
    node-gitlab: Selecting previously unselected package docker-ce-rootless-extras.
    node-gitlab: Preparing to unpack .../5-docker-ce-rootless-extras_5%3a29.4.1-1~ubuntu.22.04~jammy_amd64.deb ...
    node-gitlab: Unpacking docker-ce-rootless-extras (5:29.4.1-1~ubuntu.22.04~jammy) ...
    node-gitlab: Selecting previously unselected package docker-compose-plugin.
    node-gitlab: Preparing to unpack .../6-docker-compose-plugin_5.1.3-1~ubuntu.22.04~jammy_amd64.deb ...
    node-gitlab: Unpacking docker-compose-plugin (5.1.3-1~ubuntu.22.04~jammy) ...
    node-gitlab: Selecting previously unselected package libslirp0:amd64.
    node-gitlab: Preparing to unpack .../7-libslirp0_4.6.1-1build1_amd64.deb ...
    node-gitlab: Unpacking libslirp0:amd64 (4.6.1-1build1) ...
    node-gitlab: Selecting previously unselected package slirp4netns.
    node-gitlab: Preparing to unpack .../8-slirp4netns_1.0.1-2_amd64.deb ...
    node-gitlab: Unpacking slirp4netns (1.0.1-2) ...
    node-gitlab: Setting up docker-buildx-plugin (0.33.0-1~ubuntu.22.04~jammy) ...
    node-gitlab: Setting up containerd.io (2.2.3-1~ubuntu.22.04~jammy) ...
    node-gitlab: Created symlink /etc/systemd/system/multi-user.target.wants/containerd.service → /lib/systemd/system/containerd.service.
    node-gitlab: Setting up docker-compose-plugin (5.1.3-1~ubuntu.22.04~jammy) ...
    node-gitlab: Setting up docker-ce-cli (5:29.4.1-1~ubuntu.22.04~jammy) ...
    node-gitlab: Setting up libslirp0:amd64 (4.6.1-1build1) ...
    node-gitlab: Setting up pigz (2.6-1) ...
    node-gitlab: Setting up docker-ce-rootless-extras (5:29.4.1-1~ubuntu.22.04~jammy) ...
    node-gitlab: Setting up slirp4netns (1.0.1-2) ...
    node-gitlab: Setting up docker-ce (5:29.4.1-1~ubuntu.22.04~jammy) ...
    node-gitlab: Created symlink /etc/systemd/system/multi-user.target.wants/docker.service → /lib/systemd/system/docker.service.
    node-gitlab: Created symlink /etc/systemd/system/sockets.target.wants/docker.socket → /lib/systemd/system/docker.socket.
    node-gitlab: Processing triggers for man-db (2.10.2-1) ...
    node-gitlab: Processing triggers for libc-bin (2.35-0ubuntu3.10) ...
    node-gitlab: NEEDRESTART-VER: 3.5
    node-gitlab: NEEDRESTART-KCUR: 5.15.0-144-generic
    node-gitlab: NEEDRESTART-KEXP: 5.15.0-144-generic
    node-gitlab: NEEDRESTART-KSTA: 1
    node-gitlab: Synchronizing state of docker.service with SysV service script with /lib/systemd/systemd-sysv-install.
    node-gitlab: Executing: /lib/systemd/systemd-sysv-install enable docker
    node-gitlab: [node-gitlab] detected NODE_IP=192.168.56.10
    node-gitlab: Firewall is active and enabled on system startup
    node-gitlab: Rule added
    node-gitlab: Rule added (v6)
    node-gitlab: Rule added
    node-gitlab: Rule added (v6)
    node-gitlab: Rule added
    node-gitlab: Rule added (v6)
    node-gitlab: Rule added
    node-gitlab: Rule added (v6)
    node-gitlab: [node-gitlab] starting GitLab container (это займёт 5-10 минут на первом старте)...
    node-gitlab:  Image gitlab/gitlab-ce:16.11.10-ce.0 Pulling
    node-gitlab:  593a7107a1a7 Pulling fs layer 0B
    node-gitlab:  857cc8cb19c0 Pulling fs layer 0B
    node-gitlab:  015434abbe99 Pulling fs layer 0B
    node-gitlab:  f36042b6a203 Pulling fs layer 0B
    node-gitlab:  a94369ef6758 Pulling fs layer 0B
    node-gitlab:  5d1b92dc061c Pulling fs layer 0B
    node-gitlab:  459b426ff184 Pulling fs layer 0B
    node-gitlab:  b570f1357c2a Pulling fs layer 0B
    node-gitlab:  df82ff08fcb9 Pulling fs layer 0B
    node-gitlab:  015434abbe99 Download complete 0B
    node-gitlab:  593a7107a1a7 Downloading 1.049MB
    node-gitlab:  593a7107a1a7 Downloading 1.049MB
    node-gitlab:  593a7107a1a7 Downloading 3.146MB
    node-gitlab:  593a7107a1a7 Downloading 5.243MB
    node-gitlab:  593a7107a1a7 Downloading 6.291MB
    node-gitlab:  593a7107a1a7 Downloading 7.34MB
    node-gitlab:  593a7107a1a7 Downloading 8.389MB
    node-gitlab:  459b426ff184 Downloading 140B
    node-gitlab:  593a7107a1a7 Downloading 9.437MB
    node-gitlab:  b570f1357c2a Downloading 282B
    node-gitlab:  593a7107a1a7 Downloading 9.437MB
    node-gitlab:  5d1b92dc061c Download complete 0B
    node-gitlab:  b570f1357c2a Download complete 0B
    node-gitlab:  459b426ff184 Download complete 0B
    node-gitlab:  df82ff08fcb9 Download complete 0B
    node-gitlab:  593a7107a1a7 Downloading 10.49MB
    node-gitlab:  593a7107a1a7 Downloading 10.49MB
    node-gitlab:  593a7107a1a7 Downloading 11.53MB
    node-gitlab:  a94369ef6758 Download complete 0B
    node-gitlab:  593a7107a1a7 Downloading 11.53MB
    node-gitlab:  593a7107a1a7 Downloading 12.58MB
    node-gitlab:  593a7107a1a7 Downloading 13.63MB
    node-gitlab:  f36042b6a203 Downloading 1.049MB
    node-gitlab:  f36042b6a203 Downloading 1.049MB
    node-gitlab:  593a7107a1a7 Downloading 13.63MB
    node-gitlab:  857cc8cb19c0 Downloading 1.049MB
    node-gitlab:  593a7107a1a7 Downloading 14.68MB
    node-gitlab:  857cc8cb19c0 Downloading 1.049MB
    node-gitlab:  f36042b6a203 Downloading 1.049MB
    node-gitlab:  f36042b6a203 Downloading 2.097MB
    node-gitlab:  593a7107a1a7 Downloading 14.68MB
    node-gitlab:  857cc8cb19c0 Downloading 2.097MB
    node-gitlab:  f36042b6a203 Downloading 2.097MB
    node-gitlab:  593a7107a1a7 Downloading 15.73MB
    node-gitlab:  857cc8cb19c0 Downloading 2.466MB
    node-gitlab:  593a7107a1a7 Downloading 15.73MB
    node-gitlab:  857cc8cb19c0 Downloading 3.146MB
    node-gitlab:  f36042b6a203 Downloading 3.146MB
    node-gitlab:  857cc8cb19c0 Downloading 4.194MB
    node-gitlab:  f36042b6a203 Downloading 3.146MB
    node-gitlab:  593a7107a1a7 Downloading 15.73MB
    node-gitlab:  f36042b6a203 Downloading 4.194MB
    node-gitlab:  593a7107a1a7 Downloading 16.78MB
    node-gitlab:  857cc8cb19c0 Downloading 4.194MB
    node-gitlab:  593a7107a1a7 Downloading 17.83MB
    node-gitlab:  857cc8cb19c0 Downloading 5.243MB
    node-gitlab:  f36042b6a203 Downloading 4.194MB
    node-gitlab:  593a7107a1a7 Downloading 17.83MB
    node-gitlab:  857cc8cb19c0 Downloading 5.243MB
    node-gitlab:  f36042b6a203 Downloading 4.194MB
    node-gitlab:  f36042b6a203 Downloading 4.194MB
    node-gitlab:  593a7107a1a7 Downloading 17.83MB
    node-gitlab:  857cc8cb19c0 Downloading 6.291MB
    node-gitlab:  f36042b6a203 Downloading 5.243MB
    node-gitlab:  593a7107a1a7 Downloading 18.87MB
    node-gitlab:  857cc8cb19c0 Downloading 6.291MB
    node-gitlab:  f36042b6a203 Downloading 6.291MB
    node-gitlab:  593a7107a1a7 Downloading 18.87MB
    node-gitlab:  857cc8cb19c0 Downloading 7.34MB
    node-gitlab:  f36042b6a203 Downloading 6.291MB
    node-gitlab:  593a7107a1a7 Downloading 19.92MB
    node-gitlab:  857cc8cb19c0 Downloading 7.34MB
    node-gitlab:  f36042b6a203 Downloading 6.291MB
    node-gitlab:  593a7107a1a7 Downloading 19.92MB
    node-gitlab:  857cc8cb19c0 Downloading 7.999MB
    node-gitlab:  f36042b6a203 Downloading 7.34MB
    node-gitlab:  593a7107a1a7 Downloading 20.97MB
    node-gitlab:  857cc8cb19c0 Downloading 9.437MB
    node-gitlab:  f36042b6a203 Downloading 7.34MB
    node-gitlab:  593a7107a1a7 Downloading 20.97MB
    node-gitlab:  857cc8cb19c0 Downloading 9.437MB
    node-gitlab:  593a7107a1a7 Downloading 22.02MB
    node-gitlab:  857cc8cb19c0 Downloading 9.437MB
    node-gitlab:  f36042b6a203 Downloading 7.34MB
    node-gitlab:  f36042b6a203 Downloading 7.34MB
    node-gitlab:  593a7107a1a7 Downloading 22.02MB
    node-gitlab:  857cc8cb19c0 Downloading 9.437MB
    node-gitlab:  f36042b6a203 Downloading 9.437MB
    node-gitlab:  593a7107a1a7 Downloading 23.07MB
    node-gitlab:  857cc8cb19c0 Downloading 10.49MB
    node-gitlab:  f36042b6a203 Downloading 9.437MB
    node-gitlab:  593a7107a1a7 Downloading 23.07MB
    node-gitlab:  857cc8cb19c0 Downloading 10.49MB
    node-gitlab:  857cc8cb19c0 Downloading 11.53MB
    node-gitlab:  f36042b6a203 Downloading 10.49MB
    node-gitlab:  593a7107a1a7 Downloading 23.07MB
    node-gitlab:  593a7107a1a7 Downloading 24.12MB
    node-gitlab:  857cc8cb19c0 Downloading 11.53MB
    node-gitlab:  f36042b6a203 Downloading 10.49MB
    node-gitlab:  f36042b6a203 Downloading 11.53MB
    node-gitlab:  593a7107a1a7 Downloading 24.12MB
    node-gitlab:  857cc8cb19c0 Downloading 11.53MB
    node-gitlab:  593a7107a1a7 Downloading 24.12MB
    node-gitlab:  857cc8cb19c0 Downloading 11.53MB
    node-gitlab:  f36042b6a203 Downloading 11.53MB
    node-gitlab:  593a7107a1a7 Downloading 25.17MB
    node-gitlab:  857cc8cb19c0 Downloading 13.63MB
    node-gitlab:  f36042b6a203 Downloading 12.58MB
    node-gitlab:  f36042b6a203 Downloading 12.58MB
    node-gitlab:  593a7107a1a7 Downloading 25.17MB
    node-gitlab:  857cc8cb19c0 Downloading 13.63MB
    node-gitlab:  f36042b6a203 Downloading 12.58MB
    node-gitlab:  593a7107a1a7 Downloading 26.21MB
    node-gitlab:  857cc8cb19c0 Downloading 13.63MB
    node-gitlab:  593a7107a1a7 Downloading 26.21MB
    node-gitlab:  857cc8cb19c0 Downloading 14.68MB
    node-gitlab:  f36042b6a203 Downloading 13.63MB
    node-gitlab:  f36042b6a203 Downloading 13.63MB
    node-gitlab:  593a7107a1a7 Downloading 27.26MB
    node-gitlab:  857cc8cb19c0 Downloading 14.68MB
    node-gitlab:  593a7107a1a7 Downloading 27.26MB
    node-gitlab:  857cc8cb19c0 Downloading 14.68MB
    node-gitlab:  f36042b6a203 Downloading 13.63MB
    node-gitlab:  593a7107a1a7 Downloading 27.26MB
    node-gitlab:  857cc8cb19c0 Downloading 15.73MB
    node-gitlab:  f36042b6a203 Downloading 14.68MB
    node-gitlab:  593a7107a1a7 Downloading 28.31MB
    node-gitlab:  857cc8cb19c0 Downloading 16.78MB
    node-gitlab:  f36042b6a203 Downloading 14.68MB
    node-gitlab:  593a7107a1a7 Downloading 28.31MB
    node-gitlab:  857cc8cb19c0 Downloading 16.78MB
    node-gitlab:  f36042b6a203 Downloading 15.73MB
    node-gitlab:  593a7107a1a7 Downloading 28.31MB
    node-gitlab:  857cc8cb19c0 Downloading 16.78MB
    node-gitlab:  f36042b6a203 Download complete 0B
    node-gitlab:  593a7107a1a7 Downloading 30.41MB
    node-gitlab:  857cc8cb19c0 Downloading 17.83MB
    node-gitlab:  593a7107a1a7 Downloading 30.41MB
    node-gitlab:  857cc8cb19c0 Downloading 17.83MB
    node-gitlab:  593a7107a1a7 Downloading 31.46MB
    node-gitlab:  857cc8cb19c0 Downloading 18.87MB
    node-gitlab:  593a7107a1a7 Downloading 31.46MB
    node-gitlab:  857cc8cb19c0 Downloading 19.92MB
    node-gitlab:  593a7107a1a7 Downloading 32.51MB
    node-gitlab:  857cc8cb19c0 Downloading 19.92MB
    node-gitlab:  593a7107a1a7 Downloading 33.55MB
    node-gitlab:  857cc8cb19c0 Downloading 20.97MB
    node-gitlab:  593a7107a1a7 Downloading 34.6MB
    node-gitlab:  857cc8cb19c0 Downloading 20.97MB
    node-gitlab:  593a7107a1a7 Downloading 34.6MB
    node-gitlab:  857cc8cb19c0 Downloading 22.02MB
    node-gitlab:  593a7107a1a7 Downloading 35.65MB
    node-gitlab:  857cc8cb19c0 Downloading 23.07MB
    node-gitlab:  593a7107a1a7 Downloading 36.7MB
    node-gitlab:  857cc8cb19c0 Downloading 24.12MB
    node-gitlab:  593a7107a1a7 Downloading 37.75MB
    node-gitlab:  857cc8cb19c0 Downloading 24.12MB
    node-gitlab:  593a7107a1a7 Downloading 37.75MB
    node-gitlab:  857cc8cb19c0 Downloading 24.12MB
    node-gitlab:  857cc8cb19c0 Downloading 25.17MB
    node-gitlab:  593a7107a1a7 Downloading 37.75MB
    node-gitlab:  593a7107a1a7 Downloading 38.8MB
    node-gitlab:  857cc8cb19c0 Downloading 25.17MB
    node-gitlab:  593a7107a1a7 Downloading 38.8MB
    node-gitlab:  857cc8cb19c0 Downloading 26.21MB
    node-gitlab:  593a7107a1a7 Downloading 39.85MB
    node-gitlab:  857cc8cb19c0 Downloading 26.21MB
    node-gitlab:  857cc8cb19c0 Downloading 27.26MB
    node-gitlab:  593a7107a1a7 Downloading 39.85MB
    node-gitlab:  593a7107a1a7 Downloading 40.89MB
    node-gitlab:  857cc8cb19c0 Downloading 29.36MB
    node-gitlab:  857cc8cb19c0 Downloading 29.54MB
    node-gitlab:  593a7107a1a7 Downloading 41.94MB
    node-gitlab:  593a7107a1a7 Downloading 42.99MB
    node-gitlab:  857cc8cb19c0 Downloading 29.54MB
    node-gitlab:  593a7107a1a7 Downloading 42.99MB
    node-gitlab:  857cc8cb19c0 Download complete 0B
    node-gitlab:  857cc8cb19c0 Extracting 1B
    node-gitlab:  593a7107a1a7 Downloading 45.09MB
    node-gitlab:  857cc8cb19c0 Extracting 1B
    node-gitlab:  593a7107a1a7 Downloading 45.16MB
    node-gitlab:  857cc8cb19c0 Extracting 1B
    node-gitlab:  593a7107a1a7 Downloading 46.14MB
    node-gitlab:  857cc8cb19c0 Extracting 1B
    node-gitlab:  593a7107a1a7 Downloading 46.14MB
    node-gitlab:  857cc8cb19c0 Extracting 1B
    node-gitlab:  593a7107a1a7 Downloading 47.19MB
    node-gitlab:  857cc8cb19c0 Extracting 1B
    node-gitlab:  593a7107a1a7 Downloading 48.23MB
    node-gitlab:  857cc8cb19c0 Extracting 1B
    node-gitlab:  593a7107a1a7 Downloading 49.65MB
    node-gitlab:  857cc8cb19c0 Extracting 1B
    node-gitlab:  593a7107a1a7 Downloading 50.33MB
    node-gitlab:  857cc8cb19c0 Extracting 1B
    node-gitlab:  593a7107a1a7 Downloading 50.33MB
    node-gitlab:  857cc8cb19c0 Extracting 1B
    node-gitlab:  593a7107a1a7 Downloading 52.43MB
    node-gitlab:  857cc8cb19c0 Extracting 2B
    node-gitlab:  593a7107a1a7 Downloading 53.48MB
    node-gitlab:  857cc8cb19c0 Extracting 2B
    node-gitlab:  593a7107a1a7 Downloading 54.53MB
    node-gitlab:  857cc8cb19c0 Extracting 2B
    node-gitlab:  593a7107a1a7 Downloading 54.53MB
    node-gitlab:  857cc8cb19c0 Extracting 2B
    node-gitlab:  593a7107a1a7 Downloading 55.57MB
    node-gitlab:  857cc8cb19c0 Extracting 2B
    node-gitlab:  593a7107a1a7 Downloading 55.57MB
    node-gitlab:  857cc8cb19c0 Extracting 2B
    node-gitlab:  593a7107a1a7 Downloading 57.67MB
    node-gitlab:  857cc8cb19c0 Extracting 2B
    node-gitlab:  593a7107a1a7 Downloading 58.72MB
    node-gitlab:  857cc8cb19c0 Extracting 2B
    node-gitlab:  593a7107a1a7 Downloading 59.77MB
    node-gitlab:  857cc8cb19c0 Extracting 3B
    node-gitlab:  593a7107a1a7 Downloading 60.57MB
    node-gitlab:  857cc8cb19c0 Extracting 3B
    node-gitlab:  593a7107a1a7 Downloading 60.82MB
    node-gitlab:  857cc8cb19c0 Extracting 3B
    node-gitlab:  593a7107a1a7 Downloading 60.82MB
    node-gitlab:  857cc8cb19c0 Extracting 3B
    node-gitlab:  593a7107a1a7 Downloading 61.29MB
    node-gitlab:  857cc8cb19c0 Extracting 3B
    node-gitlab:  593a7107a1a7 Downloading 62.58MB
    node-gitlab:  857cc8cb19c0 Extracting 3B
    node-gitlab:  593a7107a1a7 Downloading 62.91MB
    node-gitlab:  857cc8cb19c0 Extracting 3B
    node-gitlab:  593a7107a1a7 Downloading 63.68MB
    node-gitlab:  857cc8cb19c0 Extracting 3B
    node-gitlab:  593a7107a1a7 Downloading 63.96MB
    node-gitlab:  857cc8cb19c0 Extracting 3B
    node-gitlab:  593a7107a1a7 Downloading 63.96MB
    node-gitlab:  857cc8cb19c0 Extracting 3B
    node-gitlab:  593a7107a1a7 Downloading 64.9MB
    node-gitlab:  857cc8cb19c0 Extracting 3B
    node-gitlab:  593a7107a1a7 Downloading 65.97MB
    node-gitlab:  857cc8cb19c0 Extracting 4B
    node-gitlab:  593a7107a1a7 Downloading 66.26MB
    node-gitlab:  857cc8cb19c0 Extracting 4B
    node-gitlab:  593a7107a1a7 Downloading 67.11MB
    node-gitlab:  857cc8cb19c0 Extracting 4B
    node-gitlab:  593a7107a1a7 Downloading 68.16MB
    node-gitlab:  857cc8cb19c0 Extracting 4B
    node-gitlab:  593a7107a1a7 Downloading 68.71MB
    node-gitlab:  857cc8cb19c0 Extracting 4B
    node-gitlab:  593a7107a1a7 Downloading 69.21MB
    node-gitlab:  857cc8cb19c0 Extracting 4B
    node-gitlab:  593a7107a1a7 Downloading 70.25MB
    node-gitlab:  857cc8cb19c0 Extracting 4B
    node-gitlab:  593a7107a1a7 Downloading 71.3MB
    node-gitlab:  857cc8cb19c0 Extracting 4B
    node-gitlab:  593a7107a1a7 Downloading 71.3MB
    node-gitlab:  857cc8cb19c0 Extracting 4B
    node-gitlab:  593a7107a1a7 Downloading 72.23MB
    node-gitlab:  857cc8cb19c0 Extracting 4B
    node-gitlab:  593a7107a1a7 Downloading 72.35MB
    node-gitlab:  857cc8cb19c0 Extracting 5B
    node-gitlab:  593a7107a1a7 Downloading 72.35MB
    node-gitlab:  857cc8cb19c0 Extracting 5B
    node-gitlab:  593a7107a1a7 Downloading 72.64MB
    node-gitlab:  857cc8cb19c0 Extracting 5B
    node-gitlab:  593a7107a1a7 Downloading 73.4MB
    node-gitlab:  857cc8cb19c0 Extracting 5B
    node-gitlab:  593a7107a1a7 Downloading 74.44MB
    node-gitlab:  857cc8cb19c0 Extracting 5B
    node-gitlab:  593a7107a1a7 Downloading 74.45MB
    node-gitlab:  857cc8cb19c0 Extracting 5B
    node-gitlab:  593a7107a1a7 Downloading 75.5MB
    node-gitlab:  857cc8cb19c0 Extracting 5B
    node-gitlab:  593a7107a1a7 Downloading 76.55MB
    node-gitlab:  857cc8cb19c0 Extracting 5B
    node-gitlab:  593a7107a1a7 Downloading 77.59MB
    node-gitlab:  857cc8cb19c0 Extracting 6B
    node-gitlab:  593a7107a1a7 Downloading 77.59MB
    node-gitlab:  857cc8cb19c0 Extracting 6B
    node-gitlab:  593a7107a1a7 Downloading 78.64MB
    node-gitlab:  857cc8cb19c0 Extracting 6B
    node-gitlab:  593a7107a1a7 Downloading 79.69MB
    node-gitlab:  857cc8cb19c0 Extracting 6B
    node-gitlab:  593a7107a1a7 Downloading 80.74MB
    node-gitlab:  857cc8cb19c0 Extracting 6B
    node-gitlab:  593a7107a1a7 Downloading 82.8MB
    node-gitlab:  857cc8cb19c0 Extracting 6B
    node-gitlab:  593a7107a1a7 Downloading 82.84MB
    node-gitlab:  857cc8cb19c0 Extracting 6B
    node-gitlab:  593a7107a1a7 Downloading 83.44MB
    node-gitlab:  857cc8cb19c0 Extracting 6B
    node-gitlab:  593a7107a1a7 Downloading 84.52MB
    node-gitlab:  857cc8cb19c0 Extracting 6B
    node-gitlab:  593a7107a1a7 Downloading 85.98MB
    node-gitlab:  857cc8cb19c0 Extracting 7B
    node-gitlab:  593a7107a1a7 Downloading 87.03MB
    node-gitlab:  857cc8cb19c0 Extracting 7B
    node-gitlab:  593a7107a1a7 Downloading 88.08MB
    node-gitlab:  857cc8cb19c0 Extracting 7B
    node-gitlab:  593a7107a1a7 Downloading 88.08MB
    node-gitlab:  857cc8cb19c0 Extracting 7B
    node-gitlab:  593a7107a1a7 Downloading 88.17MB
    node-gitlab:  857cc8cb19c0 Extracting 7B
    node-gitlab:  593a7107a1a7 Downloading 89.13MB
    node-gitlab:  857cc8cb19c0 Extracting 7B
    node-gitlab:  593a7107a1a7 Downloading 90.18MB
    node-gitlab:  857cc8cb19c0 Extracting 7B
    node-gitlab:  593a7107a1a7 Downloading 90.75MB
    node-gitlab:  857cc8cb19c0 Extracting 7B
    node-gitlab:  593a7107a1a7 Downloading 91.23MB
    node-gitlab:  857cc8cb19c0 Extracting 7B
    node-gitlab:  593a7107a1a7 Downloading 91.87MB
    node-gitlab:  857cc8cb19c0 Extracting 7B
    node-gitlab:  593a7107a1a7 Downloading 92.27MB
    node-gitlab:  857cc8cb19c0 Extracting 7B
    node-gitlab:  593a7107a1a7 Downloading 93.32MB
    node-gitlab:  857cc8cb19c0 Pull complete 0B
    node-gitlab:  593a7107a1a7 Downloading 94.37MB
    node-gitlab:  015434abbe99 Pull complete 0B
    node-gitlab:  593a7107a1a7 Downloading 95.42MB
    node-gitlab:  f36042b6a203 Extracting 1B
    node-gitlab:  593a7107a1a7 Downloading 95.42MB
    node-gitlab:  f36042b6a203 Extracting 1B
    node-gitlab:  593a7107a1a7 Downloading 97.46MB
    node-gitlab:  f36042b6a203 Extracting 1B
    node-gitlab:  593a7107a1a7 Downloading 97.46MB
    node-gitlab:  f36042b6a203 Extracting 1B
    node-gitlab:  593a7107a1a7 Downloading 97.52MB
    node-gitlab:  f36042b6a203 Extracting 1B
    node-gitlab:  593a7107a1a7 Downloading 97.52MB
    node-gitlab:  f36042b6a203 Extracting 1B
    node-gitlab:  593a7107a1a7 Downloading 98.57MB
    node-gitlab:  f36042b6a203 Extracting 1B
    node-gitlab:  593a7107a1a7 Downloading 99.61MB
    node-gitlab:  f36042b6a203 Extracting 1B
    node-gitlab:  593a7107a1a7 Downloading 99.61MB
    node-gitlab:  f36042b6a203 Extracting 1B
    node-gitlab:  593a7107a1a7 Downloading 100.5MB
    node-gitlab:  f36042b6a203 Extracting 1B
    node-gitlab:  593a7107a1a7 Downloading 101.7MB
    node-gitlab:  f36042b6a203 Extracting 1B
    node-gitlab:  593a7107a1a7 Downloading 102.6MB
    node-gitlab:  f36042b6a203 Extracting 1B
    node-gitlab:  593a7107a1a7 Downloading 102.8MB
    node-gitlab:  f36042b6a203 Extracting 2B
    node-gitlab:  593a7107a1a7 Downloading 103.4MB
    node-gitlab:  f36042b6a203 Extracting 2B
    node-gitlab:  593a7107a1a7 Downloading 103.8MB
    node-gitlab:  f36042b6a203 Extracting 2B
    node-gitlab:  593a7107a1a7 Downloading 104.8MB
    node-gitlab:  f36042b6a203 Extracting 2B
    node-gitlab:  593a7107a1a7 Downloading 104.9MB
    node-gitlab:  f36042b6a203 Extracting 2B
    node-gitlab:  593a7107a1a7 Downloading 105.9MB
    node-gitlab:  f36042b6a203 Extracting 2B
    node-gitlab:  593a7107a1a7 Downloading 106.1MB
    node-gitlab:  f36042b6a203 Extracting 2B
    node-gitlab:  593a7107a1a7 Downloading 107MB
    node-gitlab:  f36042b6a203 Extracting 2B
    node-gitlab:  593a7107a1a7 Downloading 108MB
    node-gitlab:  f36042b6a203 Extracting 2B
    node-gitlab:  593a7107a1a7 Downloading 109.1MB
    node-gitlab:  f36042b6a203 Extracting 3B
    node-gitlab:  593a7107a1a7 Downloading 109.7MB
    node-gitlab:  f36042b6a203 Extracting 3B
    node-gitlab:  593a7107a1a7 Downloading 110.1MB
    node-gitlab:  f36042b6a203 Extracting 3B
    node-gitlab:  593a7107a1a7 Downloading 111.1MB
    node-gitlab:  f36042b6a203 Extracting 3B
    node-gitlab:  593a7107a1a7 Downloading 111.8MB
    node-gitlab:  f36042b6a203 Extracting 3B
    node-gitlab:  593a7107a1a7 Downloading 112.2MB
    node-gitlab:  f36042b6a203 Extracting 3B
    node-gitlab:  593a7107a1a7 Downloading 112.8MB
    node-gitlab:  f36042b6a203 Extracting 3B
    node-gitlab:  593a7107a1a7 Downloading 113.2MB
    node-gitlab:  f36042b6a203 Extracting 3B
    node-gitlab:  593a7107a1a7 Downloading 114.3MB
    node-gitlab:  f36042b6a203 Extracting 3B
    node-gitlab:  593a7107a1a7 Downloading 115MB
    node-gitlab:  f36042b6a203 Extracting 3B
    node-gitlab:  593a7107a1a7 Downloading 115.3MB
    node-gitlab:  f36042b6a203 Extracting 4B
    node-gitlab:  593a7107a1a7 Downloading 115.5MB
    node-gitlab:  f36042b6a203 Extracting 4B
    node-gitlab:  593a7107a1a7 Downloading 116.4MB
    node-gitlab:  f36042b6a203 Extracting 4B
    node-gitlab:  593a7107a1a7 Downloading 118.2MB
    node-gitlab:  f36042b6a203 Extracting 4B
    node-gitlab:  593a7107a1a7 Downloading 118.5MB
    node-gitlab:  f36042b6a203 Extracting 4B
    node-gitlab:  593a7107a1a7 Downloading 119.5MB
    node-gitlab:  f36042b6a203 Extracting 4B
    node-gitlab:  593a7107a1a7 Downloading 119.5MB
    node-gitlab:  f36042b6a203 Extracting 4B
    node-gitlab:  593a7107a1a7 Downloading 120.6MB
    node-gitlab:  f36042b6a203 Extracting 4B
    node-gitlab:  593a7107a1a7 Downloading 121.1MB
    node-gitlab:  f36042b6a203 Extracting 4B
    node-gitlab:  593a7107a1a7 Downloading 121.6MB
    node-gitlab:  f36042b6a203 Extracting 4B
    node-gitlab:  593a7107a1a7 Downloading 122.7MB
    node-gitlab:  f36042b6a203 Extracting 5B
    node-gitlab:  593a7107a1a7 Downloading 122.7MB
    node-gitlab:  f36042b6a203 Extracting 5B
    node-gitlab:  593a7107a1a7 Downloading 123.5MB
    node-gitlab:  f36042b6a203 Extracting 5B
    node-gitlab:  593a7107a1a7 Downloading 123.7MB
    node-gitlab:  f36042b6a203 Extracting 5B
    node-gitlab:  593a7107a1a7 Downloading 124.8MB
    node-gitlab:  f36042b6a203 Extracting 5B
    node-gitlab:  593a7107a1a7 Downloading 124.8MB
    node-gitlab:  f36042b6a203 Extracting 5B
    node-gitlab:  593a7107a1a7 Downloading 125.8MB
    node-gitlab:  f36042b6a203 Extracting 5B
    node-gitlab:  593a7107a1a7 Downloading 126.4MB
    node-gitlab:  f36042b6a203 Extracting 5B
    node-gitlab:  593a7107a1a7 Downloading 126.9MB
    node-gitlab:  f36042b6a203 Extracting 5B
    node-gitlab:  593a7107a1a7 Downloading 126.9MB
    node-gitlab:  f36042b6a203 Extracting 5B
    node-gitlab:  593a7107a1a7 Downloading 127.9MB
    node-gitlab:  f36042b6a203 Extracting 6B
    node-gitlab:  593a7107a1a7 Downloading 127.9MB
    node-gitlab:  f36042b6a203 Extracting 6B
    node-gitlab:  593a7107a1a7 Downloading 129.7MB
    node-gitlab:  f36042b6a203 Extracting 6B
    node-gitlab:  593a7107a1a7 Downloading 131.1MB
    node-gitlab:  f36042b6a203 Extracting 6B
    node-gitlab:  593a7107a1a7 Downloading 132.8MB
    node-gitlab:  f36042b6a203 Extracting 6B
    node-gitlab:  593a7107a1a7 Downloading 133.2MB
    node-gitlab:  f36042b6a203 Extracting 6B
    node-gitlab:  593a7107a1a7 Downloading 133.5MB
    node-gitlab:  f36042b6a203 Extracting 6B
    node-gitlab:  593a7107a1a7 Downloading 134.2MB
    node-gitlab:  f36042b6a203 Extracting 6B
    node-gitlab:  593a7107a1a7 Downloading 134.2MB
    node-gitlab:  f36042b6a203 Extracting 7B
    node-gitlab:  593a7107a1a7 Downloading 135.3MB
    node-gitlab:  f36042b6a203 Extracting 7B
    node-gitlab:  593a7107a1a7 Downloading 135.3MB
    node-gitlab:  f36042b6a203 Extracting 7B
    node-gitlab:  593a7107a1a7 Downloading 135.3MB
    node-gitlab:  f36042b6a203 Extracting 7B
    node-gitlab:  593a7107a1a7 Downloading 136.3MB
    node-gitlab:  f36042b6a203 Extracting 7B
    node-gitlab:  593a7107a1a7 Downloading 136.8MB
    node-gitlab:  f36042b6a203 Extracting 7B
    node-gitlab:  593a7107a1a7 Downloading 137.4MB
    node-gitlab:  f36042b6a203 Extracting 7B
    node-gitlab:  593a7107a1a7 Downloading 138.2MB
    node-gitlab:  f36042b6a203 Extracting 7B
    node-gitlab:  593a7107a1a7 Downloading 139.5MB
    node-gitlab:  f36042b6a203 Extracting 8B
    node-gitlab:  593a7107a1a7 Downloading 140MB
    node-gitlab:  f36042b6a203 Extracting 8B
    node-gitlab:  593a7107a1a7 Downloading 140.5MB
    node-gitlab:  f36042b6a203 Extracting 8B
    node-gitlab:  593a7107a1a7 Downloading 141.3MB
    node-gitlab:  f36042b6a203 Extracting 8B
    node-gitlab:  593a7107a1a7 Downloading 142.5MB
    node-gitlab:  f36042b6a203 Extracting 8B
    node-gitlab:  593a7107a1a7 Downloading 143.5MB
    node-gitlab:  f36042b6a203 Extracting 8B
    node-gitlab:  593a7107a1a7 Downloading 144.7MB
    node-gitlab:  f36042b6a203 Extracting 8B
    node-gitlab:  593a7107a1a7 Downloading 144.7MB
    node-gitlab:  a94369ef6758 Extracting 1B
    node-gitlab:  f36042b6a203 Pull complete 0B
    node-gitlab:  593a7107a1a7 Downloading 145.8MB
    node-gitlab:  a94369ef6758 Extracting 1B
    node-gitlab:  593a7107a1a7 Downloading 145.8MB
    node-gitlab:  a94369ef6758 Extracting 1B
    node-gitlab:  593a7107a1a7 Downloading 146.8MB
    node-gitlab:  5d1b92dc061c Extracting 1B
    node-gitlab:  a94369ef6758 Pull complete 0B
    node-gitlab:  593a7107a1a7 Downloading 147.8MB
    node-gitlab:  5d1b92dc061c Pull complete 0B
    node-gitlab:  459b426ff184 Extracting 1B
    node-gitlab:  593a7107a1a7 Downloading 148.9MB
    node-gitlab:  b570f1357c2a Extracting 1B
    node-gitlab:  459b426ff184 Pull complete 0B
    node-gitlab:  593a7107a1a7 Downloading 149.1MB
    node-gitlab:  b570f1357c2a Pull complete 0B
    node-gitlab:  df82ff08fcb9 Extracting 1B
    node-gitlab:  593a7107a1a7 Downloading 149.9MB
    node-gitlab:  df82ff08fcb9 Pull complete 0B
    node-gitlab:  593a7107a1a7 Downloading 151MB
    node-gitlab:  593a7107a1a7 Downloading 153.1MB
    node-gitlab:  593a7107a1a7 Downloading 154.1MB
    node-gitlab:  593a7107a1a7 Downloading 155.2MB
    node-gitlab:  593a7107a1a7 Downloading 157.2MB
    node-gitlab:  593a7107a1a7 Downloading 158.3MB
    node-gitlab:  593a7107a1a7 Downloading 159.4MB
    node-gitlab:  593a7107a1a7 Downloading 160.4MB
    node-gitlab:  593a7107a1a7 Downloading 161.5MB
    node-gitlab:  593a7107a1a7 Downloading 163.1MB
    node-gitlab:  593a7107a1a7 Downloading 164.6MB
    node-gitlab:  593a7107a1a7 Downloading 165.7MB
    node-gitlab:  593a7107a1a7 Downloading 166.7MB
    node-gitlab:  593a7107a1a7 Downloading 167.8MB
    node-gitlab:  593a7107a1a7 Downloading 169.9MB
    node-gitlab:  593a7107a1a7 Downloading 170.9MB
    node-gitlab:  593a7107a1a7 Downloading 172MB
    node-gitlab:  593a7107a1a7 Downloading 173MB
    node-gitlab:  593a7107a1a7 Downloading 174.1MB
    node-gitlab:  593a7107a1a7 Downloading 175.1MB
    node-gitlab:  593a7107a1a7 Downloading 176.2MB
    node-gitlab:  593a7107a1a7 Downloading 178.3MB
    node-gitlab:  593a7107a1a7 Downloading 180.4MB
    node-gitlab:  593a7107a1a7 Downloading 181.4MB
    node-gitlab:  593a7107a1a7 Downloading 182.5MB
    node-gitlab:  593a7107a1a7 Downloading 184.4MB
    node-gitlab:  593a7107a1a7 Downloading 185.6MB
    node-gitlab:  593a7107a1a7 Downloading 186.6MB
    node-gitlab:  593a7107a1a7 Downloading 187.7MB
    node-gitlab:  593a7107a1a7 Downloading 188.7MB
    node-gitlab:  593a7107a1a7 Downloading 190.6MB
    node-gitlab:  593a7107a1a7 Downloading 191.9MB
    node-gitlab:  593a7107a1a7 Downloading 192.9MB
    node-gitlab:  593a7107a1a7 Downloading 194MB
    node-gitlab:  593a7107a1a7 Downloading 195.9MB
    node-gitlab:  593a7107a1a7 Downloading 197.1MB
    node-gitlab:  593a7107a1a7 Downloading 198.2MB
    node-gitlab:  593a7107a1a7 Downloading 199.2MB
    node-gitlab:  593a7107a1a7 Downloading 200.9MB
    node-gitlab:  593a7107a1a7 Downloading 202.4MB
    node-gitlab:  593a7107a1a7 Downloading 203.4MB
    node-gitlab:  593a7107a1a7 Downloading 204.5MB
    node-gitlab:  593a7107a1a7 Downloading 206.6MB
    node-gitlab:  593a7107a1a7 Downloading 207.6MB
    node-gitlab:  593a7107a1a7 Downloading 208.7MB
    node-gitlab:  593a7107a1a7 Downloading 210.8MB
    node-gitlab:  593a7107a1a7 Downloading 211.8MB
    node-gitlab:  593a7107a1a7 Downloading 212.9MB
    node-gitlab:  593a7107a1a7 Downloading 213.9MB
    node-gitlab:  593a7107a1a7 Downloading 216MB
    node-gitlab:  593a7107a1a7 Downloading 217.1MB
    node-gitlab:  593a7107a1a7 Downloading 218.1MB
    node-gitlab:  593a7107a1a7 Downloading 219.2MB
    node-gitlab:  593a7107a1a7 Downloading 221.2MB
    node-gitlab:  593a7107a1a7 Downloading 222.3MB
    node-gitlab:  593a7107a1a7 Downloading 223.3MB
    node-gitlab:  593a7107a1a7 Downloading 224.4MB
    node-gitlab:  593a7107a1a7 Downloading 225.4MB
    node-gitlab:  593a7107a1a7 Downloading 227.5MB
    node-gitlab:  593a7107a1a7 Downloading 228.6MB
    node-gitlab:  593a7107a1a7 Downloading 229.6MB
    node-gitlab:  593a7107a1a7 Downloading 230.7MB
    node-gitlab:  593a7107a1a7 Downloading 231.7MB
    node-gitlab:  593a7107a1a7 Downloading 233.8MB
    node-gitlab:  593a7107a1a7 Downloading 234.9MB
    node-gitlab:  593a7107a1a7 Downloading 236.8MB
    node-gitlab:  593a7107a1a7 Downloading 238MB
    node-gitlab:  593a7107a1a7 Downloading 239.1MB
    node-gitlab:  593a7107a1a7 Downloading 240.1MB
    node-gitlab:  593a7107a1a7 Downloading 241.2MB
    node-gitlab:  593a7107a1a7 Downloading 242.2MB
    node-gitlab:  593a7107a1a7 Downloading 244.3MB
    node-gitlab:  593a7107a1a7 Downloading 245.4MB
    node-gitlab:  593a7107a1a7 Downloading 246.4MB
    node-gitlab:  593a7107a1a7 Downloading 247.5MB
    node-gitlab:  593a7107a1a7 Downloading 249.4MB
    node-gitlab:  593a7107a1a7 Downloading 250.6MB
    node-gitlab:  593a7107a1a7 Downloading 251.7MB
    node-gitlab:  593a7107a1a7 Downloading 252.7MB
    node-gitlab:  593a7107a1a7 Downloading 254.8MB
    node-gitlab:  593a7107a1a7 Downloading 255.9MB
    node-gitlab:  593a7107a1a7 Downloading 256.9MB
    node-gitlab:  593a7107a1a7 Downloading 257.9MB
    node-gitlab:  593a7107a1a7 Downloading 259MB
    node-gitlab:  593a7107a1a7 Downloading 261.1MB
    node-gitlab:  593a7107a1a7 Downloading 262.1MB
    node-gitlab:  593a7107a1a7 Downloading 263.2MB
    node-gitlab:  593a7107a1a7 Downloading 264.2MB
    node-gitlab:  593a7107a1a7 Downloading 266.3MB
    node-gitlab:  593a7107a1a7 Downloading 267.4MB
    node-gitlab:  593a7107a1a7 Downloading 268.4MB
    node-gitlab:  593a7107a1a7 Downloading 269.5MB
    node-gitlab:  593a7107a1a7 Downloading 271.6MB
    node-gitlab:  593a7107a1a7 Downloading 272.6MB
    node-gitlab:  593a7107a1a7 Downloading 273.7MB
    node-gitlab:  593a7107a1a7 Downloading 274.7MB
    node-gitlab:  593a7107a1a7 Downloading 276.8MB
    node-gitlab:  593a7107a1a7 Downloading 276.8MB
    node-gitlab:  593a7107a1a7 Downloading 278.9MB
    node-gitlab:  593a7107a1a7 Downloading 280MB
    node-gitlab:  593a7107a1a7 Downloading 282.1MB
    node-gitlab:  593a7107a1a7 Downloading 283.1MB
    node-gitlab:  593a7107a1a7 Downloading 284.2MB
    node-gitlab:  593a7107a1a7 Downloading 285.2MB
    node-gitlab:  593a7107a1a7 Downloading 287.1MB
    node-gitlab:  593a7107a1a7 Downloading 288.4MB
    node-gitlab:  593a7107a1a7 Downloading 289.4MB
    node-gitlab:  593a7107a1a7 Downloading 290.5MB
    node-gitlab:  593a7107a1a7 Downloading 292.6MB
    node-gitlab:  593a7107a1a7 Downloading 293.6MB
    node-gitlab:  593a7107a1a7 Downloading 294.6MB
    node-gitlab:  593a7107a1a7 Downloading 296.7MB
    node-gitlab:  593a7107a1a7 Downloading 297.5MB
    node-gitlab:  593a7107a1a7 Downloading 298.8MB
    node-gitlab:  593a7107a1a7 Downloading 299.9MB
    node-gitlab:  593a7107a1a7 Downloading 300.9MB
    node-gitlab:  593a7107a1a7 Downloading 302.8MB
    node-gitlab:  593a7107a1a7 Downloading 304.1MB
    node-gitlab:  593a7107a1a7 Downloading 305.1MB
    node-gitlab:  593a7107a1a7 Downloading 306.2MB
    node-gitlab:  593a7107a1a7 Downloading 307.2MB
    node-gitlab:  593a7107a1a7 Downloading 309.3MB
    node-gitlab:  593a7107a1a7 Downloading 310.4MB
    node-gitlab:  593a7107a1a7 Downloading 311.4MB
    node-gitlab:  593a7107a1a7 Downloading 312.5MB
    node-gitlab:  593a7107a1a7 Downloading 313.5MB
    node-gitlab:  593a7107a1a7 Downloading 314.6MB
    node-gitlab:  593a7107a1a7 Downloading 316.7MB
    node-gitlab:  593a7107a1a7 Downloading 317.7MB
    node-gitlab:  593a7107a1a7 Downloading 318.8MB
    node-gitlab:  593a7107a1a7 Downloading 320.9MB
    node-gitlab:  593a7107a1a7 Downloading 321.9MB
    node-gitlab:  593a7107a1a7 Downloading 323MB
    node-gitlab:  593a7107a1a7 Downloading 324MB
    node-gitlab:  593a7107a1a7 Downloading 326.1MB
    node-gitlab:  593a7107a1a7 Downloading 327.2MB
    node-gitlab:  593a7107a1a7 Downloading 328.2MB
    node-gitlab:  593a7107a1a7 Downloading 329.3MB
    node-gitlab:  593a7107a1a7 Downloading 330.7MB
    node-gitlab:  593a7107a1a7 Downloading 332.4MB
    node-gitlab:  593a7107a1a7 Downloading 333.4MB
    node-gitlab:  593a7107a1a7 Downloading 334.5MB
    node-gitlab:  593a7107a1a7 Downloading 336.6MB
    node-gitlab:  593a7107a1a7 Downloading 337.2MB
    node-gitlab:  593a7107a1a7 Downloading 338.7MB
    node-gitlab:  593a7107a1a7 Downloading 339.7MB
    node-gitlab:  593a7107a1a7 Downloading 340.8MB
    node-gitlab:  593a7107a1a7 Downloading 342.9MB
    node-gitlab:  593a7107a1a7 Downloading 343.9MB
    node-gitlab:  593a7107a1a7 Downloading 345MB
    node-gitlab:  593a7107a1a7 Downloading 346MB
    node-gitlab:  593a7107a1a7 Downloading 347.1MB
    node-gitlab:  593a7107a1a7 Downloading 349.2MB
    node-gitlab:  593a7107a1a7 Downloading 350.2MB
    node-gitlab:  593a7107a1a7 Downloading 351.3MB
    node-gitlab:  593a7107a1a7 Downloading 353.4MB
    node-gitlab:  593a7107a1a7 Downloading 354.2MB
    node-gitlab:  593a7107a1a7 Downloading 355.5MB
    node-gitlab:  593a7107a1a7 Downloading 356.5MB
    node-gitlab:  593a7107a1a7 Downloading 357.6MB
    node-gitlab:  593a7107a1a7 Downloading 359.7MB
    node-gitlab:  593a7107a1a7 Downloading 360.7MB
    node-gitlab:  593a7107a1a7 Downloading 361.8MB
    node-gitlab:  593a7107a1a7 Downloading 362.8MB
    node-gitlab:  593a7107a1a7 Downloading 364.6MB
    node-gitlab:  593a7107a1a7 Downloading 366MB
    node-gitlab:  593a7107a1a7 Downloading 367MB
    node-gitlab:  593a7107a1a7 Downloading 368.1MB
    node-gitlab:  593a7107a1a7 Downloading 369.1MB
    node-gitlab:  593a7107a1a7 Downloading 370.3MB
    node-gitlab:  593a7107a1a7 Downloading 372.2MB
    node-gitlab:  593a7107a1a7 Downloading 373.3MB
    node-gitlab:  593a7107a1a7 Downloading 374.3MB
    node-gitlab:  593a7107a1a7 Downloading 374.3MB
    node-gitlab:  593a7107a1a7 Downloading 374.3MB
    node-gitlab:  593a7107a1a7 Downloading 374.3MB
    node-gitlab:  593a7107a1a7 Downloading 374.3MB
    node-gitlab:  593a7107a1a7 Downloading 374.3MB
    node-gitlab:  593a7107a1a7 Downloading 374.3MB
    node-gitlab:  593a7107a1a7 Downloading 374.3MB
    node-gitlab:  593a7107a1a7 Downloading 374.3MB
    node-gitlab:  593a7107a1a7 Downloading 374.3MB
    node-gitlab:  593a7107a1a7 Downloading 374.3MB
    node-gitlab:  593a7107a1a7 Downloading 374.3MB
    node-gitlab:  593a7107a1a7 Downloading 374.3MB
    node-gitlab:  593a7107a1a7 Downloading 375.4MB
    node-gitlab:  593a7107a1a7 Downloading 376.4MB
    node-gitlab:  593a7107a1a7 Downloading 377.5MB
    node-gitlab:  593a7107a1a7 Downloading 378.5MB
    node-gitlab:  593a7107a1a7 Downloading 379.6MB
    node-gitlab:  593a7107a1a7 Downloading 381.7MB
    node-gitlab:  593a7107a1a7 Downloading 382.7MB
    node-gitlab:  593a7107a1a7 Downloading 383.8MB
    node-gitlab:  593a7107a1a7 Downloading 384.8MB
    node-gitlab:  593a7107a1a7 Downloading 385.9MB
    node-gitlab:  593a7107a1a7 Downloading 386.9MB
    node-gitlab:  593a7107a1a7 Downloading 388MB
    node-gitlab:  593a7107a1a7 Downloading 389MB
    node-gitlab:  593a7107a1a7 Downloading 391.1MB
    node-gitlab:  593a7107a1a7 Downloading 392.2MB
    node-gitlab:  593a7107a1a7 Downloading 393.2MB
    node-gitlab:  593a7107a1a7 Downloading 394.3MB
    node-gitlab:  593a7107a1a7 Downloading 395.3MB
    node-gitlab:  593a7107a1a7 Downloading 397.4MB
    node-gitlab:  593a7107a1a7 Downloading 398.5MB
    node-gitlab:  593a7107a1a7 Downloading 399.5MB
    node-gitlab:  593a7107a1a7 Downloading 400.6MB
    node-gitlab:  593a7107a1a7 Downloading 402.7MB
    node-gitlab:  593a7107a1a7 Downloading 403.7MB
    node-gitlab:  593a7107a1a7 Downloading 404.8MB
    node-gitlab:  593a7107a1a7 Downloading 406.8MB
    node-gitlab:  593a7107a1a7 Downloading 407.9MB
    node-gitlab:  593a7107a1a7 Downloading 408.9MB
    node-gitlab:  593a7107a1a7 Downloading 411MB
    node-gitlab:  593a7107a1a7 Downloading 412.1MB
    node-gitlab:  593a7107a1a7 Downloading 413.1MB
    node-gitlab:  593a7107a1a7 Downloading 414.2MB
    node-gitlab:  593a7107a1a7 Downloading 415.2MB
    node-gitlab:  593a7107a1a7 Downloading 417MB
    node-gitlab:  593a7107a1a7 Downloading 418.4MB
    node-gitlab:  593a7107a1a7 Downloading 419.4MB
    node-gitlab:  593a7107a1a7 Downloading 420.5MB
    node-gitlab:  593a7107a1a7 Downloading 422.6MB
    node-gitlab:  593a7107a1a7 Downloading 423.6MB
    node-gitlab:  593a7107a1a7 Downloading 424.7MB
    node-gitlab:  593a7107a1a7 Downloading 425.7MB
    node-gitlab:  593a7107a1a7 Downloading 427.8MB
    node-gitlab:  593a7107a1a7 Downloading 428.9MB
    node-gitlab:  593a7107a1a7 Downloading 429.9MB
    node-gitlab:  593a7107a1a7 Downloading 431MB
    node-gitlab:  593a7107a1a7 Downloading 432MB
    node-gitlab:  593a7107a1a7 Downloading 433.1MB
    node-gitlab:  593a7107a1a7 Downloading 434.9MB
    node-gitlab:  593a7107a1a7 Downloading 436.2MB
    node-gitlab:  593a7107a1a7 Downloading 437.3MB
    node-gitlab:  593a7107a1a7 Downloading 438.3MB
    node-gitlab:  593a7107a1a7 Downloading 439.4MB
    node-gitlab:  593a7107a1a7 Downloading 441.5MB
    node-gitlab:  593a7107a1a7 Downloading 442.5MB
    node-gitlab:  593a7107a1a7 Downloading 443.5MB
    node-gitlab:  593a7107a1a7 Downloading 445.5MB
    node-gitlab:  593a7107a1a7 Downloading 446.7MB
    node-gitlab:  593a7107a1a7 Downloading 447.7MB
    node-gitlab:  593a7107a1a7 Downloading 448.8MB
    node-gitlab:  593a7107a1a7 Downloading 448.8MB
    node-gitlab:  593a7107a1a7 Downloading 449.8MB
    node-gitlab:  593a7107a1a7 Downloading 450.5MB
    node-gitlab:  593a7107a1a7 Downloading 450.9MB
    node-gitlab:  593a7107a1a7 Downloading 451.9MB
    node-gitlab:  593a7107a1a7 Downloading 451.9MB
    node-gitlab:  593a7107a1a7 Downloading 453MB
    node-gitlab:  593a7107a1a7 Downloading 454MB
    node-gitlab:  593a7107a1a7 Downloading 455.1MB
    node-gitlab:  593a7107a1a7 Downloading 456.1MB
    node-gitlab:  593a7107a1a7 Downloading 457.2MB
    node-gitlab:  593a7107a1a7 Downloading 458.2MB
    node-gitlab:  593a7107a1a7 Downloading 459.3MB
    node-gitlab:  593a7107a1a7 Downloading 459.3MB
    node-gitlab:  593a7107a1a7 Downloading 460.3MB
    node-gitlab:  593a7107a1a7 Downloading 461.4MB
    node-gitlab:  593a7107a1a7 Downloading 462.4MB
    node-gitlab:  593a7107a1a7 Downloading 463.3MB
    node-gitlab:  593a7107a1a7 Downloading 464.5MB
    node-gitlab:  593a7107a1a7 Downloading 464.5MB
    node-gitlab:  593a7107a1a7 Downloading 465.6MB
    node-gitlab:  593a7107a1a7 Downloading 466.6MB
    node-gitlab:  593a7107a1a7 Downloading 467.4MB
    node-gitlab:  593a7107a1a7 Downloading 467.7MB
    node-gitlab:  593a7107a1a7 Downloading 469.8MB
    node-gitlab:  593a7107a1a7 Downloading 471.9MB
    node-gitlab:  593a7107a1a7 Downloading 472.9MB
    node-gitlab:  593a7107a1a7 Downloading 474MB
    node-gitlab:  593a7107a1a7 Downloading 476.1MB
    node-gitlab:  593a7107a1a7 Downloading 477.1MB
    node-gitlab:  593a7107a1a7 Downloading 478.2MB
    node-gitlab:  593a7107a1a7 Downloading 479.6MB
    node-gitlab:  593a7107a1a7 Downloading 481.3MB
    node-gitlab:  593a7107a1a7 Downloading 482.3MB
    node-gitlab:  593a7107a1a7 Downloading 483.4MB
    node-gitlab:  593a7107a1a7 Downloading 485.5MB
    node-gitlab:  593a7107a1a7 Downloading 486.5MB
    node-gitlab:  593a7107a1a7 Downloading 487.6MB
    node-gitlab:  593a7107a1a7 Downloading 489.7MB
    node-gitlab:  593a7107a1a7 Downloading 490.5MB
    node-gitlab:  593a7107a1a7 Downloading 491.8MB
    node-gitlab:  593a7107a1a7 Downloading 492.8MB
    node-gitlab:  593a7107a1a7 Downloading 493.9MB
    node-gitlab:  593a7107a1a7 Downloading 496MB
    node-gitlab:  593a7107a1a7 Downloading 497MB
    node-gitlab:  593a7107a1a7 Downloading 498.1MB
    node-gitlab:  593a7107a1a7 Downloading 499.1MB
    node-gitlab:  593a7107a1a7 Downloading 501.2MB
    node-gitlab:  593a7107a1a7 Downloading 502.3MB
    node-gitlab:  593a7107a1a7 Downloading 503.3MB
    node-gitlab:  593a7107a1a7 Downloading 505.3MB
    node-gitlab:  593a7107a1a7 Downloading 506.5MB
    node-gitlab:  593a7107a1a7 Downloading 507.5MB
    node-gitlab:  593a7107a1a7 Downloading 508.6MB
    node-gitlab:  593a7107a1a7 Downloading 510.7MB
    node-gitlab:  593a7107a1a7 Downloading 510.7MB
    node-gitlab:  593a7107a1a7 Downloading 512.8MB
    node-gitlab:  593a7107a1a7 Downloading 513.8MB
    node-gitlab:  593a7107a1a7 Downloading 514.9MB
    node-gitlab:  593a7107a1a7 Downloading 516.9MB
    node-gitlab:  593a7107a1a7 Downloading 518MB
    node-gitlab:  593a7107a1a7 Downloading 519MB
    node-gitlab:  593a7107a1a7 Downloading 520.1MB
    node-gitlab:  593a7107a1a7 Downloading 522.2MB
    node-gitlab:  593a7107a1a7 Downloading 523.2MB
    node-gitlab:  593a7107a1a7 Downloading 524.3MB
    node-gitlab:  593a7107a1a7 Downloading 526.4MB
    node-gitlab:  593a7107a1a7 Downloading 527.4MB
    node-gitlab:  593a7107a1a7 Downloading 528.5MB
    node-gitlab:  593a7107a1a7 Downloading 529.5MB
    node-gitlab:  593a7107a1a7 Downloading 531.6MB
    node-gitlab:  593a7107a1a7 Downloading 532.7MB
    node-gitlab:  593a7107a1a7 Downloading 533.7MB
    node-gitlab:  593a7107a1a7 Downloading 535.8MB
    node-gitlab:  593a7107a1a7 Downloading 536.8MB
    node-gitlab:  593a7107a1a7 Downloading 537.9MB
    node-gitlab:  593a7107a1a7 Downloading 539MB
    node-gitlab:  593a7107a1a7 Downloading 540MB
    node-gitlab:  593a7107a1a7 Downloading 542.1MB
    node-gitlab:  593a7107a1a7 Downloading 543.2MB
    node-gitlab:  593a7107a1a7 Downloading 544.2MB
    node-gitlab:  593a7107a1a7 Downloading 546.3MB
    node-gitlab:  593a7107a1a7 Downloading 547.4MB
    node-gitlab:  593a7107a1a7 Downloading 548.4MB
    node-gitlab:  593a7107a1a7 Downloading 549.5MB
    node-gitlab:  593a7107a1a7 Downloading 551.6MB
    node-gitlab:  593a7107a1a7 Downloading 552.6MB
    node-gitlab:  593a7107a1a7 Downloading 553.6MB
    node-gitlab:  593a7107a1a7 Downloading 554.7MB
    node-gitlab:  593a7107a1a7 Downloading 555.7MB
    node-gitlab:  593a7107a1a7 Downloading 556.8MB
    node-gitlab:  593a7107a1a7 Downloading 558.7MB
    node-gitlab:  593a7107a1a7 Downloading 559.8MB
    node-gitlab:  593a7107a1a7 Downloading 561MB
    node-gitlab:  593a7107a1a7 Downloading 562MB
    node-gitlab:  593a7107a1a7 Downloading 564.1MB
    node-gitlab:  593a7107a1a7 Downloading 565.2MB
    node-gitlab:  593a7107a1a7 Downloading 566.2MB
    node-gitlab:  593a7107a1a7 Downloading 568MB
    node-gitlab:  593a7107a1a7 Downloading 569.4MB
    node-gitlab:  593a7107a1a7 Downloading 570.4MB
    node-gitlab:  593a7107a1a7 Downloading 572MB
    node-gitlab:  593a7107a1a7 Downloading 573.6MB
    node-gitlab:  593a7107a1a7 Downloading 574.6MB
    node-gitlab:  593a7107a1a7 Downloading 575.7MB
    node-gitlab:  593a7107a1a7 Downloading 577.8MB
    node-gitlab:  593a7107a1a7 Downloading 578.8MB
    node-gitlab:  593a7107a1a7 Downloading 579.9MB
    node-gitlab:  593a7107a1a7 Downloading 580.9MB
    node-gitlab:  593a7107a1a7 Downloading 582MB
    node-gitlab:  593a7107a1a7 Downloading 584.1MB
    node-gitlab:  593a7107a1a7 Downloading 585.1MB
    node-gitlab:  593a7107a1a7 Downloading 586.2MB
    node-gitlab:  593a7107a1a7 Downloading 587.2MB
    node-gitlab:  593a7107a1a7 Downloading 588.8MB
    node-gitlab:  593a7107a1a7 Downloading 590MB
    node-gitlab:  593a7107a1a7 Downloading 591.4MB
    node-gitlab:  593a7107a1a7 Downloading 592.4MB
    node-gitlab:  593a7107a1a7 Downloading 594.4MB
    node-gitlab:  593a7107a1a7 Downloading 595.6MB
    node-gitlab:  593a7107a1a7 Downloading 596.6MB
    node-gitlab:  593a7107a1a7 Downloading 597.7MB
    node-gitlab:  593a7107a1a7 Downloading 599.8MB
    node-gitlab:  593a7107a1a7 Downloading 600.8MB
    node-gitlab:  593a7107a1a7 Downloading 601.9MB
    node-gitlab:  593a7107a1a7 Downloading 602.9MB
    node-gitlab:  593a7107a1a7 Downloading 605MB
    node-gitlab:  593a7107a1a7 Downloading 606.1MB
    node-gitlab:  593a7107a1a7 Downloading 607.1MB
    node-gitlab:  593a7107a1a7 Downloading 608.2MB
    node-gitlab:  593a7107a1a7 Downloading 610.3MB
    node-gitlab:  593a7107a1a7 Downloading 611.3MB
    node-gitlab:  593a7107a1a7 Downloading 612.4MB
    node-gitlab:  593a7107a1a7 Downloading 613.4MB
    node-gitlab:  593a7107a1a7 Downloading 615.5MB
    node-gitlab:  593a7107a1a7 Downloading 616.6MB
    node-gitlab:  593a7107a1a7 Downloading 617.6MB
    node-gitlab:  593a7107a1a7 Downloading 618.7MB
    node-gitlab:  593a7107a1a7 Downloading 619.7MB
    node-gitlab:  593a7107a1a7 Downloading 620.8MB
    node-gitlab:  593a7107a1a7 Downloading 621.8MB
    node-gitlab:  593a7107a1a7 Downloading 623.9MB
    node-gitlab:  593a7107a1a7 Downloading 625MB
    node-gitlab:  593a7107a1a7 Downloading 626MB
    node-gitlab:  593a7107a1a7 Downloading 627.9MB
    node-gitlab:  593a7107a1a7 Downloading 629.1MB
    node-gitlab:  593a7107a1a7 Downloading 630.2MB
    node-gitlab:  593a7107a1a7 Downloading 631.2MB
    node-gitlab:  593a7107a1a7 Downloading 633.3MB
    node-gitlab:  593a7107a1a7 Downloading 634.4MB
    node-gitlab:  593a7107a1a7 Downloading 635.4MB
    node-gitlab:  593a7107a1a7 Downloading 636.5MB
    node-gitlab:  593a7107a1a7 Downloading 637.5MB
    node-gitlab:  593a7107a1a7 Downloading 639.6MB
    node-gitlab:  593a7107a1a7 Downloading 640.7MB
    node-gitlab:  593a7107a1a7 Downloading 641.7MB
    node-gitlab:  593a7107a1a7 Downloading 642.8MB
    node-gitlab:  593a7107a1a7 Downloading 644.7MB
    node-gitlab:  593a7107a1a7 Downloading 645.9MB
    node-gitlab:  593a7107a1a7 Downloading 647MB
    node-gitlab:  593a7107a1a7 Downloading 648.7MB
    node-gitlab:  593a7107a1a7 Downloading 650.1MB
    node-gitlab:  593a7107a1a7 Downloading 651.2MB
    node-gitlab:  593a7107a1a7 Downloading 652.2MB
    node-gitlab:  593a7107a1a7 Downloading 654.2MB
    node-gitlab:  593a7107a1a7 Downloading 655.4MB
    node-gitlab:  593a7107a1a7 Downloading 656.4MB
    node-gitlab:  593a7107a1a7 Downloading 657.5MB
    node-gitlab:  593a7107a1a7 Downloading 659.6MB
    node-gitlab:  593a7107a1a7 Downloading 659.6MB
    node-gitlab:  593a7107a1a7 Downloading 661.7MB
    node-gitlab:  593a7107a1a7 Downloading 662.7MB
    node-gitlab:  593a7107a1a7 Downloading 663.7MB
    node-gitlab:  593a7107a1a7 Downloading 664.8MB
    node-gitlab:  593a7107a1a7 Downloading 665.8MB
    node-gitlab:  593a7107a1a7 Downloading 666.9MB
    node-gitlab:  593a7107a1a7 Downloading 667.9MB
    node-gitlab:  593a7107a1a7 Downloading 670MB
    node-gitlab:  593a7107a1a7 Downloading 671.1MB
    node-gitlab:  593a7107a1a7 Downloading 672.1MB
    node-gitlab:  593a7107a1a7 Downloading 674MB
    node-gitlab:  593a7107a1a7 Downloading 675.3MB
    node-gitlab:  593a7107a1a7 Downloading 676.3MB
    node-gitlab:  593a7107a1a7 Downloading 677.4MB
    node-gitlab:  593a7107a1a7 Downloading 679.5MB
    node-gitlab:  593a7107a1a7 Downloading 680.5MB
    node-gitlab:  593a7107a1a7 Downloading 681.6MB
    node-gitlab:  593a7107a1a7 Downloading 682.6MB
    node-gitlab:  593a7107a1a7 Downloading 684.7MB
    node-gitlab:  593a7107a1a7 Downloading 685.8MB
    node-gitlab:  593a7107a1a7 Downloading 686.8MB
    node-gitlab:  593a7107a1a7 Downloading 687.9MB
    node-gitlab:  593a7107a1a7 Downloading 688.9MB
    node-gitlab:  593a7107a1a7 Downloading 691MB
    node-gitlab:  593a7107a1a7 Downloading 692.1MB
    node-gitlab:  593a7107a1a7 Downloading 693.1MB
    node-gitlab:  593a7107a1a7 Downloading 694.2MB
    node-gitlab:  593a7107a1a7 Downloading 695.2MB
    node-gitlab:  593a7107a1a7 Downloading 697.3MB
    node-gitlab:  593a7107a1a7 Downloading 698.4MB
    node-gitlab:  593a7107a1a7 Downloading 699.4MB
    node-gitlab:  593a7107a1a7 Downloading 701.2MB
    node-gitlab:  593a7107a1a7 Downloading 702.3MB
    node-gitlab:  593a7107a1a7 Downloading 703.6MB
    node-gitlab:  593a7107a1a7 Downloading 704.6MB
    node-gitlab:  593a7107a1a7 Downloading 706.1MB
    node-gitlab:  593a7107a1a7 Downloading 707.8MB
    node-gitlab:  593a7107a1a7 Downloading 708.8MB
    node-gitlab:  593a7107a1a7 Downloading 709.9MB
    node-gitlab:  593a7107a1a7 Downloading 711MB
    node-gitlab:  593a7107a1a7 Downloading 713MB
    node-gitlab:  593a7107a1a7 Downloading 714.1MB
    node-gitlab:  593a7107a1a7 Downloading 715.1MB
    node-gitlab:  593a7107a1a7 Downloading 717MB
    node-gitlab:  593a7107a1a7 Downloading 718.3MB
    node-gitlab:  593a7107a1a7 Downloading 719.3MB
    node-gitlab:  593a7107a1a7 Downloading 720.4MB
    node-gitlab:  593a7107a1a7 Downloading 722.5MB
    node-gitlab:  593a7107a1a7 Downloading 723.5MB
    node-gitlab:  593a7107a1a7 Downloading 724.6MB
    node-gitlab:  593a7107a1a7 Downloading 725.6MB
    node-gitlab:  593a7107a1a7 Downloading 726.7MB
    node-gitlab:  593a7107a1a7 Downloading 728.8MB
    node-gitlab:  593a7107a1a7 Downloading 729.8MB
    node-gitlab:  593a7107a1a7 Downloading 730.9MB
    node-gitlab:  593a7107a1a7 Downloading 731.9MB
    node-gitlab:  593a7107a1a7 Downloading 733MB
    node-gitlab:  593a7107a1a7 Downloading 735.1MB
    node-gitlab:  593a7107a1a7 Downloading 736.1MB
    node-gitlab:  593a7107a1a7 Downloading 737.1MB
    node-gitlab:  593a7107a1a7 Downloading 738.2MB
    node-gitlab:  593a7107a1a7 Downloading 740.3MB
    node-gitlab:  593a7107a1a7 Downloading 741.3MB
    node-gitlab:  593a7107a1a7 Downloading 742.4MB
    node-gitlab:  593a7107a1a7 Downloading 744.2MB
    node-gitlab:  593a7107a1a7 Downloading 745.5MB
    node-gitlab:  593a7107a1a7 Downloading 746.6MB
    node-gitlab:  593a7107a1a7 Downloading 747.6MB
    node-gitlab:  593a7107a1a7 Downloading 749.7MB
    node-gitlab:  593a7107a1a7 Downloading 750.8MB
    node-gitlab:  593a7107a1a7 Downloading 751.8MB
    node-gitlab:  593a7107a1a7 Downloading 752.9MB
    node-gitlab:  593a7107a1a7 Downloading 755MB
    node-gitlab:  593a7107a1a7 Downloading 756MB
    node-gitlab:  593a7107a1a7 Downloading 757.1MB
    node-gitlab:  593a7107a1a7 Downloading 758.1MB
    node-gitlab:  593a7107a1a7 Downloading 760.2MB
    node-gitlab:  593a7107a1a7 Downloading 761.3MB
    node-gitlab:  593a7107a1a7 Downloading 762.3MB
    node-gitlab:  593a7107a1a7 Downloading 763.4MB
    node-gitlab:  593a7107a1a7 Downloading 765.5MB
    node-gitlab:  593a7107a1a7 Downloading 766.5MB
    node-gitlab:  593a7107a1a7 Downloading 767.6MB
    node-gitlab:  593a7107a1a7 Downloading 768.6MB
    node-gitlab:  593a7107a1a7 Downloading 770.3MB
    node-gitlab:  593a7107a1a7 Downloading 771.8MB
    node-gitlab:  593a7107a1a7 Downloading 772.8MB
    node-gitlab:  593a7107a1a7 Downloading 773.8MB
    node-gitlab:  593a7107a1a7 Downloading 775.9MB
    node-gitlab:  593a7107a1a7 Downloading 777MB
    node-gitlab:  593a7107a1a7 Downloading 778MB
    node-gitlab:  593a7107a1a7 Downloading 780.1MB
    node-gitlab:  593a7107a1a7 Downloading 781.2MB
    node-gitlab:  593a7107a1a7 Downloading 782.2MB
    node-gitlab:  593a7107a1a7 Downloading 784.1MB
    node-gitlab:  593a7107a1a7 Downloading 785.4MB
    node-gitlab:  593a7107a1a7 Downloading 785.7MB
    node-gitlab:  593a7107a1a7 Downloading 787.5MB
    node-gitlab:  593a7107a1a7 Downloading 788.5MB
    node-gitlab:  593a7107a1a7 Downloading 789.6MB
    node-gitlab:  593a7107a1a7 Downloading 791.7MB
    node-gitlab:  593a7107a1a7 Downloading 792.7MB
    node-gitlab:  593a7107a1a7 Downloading 793.8MB
    node-gitlab:  593a7107a1a7 Downloading 794.8MB
    node-gitlab:  593a7107a1a7 Downloading 796.9MB
    node-gitlab:  593a7107a1a7 Downloading 798MB
    node-gitlab:  593a7107a1a7 Downloading 799MB
    node-gitlab:  593a7107a1a7 Downloading 800.1MB
    node-gitlab:  593a7107a1a7 Downloading 801.1MB
    node-gitlab:  593a7107a1a7 Downloading 803.2MB
    node-gitlab:  593a7107a1a7 Downloading 804.3MB
    node-gitlab:  593a7107a1a7 Downloading 805.3MB
    node-gitlab:  593a7107a1a7 Downloading 806.4MB
    node-gitlab:  593a7107a1a7 Downloading 808.4MB
    node-gitlab:  593a7107a1a7 Downloading 809.5MB
    node-gitlab:  593a7107a1a7 Downloading 810.5MB
    node-gitlab:  593a7107a1a7 Downloading 811.6MB
    node-gitlab:  593a7107a1a7 Downloading 813.7MB
    node-gitlab:  593a7107a1a7 Downloading 814.7MB
    node-gitlab:  593a7107a1a7 Downloading 815.8MB
    node-gitlab:  593a7107a1a7 Downloading 816.8MB
    node-gitlab:  593a7107a1a7 Downloading 818.8MB
    node-gitlab:  593a7107a1a7 Downloading 820MB
    node-gitlab:  593a7107a1a7 Downloading 821MB
    node-gitlab:  593a7107a1a7 Downloading 822.1MB
    node-gitlab:  593a7107a1a7 Downloading 823.1MB
    node-gitlab:  593a7107a1a7 Downloading 825.2MB
    node-gitlab:  593a7107a1a7 Downloading 826.3MB
    node-gitlab:  593a7107a1a7 Downloading 827.3MB
    node-gitlab:  593a7107a1a7 Downloading 828.4MB
    node-gitlab:  593a7107a1a7 Downloading 829.4MB
    node-gitlab:  593a7107a1a7 Downloading 830.5MB
    node-gitlab:  593a7107a1a7 Downloading 831.5MB
    node-gitlab:  593a7107a1a7 Downloading 833.6MB
    node-gitlab:  593a7107a1a7 Downloading 834.7MB
    node-gitlab:  593a7107a1a7 Downloading 835.7MB
    node-gitlab:  593a7107a1a7 Downloading 837.8MB
    node-gitlab:  593a7107a1a7 Downloading 838.9MB
    node-gitlab:  593a7107a1a7 Downloading 839.9MB
    node-gitlab:  593a7107a1a7 Downloading 841MB
    node-gitlab:  593a7107a1a7 Downloading 842MB
    node-gitlab:  593a7107a1a7 Downloading 844.1MB
    node-gitlab:  593a7107a1a7 Downloading 845.2MB
    node-gitlab:  593a7107a1a7 Downloading 846.2MB
    node-gitlab:  593a7107a1a7 Downloading 847.4MB
    node-gitlab:  593a7107a1a7 Downloading 849.3MB
    node-gitlab:  593a7107a1a7 Downloading 850.4MB
    node-gitlab:  593a7107a1a7 Downloading 851.4MB
    node-gitlab:  593a7107a1a7 Downloading 852.5MB
    node-gitlab:  593a7107a1a7 Downloading 854.6MB
    node-gitlab:  593a7107a1a7 Downloading 855.6MB
    node-gitlab:  593a7107a1a7 Downloading 856.7MB
    node-gitlab:  593a7107a1a7 Downloading 857.7MB
    node-gitlab:  593a7107a1a7 Downloading 859.8MB
    node-gitlab:  593a7107a1a7 Downloading 860.9MB
    node-gitlab:  593a7107a1a7 Downloading 861.9MB
    node-gitlab:  593a7107a1a7 Downloading 864MB
    node-gitlab:  593a7107a1a7 Downloading 865.1MB
    node-gitlab:  593a7107a1a7 Downloading 866.1MB
    node-gitlab:  593a7107a1a7 Downloading 866.1MB
    node-gitlab:  593a7107a1a7 Downloading 867.2MB
    node-gitlab:  593a7107a1a7 Downloading 869.3MB
    node-gitlab:  593a7107a1a7 Downloading 870.3MB
    node-gitlab:  593a7107a1a7 Downloading 871.4MB
    node-gitlab:  593a7107a1a7 Downloading 873.5MB
    node-gitlab:  593a7107a1a7 Downloading 874.5MB
    node-gitlab:  593a7107a1a7 Downloading 875.6MB
    node-gitlab:  593a7107a1a7 Downloading 877.7MB
    node-gitlab:  593a7107a1a7 Downloading 878.7MB
    node-gitlab:  593a7107a1a7 Downloading 879.8MB
    node-gitlab:  593a7107a1a7 Downloading 880.8MB
    node-gitlab:  593a7107a1a7 Downloading 882.9MB
    node-gitlab:  593a7107a1a7 Downloading 883.9MB
    node-gitlab:  593a7107a1a7 Downloading 885MB
    node-gitlab:  593a7107a1a7 Downloading 887.1MB
    node-gitlab:  593a7107a1a7 Downloading 888.1MB
    node-gitlab:  593a7107a1a7 Downloading 889.2MB
    node-gitlab:  593a7107a1a7 Downloading 890.2MB
    node-gitlab:  593a7107a1a7 Downloading 891.3MB
    node-gitlab:  593a7107a1a7 Downloading 893.4MB
    node-gitlab:  593a7107a1a7 Downloading 894.4MB
    node-gitlab:  593a7107a1a7 Downloading 895.5MB
    node-gitlab:  593a7107a1a7 Downloading 896.5MB
    node-gitlab:  593a7107a1a7 Downloading 898.6MB
    node-gitlab:  593a7107a1a7 Downloading 899.7MB
    node-gitlab:  593a7107a1a7 Downloading 900.7MB
    node-gitlab:  593a7107a1a7 Downloading 901.8MB
    node-gitlab:  593a7107a1a7 Downloading 903.9MB
    node-gitlab:  593a7107a1a7 Downloading 904.9MB
    node-gitlab:  593a7107a1a7 Downloading 904.9MB
    node-gitlab:  593a7107a1a7 Downloading 906MB
    node-gitlab:  593a7107a1a7 Downloading 907MB
    node-gitlab:  593a7107a1a7 Downloading 908.1MB
    node-gitlab:  593a7107a1a7 Downloading 909.1MB
    node-gitlab:  593a7107a1a7 Downloading 910.2MB
    node-gitlab:  593a7107a1a7 Downloading 910.2MB
    node-gitlab:  593a7107a1a7 Downloading 911.7MB
    node-gitlab:  593a7107a1a7 Downloading 913.3MB
    node-gitlab:  593a7107a1a7 Downloading 914MB
    node-gitlab:  593a7107a1a7 Downloading 914.4MB
    node-gitlab:  593a7107a1a7 Downloading 915.4MB
    node-gitlab:  593a7107a1a7 Downloading 916.5MB
    node-gitlab:  593a7107a1a7 Downloading 917.5MB
    node-gitlab:  593a7107a1a7 Downloading 918.6MB
    node-gitlab:  593a7107a1a7 Downloading 919.6MB
    node-gitlab:  593a7107a1a7 Downloading 919.6MB
    node-gitlab:  593a7107a1a7 Downloading 921.5MB
    node-gitlab:  593a7107a1a7 Downloading 921.7MB
    node-gitlab:  593a7107a1a7 Downloading 922.7MB
    node-gitlab:  593a7107a1a7 Downloading 922.7MB
    node-gitlab:  593a7107a1a7 Downloading 924.8MB
    node-gitlab:  593a7107a1a7 Downloading 926.8MB
    node-gitlab:  593a7107a1a7 Downloading 928MB
    node-gitlab:  593a7107a1a7 Downloading 929MB
    node-gitlab:  593a7107a1a7 Downloading 930.1MB
    node-gitlab:  593a7107a1a7 Downloading 931.1MB
    node-gitlab:  593a7107a1a7 Downloading 933.2MB
    node-gitlab:  593a7107a1a7 Downloading 934.3MB
    node-gitlab:  593a7107a1a7 Downloading 935.3MB
    node-gitlab:  593a7107a1a7 Downloading 936.4MB
    node-gitlab:  593a7107a1a7 Downloading 938.5MB
    node-gitlab:  593a7107a1a7 Downloading 939MB
    node-gitlab:  593a7107a1a7 Downloading 940.6MB
    node-gitlab:  593a7107a1a7 Downloading 941.6MB
    node-gitlab:  593a7107a1a7 Downloading 943.7MB
    node-gitlab:  593a7107a1a7 Downloading 944.5MB
    node-gitlab:  593a7107a1a7 Downloading 945.8MB
    node-gitlab:  593a7107a1a7 Downloading 946.9MB
    node-gitlab:  593a7107a1a7 Downloading 947.9MB
    node-gitlab:  593a7107a1a7 Downloading 949.8MB
    node-gitlab:  593a7107a1a7 Downloading 951.1MB
    node-gitlab:  593a7107a1a7 Downloading 952.1MB
    node-gitlab:  593a7107a1a7 Downloading 953.2MB
    node-gitlab:  593a7107a1a7 Downloading 954.9MB
    node-gitlab:  593a7107a1a7 Downloading 956.3MB
    node-gitlab:  593a7107a1a7 Downloading 957.3MB
    node-gitlab:  593a7107a1a7 Downloading 958.4MB
    node-gitlab:  593a7107a1a7 Downloading 960.4MB
    node-gitlab:  593a7107a1a7 Downloading 961.5MB
    node-gitlab:  593a7107a1a7 Downloading 962.6MB
    node-gitlab:  593a7107a1a7 Downloading 963.6MB
    node-gitlab:  593a7107a1a7 Downloading 964.7MB
    node-gitlab:  593a7107a1a7 Downloading 966.6MB
    node-gitlab:  593a7107a1a7 Downloading 967.8MB
    node-gitlab:  593a7107a1a7 Downloading 968.9MB
    node-gitlab:  593a7107a1a7 Downloading 969.9MB
    node-gitlab:  593a7107a1a7 Downloading 972MB
    node-gitlab:  593a7107a1a7 Downloading 973.1MB
    node-gitlab:  593a7107a1a7 Downloading 974.1MB
    node-gitlab:  593a7107a1a7 Downloading 975.2MB
    node-gitlab:  593a7107a1a7 Downloading 977.3MB
    node-gitlab:  593a7107a1a7 Downloading 978.3MB
    node-gitlab:  593a7107a1a7 Downloading 979.4MB
    node-gitlab:  593a7107a1a7 Downloading 980.4MB
    node-gitlab:  593a7107a1a7 Downloading 981.5MB
    node-gitlab:  593a7107a1a7 Downloading 983.6MB
    node-gitlab:  593a7107a1a7 Downloading 984.6MB
    node-gitlab:  593a7107a1a7 Downloading 985.7MB
    node-gitlab:  593a7107a1a7 Downloading 987.7MB
    node-gitlab:  593a7107a1a7 Downloading 988.8MB
    node-gitlab:  593a7107a1a7 Downloading 989.9MB
    node-gitlab:  593a7107a1a7 Downloading 990.9MB
    node-gitlab:  593a7107a1a7 Downloading 992.7MB
    node-gitlab:  593a7107a1a7 Downloading 994.1MB
    node-gitlab:  593a7107a1a7 Downloading 995.1MB
    node-gitlab:  593a7107a1a7 Downloading 996.1MB
    node-gitlab:  593a7107a1a7 Downloading 997.7MB
    node-gitlab:  593a7107a1a7 Downloading 999.3MB
    node-gitlab:  593a7107a1a7 Downloading 1GB
    node-gitlab:  593a7107a1a7 Downloading 1.001GB
    node-gitlab:  593a7107a1a7 Downloading 1.003GB
    node-gitlab:  593a7107a1a7 Downloading 1.005GB
    node-gitlab:  593a7107a1a7 Downloading 1.006GB
    node-gitlab:  593a7107a1a7 Downloading 1.008GB
    node-gitlab:  593a7107a1a7 Downloading 1.009GB
    node-gitlab:  593a7107a1a7 Downloading 1.01GB
    node-gitlab:  593a7107a1a7 Downloading 1.011GB
    node-gitlab:  593a7107a1a7 Downloading 1.013GB
    node-gitlab:  593a7107a1a7 Downloading 1.014GB
    node-gitlab:  593a7107a1a7 Downloading 1.015GB
    node-gitlab:  593a7107a1a7 Downloading 1.016GB
    node-gitlab:  593a7107a1a7 Downloading 1.018GB
    node-gitlab:  593a7107a1a7 Downloading 1.019GB
    node-gitlab:  593a7107a1a7 Downloading 1.02GB
    node-gitlab:  593a7107a1a7 Downloading 1.022GB
    node-gitlab:  593a7107a1a7 Downloading 1.023GB
    node-gitlab:  593a7107a1a7 Downloading 1.026GB
    node-gitlab:  593a7107a1a7 Downloading 1.027GB
    node-gitlab:  593a7107a1a7 Downloading 1.028GB
    node-gitlab:  593a7107a1a7 Downloading 1.03GB
    node-gitlab:  593a7107a1a7 Downloading 1.031GB
    node-gitlab:  593a7107a1a7 Downloading 1.032GB
    node-gitlab:  593a7107a1a7 Downloading 1.033GB
    node-gitlab:  593a7107a1a7 Downloading 1.035GB
    node-gitlab:  593a7107a1a7 Downloading 1.036GB
    node-gitlab:  593a7107a1a7 Downloading 1.037GB
    node-gitlab:  593a7107a1a7 Downloading 1.038GB
    node-gitlab:  593a7107a1a7 Downloading 1.039GB
    node-gitlab:  593a7107a1a7 Downloading 1.039GB
    node-gitlab:  593a7107a1a7 Downloading 1.041GB
    node-gitlab:  593a7107a1a7 Downloading 1.042GB
    node-gitlab:  593a7107a1a7 Downloading 1.043GB
    node-gitlab:  593a7107a1a7 Downloading 1.044GB
    node-gitlab:  593a7107a1a7 Downloading 1.045GB
    node-gitlab:  593a7107a1a7 Downloading 1.046GB
    node-gitlab:  593a7107a1a7 Downloading 1.048GB
    node-gitlab:  593a7107a1a7 Downloading 1.049GB
    node-gitlab:  593a7107a1a7 Downloading 1.05GB
    node-gitlab:  593a7107a1a7 Downloading 1.051GB
    node-gitlab:  593a7107a1a7 Downloading 1.052GB
    node-gitlab:  593a7107a1a7 Downloading 1.053GB
    node-gitlab:  593a7107a1a7 Downloading 1.053GB
    node-gitlab:  593a7107a1a7 Downloading 1.055GB
    node-gitlab:  593a7107a1a7 Downloading 1.056GB
    node-gitlab:  593a7107a1a7 Downloading 1.057GB
    node-gitlab:  593a7107a1a7 Downloading 1.058GB
    node-gitlab:  593a7107a1a7 Downloading 1.059GB
    node-gitlab:  593a7107a1a7 Downloading 1.06GB
    node-gitlab:  593a7107a1a7 Downloading 1.061GB
    node-gitlab:  593a7107a1a7 Downloading 1.063GB
    node-gitlab:  593a7107a1a7 Downloading 1.063GB
    node-gitlab:  593a7107a1a7 Downloading 1.065GB
    node-gitlab:  593a7107a1a7 Downloading 1.066GB
    node-gitlab:  593a7107a1a7 Downloading 1.067GB
    node-gitlab:  593a7107a1a7 Downloading 1.068GB
    node-gitlab:  593a7107a1a7 Downloading 1.07GB
    node-gitlab:  593a7107a1a7 Downloading 1.071GB
    node-gitlab:  593a7107a1a7 Downloading 1.073GB
    node-gitlab:  593a7107a1a7 Downloading 1.073GB
    node-gitlab:  593a7107a1a7 Downloading 1.075GB
    node-gitlab:  593a7107a1a7 Downloading 1.076GB
    node-gitlab:  593a7107a1a7 Downloading 1.077GB
    node-gitlab:  593a7107a1a7 Downloading 1.078GB
    node-gitlab:  593a7107a1a7 Downloading 1.079GB
    node-gitlab:  593a7107a1a7 Downloading 1.08GB
    node-gitlab:  593a7107a1a7 Downloading 1.081GB
    node-gitlab:  593a7107a1a7 Downloading 1.083GB
    node-gitlab:  593a7107a1a7 Downloading 1.083GB
    node-gitlab:  593a7107a1a7 Downloading 1.085GB
    node-gitlab:  593a7107a1a7 Downloading 1.086GB
    node-gitlab:  593a7107a1a7 Downloading 1.087GB
    node-gitlab:  593a7107a1a7 Downloading 1.089GB
    node-gitlab:  593a7107a1a7 Downloading 1.09GB
    node-gitlab:  593a7107a1a7 Downloading 1.092GB
    node-gitlab:  593a7107a1a7 Downloading 1.093GB
    node-gitlab:  593a7107a1a7 Downloading 1.094GB
    node-gitlab:  593a7107a1a7 Downloading 1.095GB
    node-gitlab:  593a7107a1a7 Downloading 1.097GB
    node-gitlab:  593a7107a1a7 Downloading 1.098GB
    node-gitlab:  593a7107a1a7 Downloading 1.099GB
    node-gitlab:  593a7107a1a7 Downloading 1.101GB
    node-gitlab:  593a7107a1a7 Downloading 1.102GB
    node-gitlab:  593a7107a1a7 Downloading 1.103GB
    node-gitlab:  593a7107a1a7 Downloading 1.104GB
    node-gitlab:  593a7107a1a7 Downloading 1.105GB
    node-gitlab:  593a7107a1a7 Downloading 1.106GB
    node-gitlab:  593a7107a1a7 Downloading 1.108GB
    node-gitlab:  593a7107a1a7 Downloading 1.109GB
    node-gitlab:  593a7107a1a7 Downloading 1.111GB
    node-gitlab:  593a7107a1a7 Downloading 1.113GB
    node-gitlab:  593a7107a1a7 Downloading 1.114GB
    node-gitlab:  593a7107a1a7 Downloading 1.115GB
    node-gitlab:  593a7107a1a7 Downloading 1.116GB
    node-gitlab:  593a7107a1a7 Downloading 1.118GB
    node-gitlab:  593a7107a1a7 Downloading 1.119GB
    node-gitlab:  593a7107a1a7 Downloading 1.12GB
    node-gitlab:  593a7107a1a7 Downloading 1.121GB
    node-gitlab:  593a7107a1a7 Downloading 1.123GB
    node-gitlab:  593a7107a1a7 Downloading 1.124GB
    node-gitlab:  593a7107a1a7 Downloading 1.125GB
    node-gitlab:  593a7107a1a7 Downloading 1.127GB
    node-gitlab:  593a7107a1a7 Downloading 1.128GB
    node-gitlab:  593a7107a1a7 Downloading 1.129GB
    node-gitlab:  593a7107a1a7 Downloading 1.13GB
    node-gitlab:  593a7107a1a7 Downloading 1.132GB
    node-gitlab:  593a7107a1a7 Downloading 1.134GB
    node-gitlab:  593a7107a1a7 Downloading 1.135GB
    node-gitlab:  593a7107a1a7 Downloading 1.136GB
    node-gitlab:  593a7107a1a7 Downloading 1.138GB
    node-gitlab:  593a7107a1a7 Downloading 1.139GB
    node-gitlab:  593a7107a1a7 Downloading 1.14GB
    node-gitlab:  593a7107a1a7 Downloading 1.141GB
    node-gitlab:  593a7107a1a7 Downloading 1.143GB
    node-gitlab:  593a7107a1a7 Downloading 1.144GB
    node-gitlab:  593a7107a1a7 Downloading 1.145GB
    node-gitlab:  593a7107a1a7 Downloading 1.146GB
    node-gitlab:  593a7107a1a7 Downloading 1.147GB
    node-gitlab:  593a7107a1a7 Downloading 1.148GB
    node-gitlab:  593a7107a1a7 Downloading 1.15GB
    node-gitlab:  593a7107a1a7 Downloading 1.151GB
    node-gitlab:  593a7107a1a7 Downloading 1.152GB
    node-gitlab:  593a7107a1a7 Downloading 1.154GB
    node-gitlab:  593a7107a1a7 Downloading 1.156GB
    node-gitlab:  593a7107a1a7 Downloading 1.157GB
    node-gitlab:  593a7107a1a7 Downloading 1.158GB
    node-gitlab:  593a7107a1a7 Downloading 1.16GB
    node-gitlab:  593a7107a1a7 Downloading 1.161GB
    node-gitlab:  593a7107a1a7 Downloading 1.162GB
    node-gitlab:  593a7107a1a7 Downloading 1.163GB
    node-gitlab:  593a7107a1a7 Downloading 1.164GB
    node-gitlab:  593a7107a1a7 Downloading 1.166GB
    node-gitlab:  593a7107a1a7 Downloading 1.167GB
    node-gitlab:  593a7107a1a7 Downloading 1.168GB
    node-gitlab:  593a7107a1a7 Downloading 1.17GB
    node-gitlab:  593a7107a1a7 Downloading 1.171GB
    node-gitlab:  593a7107a1a7 Downloading 1.172GB
    node-gitlab:  593a7107a1a7 Downloading 1.173GB
    node-gitlab:  593a7107a1a7 Downloading 1.175GB
    node-gitlab:  593a7107a1a7 Downloading 1.177GB
    node-gitlab:  593a7107a1a7 Downloading 1.178GB
    node-gitlab:  593a7107a1a7 Downloading 1.179GB
    node-gitlab:  593a7107a1a7 Downloading 1.18GB
    node-gitlab:  593a7107a1a7 Downloading 1.182GB
    node-gitlab:  593a7107a1a7 Downloading 1.183GB
    node-gitlab:  593a7107a1a7 Downloading 1.184GB
    node-gitlab:  593a7107a1a7 Downloading 1.186GB
    node-gitlab:  593a7107a1a7 Downloading 1.187GB
    node-gitlab:  593a7107a1a7 Downloading 1.188GB
    node-gitlab:  593a7107a1a7 Downloading 1.189GB
    node-gitlab:  593a7107a1a7 Downloading 1.191GB
    node-gitlab:  593a7107a1a7 Downloading 1.192GB
    node-gitlab:  593a7107a1a7 Downloading 1.193GB
    node-gitlab:  593a7107a1a7 Downloading 1.194GB
    node-gitlab:  593a7107a1a7 Downloading 1.196GB
    node-gitlab:  593a7107a1a7 Downloading 1.197GB
    node-gitlab:  593a7107a1a7 Downloading 1.199GB
    node-gitlab:  593a7107a1a7 Downloading 1.201GB
    node-gitlab:  593a7107a1a7 Downloading 1.202GB
    node-gitlab:  593a7107a1a7 Downloading 1.203GB
    node-gitlab:  593a7107a1a7 Downloading 1.204GB
    node-gitlab:  593a7107a1a7 Downloading 1.206GB
    node-gitlab:  593a7107a1a7 Downloading 1.207GB
    node-gitlab:  593a7107a1a7 Downloading 1.208GB
    node-gitlab:  593a7107a1a7 Downloading 1.208GB
    node-gitlab:  593a7107a1a7 Downloading 1.208GB
    node-gitlab:  593a7107a1a7 Downloading 1.208GB
    node-gitlab:  593a7107a1a7 Downloading 1.208GB
    node-gitlab:  593a7107a1a7 Downloading 1.208GB
    node-gitlab:  593a7107a1a7 Downloading 1.208GB
    node-gitlab:  593a7107a1a7 Downloading 1.208GB
    node-gitlab:  593a7107a1a7 Downloading 1.208GB
    node-gitlab:  593a7107a1a7 Downloading 1.208GB
    node-gitlab:  593a7107a1a7 Downloading 1.208GB
    node-gitlab:  593a7107a1a7 Downloading 1.208GB
    node-gitlab:  593a7107a1a7 Downloading 1.208GB
    node-gitlab:  593a7107a1a7 Download complete 0B
    node-gitlab:  593a7107a1a7 Extracting 1B
    node-gitlab:  593a7107a1a7 Extracting 1B
    node-gitlab:  593a7107a1a7 Extracting 1B
    node-gitlab:  593a7107a1a7 Extracting 1B
    node-gitlab:  593a7107a1a7 Extracting 1B
    node-gitlab:  593a7107a1a7 Extracting 1B
    node-gitlab:  593a7107a1a7 Extracting 1B
    node-gitlab:  593a7107a1a7 Extracting 1B
    node-gitlab:  593a7107a1a7 Extracting 1B
    node-gitlab:  593a7107a1a7 Extracting 1B
    node-gitlab:  593a7107a1a7 Extracting 1B
    node-gitlab:  593a7107a1a7 Extracting 2B
    node-gitlab:  593a7107a1a7 Extracting 2B
    node-gitlab:  593a7107a1a7 Extracting 2B
    node-gitlab:  593a7107a1a7 Extracting 2B
    node-gitlab:  593a7107a1a7 Extracting 2B
    node-gitlab:  593a7107a1a7 Extracting 2B
    node-gitlab:  593a7107a1a7 Extracting 2B
    node-gitlab:  593a7107a1a7 Extracting 2B
    node-gitlab:  593a7107a1a7 Extracting 2B
    node-gitlab:  593a7107a1a7 Extracting 2B
    node-gitlab:  593a7107a1a7 Extracting 3B
    node-gitlab:  593a7107a1a7 Extracting 3B
    node-gitlab:  593a7107a1a7 Extracting 3B
    node-gitlab:  593a7107a1a7 Extracting 3B
    node-gitlab:  593a7107a1a7 Extracting 3B
    node-gitlab:  593a7107a1a7 Extracting 3B
    node-gitlab:  593a7107a1a7 Extracting 3B
    node-gitlab:  593a7107a1a7 Extracting 3B
    node-gitlab:  593a7107a1a7 Extracting 3B
    node-gitlab:  593a7107a1a7 Extracting 3B
    node-gitlab:  593a7107a1a7 Extracting 4B
    node-gitlab:  593a7107a1a7 Extracting 4B
    node-gitlab:  593a7107a1a7 Extracting 4B
    node-gitlab:  593a7107a1a7 Extracting 4B
    node-gitlab:  593a7107a1a7 Extracting 4B
    node-gitlab:  593a7107a1a7 Extracting 4B
    node-gitlab:  593a7107a1a7 Extracting 4B
    node-gitlab:  593a7107a1a7 Extracting 4B
    node-gitlab:  593a7107a1a7 Extracting 4B
    node-gitlab:  593a7107a1a7 Extracting 4B
    node-gitlab:  593a7107a1a7 Extracting 5B
    node-gitlab:  593a7107a1a7 Extracting 5B
    node-gitlab:  593a7107a1a7 Extracting 5B
    node-gitlab:  593a7107a1a7 Extracting 5B
    node-gitlab:  593a7107a1a7 Extracting 5B
    node-gitlab:  593a7107a1a7 Extracting 5B
    node-gitlab:  593a7107a1a7 Extracting 5B
    node-gitlab:  593a7107a1a7 Extracting 5B
    node-gitlab:  593a7107a1a7 Extracting 5B
    node-gitlab:  593a7107a1a7 Extracting 5B
    node-gitlab:  593a7107a1a7 Extracting 6B
    node-gitlab:  593a7107a1a7 Extracting 6B
    node-gitlab:  593a7107a1a7 Extracting 6B
    node-gitlab:  593a7107a1a7 Extracting 6B
    node-gitlab:  593a7107a1a7 Extracting 6B
    node-gitlab:  593a7107a1a7 Extracting 6B
    node-gitlab:  593a7107a1a7 Extracting 6B
    node-gitlab:  593a7107a1a7 Extracting 6B
    node-gitlab:  593a7107a1a7 Extracting 6B
    node-gitlab:  593a7107a1a7 Extracting 6B
    node-gitlab:  593a7107a1a7 Extracting 7B
    node-gitlab:  593a7107a1a7 Extracting 7B
    node-gitlab:  593a7107a1a7 Extracting 7B
    node-gitlab:  593a7107a1a7 Extracting 7B
    node-gitlab:  593a7107a1a7 Extracting 7B
    node-gitlab:  593a7107a1a7 Extracting 7B
    node-gitlab:  593a7107a1a7 Extracting 7B
    node-gitlab:  593a7107a1a7 Extracting 7B
    node-gitlab:  593a7107a1a7 Extracting 7B
    node-gitlab:  593a7107a1a7 Extracting 7B
    node-gitlab:  593a7107a1a7 Extracting 8B
    node-gitlab:  593a7107a1a7 Extracting 8B
    node-gitlab:  593a7107a1a7 Extracting 8B
    node-gitlab:  593a7107a1a7 Extracting 8B
    node-gitlab:  593a7107a1a7 Extracting 8B
    node-gitlab:  593a7107a1a7 Extracting 8B
    node-gitlab:  593a7107a1a7 Extracting 8B
    node-gitlab:  593a7107a1a7 Extracting 8B
    node-gitlab:  593a7107a1a7 Extracting 8B
    node-gitlab:  593a7107a1a7 Extracting 8B
    node-gitlab:  593a7107a1a7 Extracting 9B
    node-gitlab:  593a7107a1a7 Extracting 9B
    node-gitlab:  593a7107a1a7 Extracting 9B
    node-gitlab:  593a7107a1a7 Extracting 9B
    node-gitlab:  593a7107a1a7 Extracting 9B
    node-gitlab:  593a7107a1a7 Extracting 9B
    node-gitlab:  593a7107a1a7 Extracting 9B
    node-gitlab:  593a7107a1a7 Extracting 9B
    node-gitlab:  593a7107a1a7 Extracting 9B
    node-gitlab:  593a7107a1a7 Extracting 9B
    node-gitlab:  593a7107a1a7 Extracting 10B
    node-gitlab:  593a7107a1a7 Extracting 10B
    node-gitlab:  593a7107a1a7 Extracting 10B
    node-gitlab:  593a7107a1a7 Extracting 10B
    node-gitlab:  593a7107a1a7 Extracting 10B
    node-gitlab:  593a7107a1a7 Extracting 10B
    node-gitlab:  593a7107a1a7 Extracting 10B
    node-gitlab:  593a7107a1a7 Extracting 10B
    node-gitlab:  593a7107a1a7 Extracting 10B
    node-gitlab:  593a7107a1a7 Extracting 10B
    node-gitlab:  593a7107a1a7 Extracting 11B
    node-gitlab:  593a7107a1a7 Extracting 11B
    node-gitlab:  593a7107a1a7 Extracting 11B
    node-gitlab:  593a7107a1a7 Extracting 11B
    node-gitlab:  593a7107a1a7 Extracting 11B
    node-gitlab:  593a7107a1a7 Extracting 11B
    node-gitlab:  593a7107a1a7 Extracting 11B
    node-gitlab:  593a7107a1a7 Extracting 11B
    node-gitlab:  593a7107a1a7 Extracting 11B
    node-gitlab:  593a7107a1a7 Extracting 11B
    node-gitlab:  593a7107a1a7 Extracting 12B
    node-gitlab:  593a7107a1a7 Extracting 12B
    node-gitlab:  593a7107a1a7 Extracting 12B
    node-gitlab:  593a7107a1a7 Extracting 12B
    node-gitlab:  593a7107a1a7 Extracting 12B
    node-gitlab:  593a7107a1a7 Extracting 12B
    node-gitlab:  593a7107a1a7 Extracting 12B
    node-gitlab:  593a7107a1a7 Extracting 12B
    node-gitlab:  593a7107a1a7 Extracting 12B
    node-gitlab:  593a7107a1a7 Extracting 12B
    node-gitlab:  593a7107a1a7 Extracting 13B
    node-gitlab:  593a7107a1a7 Extracting 13B
    node-gitlab:  593a7107a1a7 Extracting 13B
    node-gitlab:  593a7107a1a7 Extracting 13B
    node-gitlab:  593a7107a1a7 Extracting 13B
    node-gitlab:  593a7107a1a7 Extracting 13B
    node-gitlab:  593a7107a1a7 Extracting 13B
    node-gitlab:  593a7107a1a7 Extracting 13B
    node-gitlab:  593a7107a1a7 Extracting 13B
    node-gitlab:  593a7107a1a7 Extracting 13B
    node-gitlab:  593a7107a1a7 Extracting 14B
    node-gitlab:  593a7107a1a7 Extracting 14B
    node-gitlab:  593a7107a1a7 Extracting 14B
    node-gitlab:  593a7107a1a7 Extracting 14B
    node-gitlab:  593a7107a1a7 Extracting 14B
    node-gitlab:  593a7107a1a7 Extracting 14B
    node-gitlab:  593a7107a1a7 Extracting 14B
    node-gitlab:  593a7107a1a7 Extracting 14B
    node-gitlab:  593a7107a1a7 Extracting 14B
    node-gitlab:  593a7107a1a7 Extracting 14B
    node-gitlab:  593a7107a1a7 Extracting 15B
    node-gitlab:  593a7107a1a7 Extracting 15B
    node-gitlab:  593a7107a1a7 Extracting 15B
    node-gitlab:  593a7107a1a7 Extracting 15B
    node-gitlab:  593a7107a1a7 Extracting 15B
    node-gitlab:  593a7107a1a7 Extracting 15B
    node-gitlab:  593a7107a1a7 Extracting 15B
    node-gitlab:  593a7107a1a7 Extracting 15B
    node-gitlab:  593a7107a1a7 Extracting 15B
    node-gitlab:  593a7107a1a7 Extracting 15B
    node-gitlab:  593a7107a1a7 Extracting 16B
    node-gitlab:  593a7107a1a7 Extracting 16B
    node-gitlab:  593a7107a1a7 Extracting 16B
    node-gitlab:  593a7107a1a7 Extracting 16B
    node-gitlab:  593a7107a1a7 Extracting 16B
    node-gitlab:  593a7107a1a7 Extracting 16B
    node-gitlab:  593a7107a1a7 Extracting 16B
    node-gitlab:  593a7107a1a7 Extracting 16B
    node-gitlab:  593a7107a1a7 Extracting 16B
    node-gitlab:  593a7107a1a7 Extracting 16B
    node-gitlab:  593a7107a1a7 Extracting 17B
    node-gitlab:  593a7107a1a7 Extracting 17B
    node-gitlab:  593a7107a1a7 Extracting 17B
    node-gitlab:  593a7107a1a7 Extracting 17B
    node-gitlab:  593a7107a1a7 Extracting 17B
    node-gitlab:  593a7107a1a7 Extracting 17B
    node-gitlab:  593a7107a1a7 Extracting 17B
    node-gitlab:  593a7107a1a7 Extracting 17B
    node-gitlab:  593a7107a1a7 Extracting 17B
    node-gitlab:  593a7107a1a7 Extracting 17B
    node-gitlab:  593a7107a1a7 Extracting 18B
    node-gitlab:  593a7107a1a7 Extracting 18B
    node-gitlab:  593a7107a1a7 Extracting 18B
    node-gitlab:  593a7107a1a7 Extracting 18B
    node-gitlab:  593a7107a1a7 Extracting 18B
    node-gitlab:  593a7107a1a7 Extracting 18B
    node-gitlab:  593a7107a1a7 Extracting 18B
    node-gitlab:  593a7107a1a7 Extracting 18B
    node-gitlab:  593a7107a1a7 Extracting 18B
    node-gitlab:  593a7107a1a7 Extracting 18B
    node-gitlab:  593a7107a1a7 Extracting 19B
    node-gitlab:  593a7107a1a7 Extracting 19B
    node-gitlab:  593a7107a1a7 Extracting 19B
    node-gitlab:  593a7107a1a7 Extracting 19B
    node-gitlab:  593a7107a1a7 Extracting 19B
    node-gitlab:  593a7107a1a7 Extracting 19B
    node-gitlab:  593a7107a1a7 Extracting 19B
    node-gitlab:  593a7107a1a7 Extracting 19B
    node-gitlab:  593a7107a1a7 Extracting 19B
    node-gitlab:  593a7107a1a7 Extracting 19B
    node-gitlab:  593a7107a1a7 Extracting 20B
    node-gitlab:  593a7107a1a7 Extracting 20B
    node-gitlab:  593a7107a1a7 Extracting 20B
    node-gitlab:  593a7107a1a7 Extracting 20B
    node-gitlab:  593a7107a1a7 Extracting 20B
    node-gitlab:  593a7107a1a7 Extracting 20B
    node-gitlab:  593a7107a1a7 Extracting 20B
    node-gitlab:  593a7107a1a7 Extracting 20B
    node-gitlab:  593a7107a1a7 Extracting 20B
    node-gitlab:  593a7107a1a7 Extracting 20B
    node-gitlab:  593a7107a1a7 Extracting 21B
    node-gitlab:  593a7107a1a7 Extracting 21B
    node-gitlab:  593a7107a1a7 Extracting 21B
    node-gitlab:  593a7107a1a7 Extracting 21B
    node-gitlab:  593a7107a1a7 Extracting 21B
    node-gitlab:  593a7107a1a7 Extracting 21B
    node-gitlab:  593a7107a1a7 Extracting 21B
    node-gitlab:  593a7107a1a7 Extracting 21B
    node-gitlab:  593a7107a1a7 Extracting 21B
    node-gitlab:  593a7107a1a7 Extracting 21B
    node-gitlab:  593a7107a1a7 Extracting 22B
    node-gitlab:  593a7107a1a7 Extracting 22B
    node-gitlab:  593a7107a1a7 Extracting 22B
    node-gitlab:  593a7107a1a7 Extracting 22B
    node-gitlab:  593a7107a1a7 Extracting 22B
    node-gitlab:  593a7107a1a7 Extracting 22B
    node-gitlab:  593a7107a1a7 Extracting 22B
    node-gitlab:  593a7107a1a7 Extracting 22B
    node-gitlab:  593a7107a1a7 Extracting 22B
    node-gitlab:  593a7107a1a7 Extracting 22B
    node-gitlab:  593a7107a1a7 Extracting 23B
    node-gitlab:  593a7107a1a7 Extracting 23B
    node-gitlab:  593a7107a1a7 Extracting 23B
    node-gitlab:  593a7107a1a7 Extracting 23B
    node-gitlab:  593a7107a1a7 Extracting 23B
    node-gitlab:  593a7107a1a7 Extracting 23B
    node-gitlab:  593a7107a1a7 Extracting 23B
    node-gitlab:  593a7107a1a7 Extracting 23B
    node-gitlab:  593a7107a1a7 Extracting 23B
    node-gitlab:  593a7107a1a7 Extracting 23B
    node-gitlab:  593a7107a1a7 Extracting 24B
    node-gitlab:  593a7107a1a7 Extracting 24B
    node-gitlab:  593a7107a1a7 Extracting 24B
    node-gitlab:  593a7107a1a7 Extracting 24B
    node-gitlab:  593a7107a1a7 Extracting 24B
    node-gitlab:  593a7107a1a7 Extracting 24B
    node-gitlab:  593a7107a1a7 Extracting 24B
    node-gitlab:  593a7107a1a7 Extracting 24B
    node-gitlab:  593a7107a1a7 Extracting 24B
    node-gitlab:  593a7107a1a7 Extracting 24B
    node-gitlab:  593a7107a1a7 Extracting 25B
    node-gitlab:  593a7107a1a7 Extracting 25B
    node-gitlab:  593a7107a1a7 Extracting 25B
    node-gitlab:  593a7107a1a7 Extracting 25B
    node-gitlab:  593a7107a1a7 Extracting 25B
    node-gitlab:  593a7107a1a7 Extracting 25B
    node-gitlab:  593a7107a1a7 Extracting 25B
    node-gitlab:  593a7107a1a7 Extracting 25B
    node-gitlab:  593a7107a1a7 Extracting 25B
    node-gitlab:  593a7107a1a7 Extracting 25B
    node-gitlab:  593a7107a1a7 Extracting 26B
    node-gitlab:  593a7107a1a7 Extracting 26B
    node-gitlab:  593a7107a1a7 Extracting 26B
    node-gitlab:  593a7107a1a7 Extracting 26B
    node-gitlab:  593a7107a1a7 Extracting 26B
    node-gitlab:  593a7107a1a7 Extracting 26B
    node-gitlab:  593a7107a1a7 Extracting 26B
    node-gitlab:  593a7107a1a7 Extracting 26B
    node-gitlab:  593a7107a1a7 Extracting 26B
    node-gitlab:  593a7107a1a7 Extracting 26B
    node-gitlab:  593a7107a1a7 Extracting 27B
    node-gitlab:  593a7107a1a7 Extracting 27B
    node-gitlab:  593a7107a1a7 Extracting 27B
    node-gitlab:  593a7107a1a7 Extracting 27B
    node-gitlab:  593a7107a1a7 Extracting 27B
    node-gitlab:  593a7107a1a7 Extracting 27B
    node-gitlab:  593a7107a1a7 Extracting 27B
    node-gitlab:  593a7107a1a7 Extracting 27B
    node-gitlab:  593a7107a1a7 Extracting 27B
    node-gitlab:  593a7107a1a7 Extracting 27B
    node-gitlab:  593a7107a1a7 Extracting 28B
    node-gitlab:  593a7107a1a7 Extracting 28B
    node-gitlab:  593a7107a1a7 Extracting 28B
    node-gitlab:  593a7107a1a7 Extracting 28B
    node-gitlab:  593a7107a1a7 Extracting 28B
    node-gitlab:  593a7107a1a7 Extracting 28B
    node-gitlab:  593a7107a1a7 Extracting 28B
    node-gitlab:  593a7107a1a7 Extracting 28B
    node-gitlab:  593a7107a1a7 Extracting 28B
    node-gitlab:  593a7107a1a7 Extracting 28B
    node-gitlab:  593a7107a1a7 Extracting 29B
    node-gitlab:  593a7107a1a7 Extracting 29B
    node-gitlab:  593a7107a1a7 Extracting 29B
    node-gitlab:  593a7107a1a7 Extracting 29B
    node-gitlab:  593a7107a1a7 Extracting 29B
    node-gitlab:  593a7107a1a7 Extracting 29B
    node-gitlab:  593a7107a1a7 Extracting 29B
    node-gitlab:  593a7107a1a7 Extracting 29B
    node-gitlab:  593a7107a1a7 Extracting 29B
    node-gitlab:  593a7107a1a7 Extracting 29B
    node-gitlab:  593a7107a1a7 Extracting 30B
    node-gitlab:  593a7107a1a7 Extracting 30B
    node-gitlab:  593a7107a1a7 Extracting 30B
    node-gitlab:  593a7107a1a7 Extracting 30B
    node-gitlab:  593a7107a1a7 Extracting 30B
    node-gitlab:  593a7107a1a7 Extracting 30B
    node-gitlab:  593a7107a1a7 Extracting 30B
    node-gitlab:  593a7107a1a7 Extracting 30B
    node-gitlab:  593a7107a1a7 Extracting 30B
    node-gitlab:  593a7107a1a7 Extracting 31B
    node-gitlab:  593a7107a1a7 Extracting 31B
    node-gitlab:  593a7107a1a7 Extracting 31B
    node-gitlab:  593a7107a1a7 Extracting 31B
    node-gitlab:  593a7107a1a7 Extracting 31B
    node-gitlab:  593a7107a1a7 Extracting 31B
    node-gitlab:  593a7107a1a7 Extracting 31B
    node-gitlab:  593a7107a1a7 Extracting 31B
    node-gitlab:  593a7107a1a7 Extracting 31B
    node-gitlab:  593a7107a1a7 Extracting 31B
    node-gitlab:  593a7107a1a7 Extracting 31B
    node-gitlab:  593a7107a1a7 Extracting 32B
    node-gitlab:  593a7107a1a7 Extracting 32B
    node-gitlab:  593a7107a1a7 Extracting 32B
    node-gitlab:  593a7107a1a7 Extracting 32B
    node-gitlab:  593a7107a1a7 Extracting 32B
    node-gitlab:  593a7107a1a7 Extracting 32B
    node-gitlab:  593a7107a1a7 Extracting 32B
    node-gitlab:  593a7107a1a7 Extracting 32B
    node-gitlab:  593a7107a1a7 Extracting 32B
    node-gitlab:  593a7107a1a7 Extracting 32B
    node-gitlab:  593a7107a1a7 Extracting 33B
    node-gitlab:  593a7107a1a7 Extracting 33B
    node-gitlab:  593a7107a1a7 Extracting 33B
    node-gitlab:  593a7107a1a7 Extracting 33B
    node-gitlab:  593a7107a1a7 Extracting 33B
    node-gitlab:  593a7107a1a7 Extracting 33B
    node-gitlab:  593a7107a1a7 Extracting 33B
    node-gitlab:  593a7107a1a7 Extracting 33B
    node-gitlab:  593a7107a1a7 Extracting 33B
    node-gitlab:  593a7107a1a7 Extracting 33B
    node-gitlab:  593a7107a1a7 Extracting 34B
    node-gitlab:  593a7107a1a7 Extracting 34B
    node-gitlab:  593a7107a1a7 Extracting 34B
    node-gitlab:  593a7107a1a7 Extracting 34B
    node-gitlab:  593a7107a1a7 Extracting 34B
    node-gitlab:  593a7107a1a7 Extracting 34B
    node-gitlab:  593a7107a1a7 Extracting 34B
    node-gitlab:  593a7107a1a7 Extracting 34B
    node-gitlab:  593a7107a1a7 Extracting 34B
    node-gitlab:  593a7107a1a7 Extracting 34B
    node-gitlab:  593a7107a1a7 Extracting 35B
    node-gitlab:  593a7107a1a7 Extracting 35B
    node-gitlab:  593a7107a1a7 Extracting 35B
    node-gitlab:  593a7107a1a7 Extracting 35B
    node-gitlab:  593a7107a1a7 Extracting 35B
    node-gitlab:  593a7107a1a7 Extracting 35B
    node-gitlab:  593a7107a1a7 Extracting 35B
    node-gitlab:  593a7107a1a7 Extracting 35B
    node-gitlab:  593a7107a1a7 Extracting 35B
    node-gitlab:  593a7107a1a7 Extracting 35B
    node-gitlab:  593a7107a1a7 Extracting 36B
    node-gitlab:  593a7107a1a7 Extracting 36B
    node-gitlab:  593a7107a1a7 Extracting 36B
    node-gitlab:  593a7107a1a7 Extracting 36B
    node-gitlab:  593a7107a1a7 Extracting 36B
    node-gitlab:  593a7107a1a7 Extracting 36B
    node-gitlab:  593a7107a1a7 Extracting 36B
    node-gitlab:  593a7107a1a7 Extracting 36B
    node-gitlab:  593a7107a1a7 Extracting 36B
    node-gitlab:  593a7107a1a7 Extracting 36B
    node-gitlab:  593a7107a1a7 Extracting 37B
    node-gitlab:  593a7107a1a7 Extracting 37B
    node-gitlab:  593a7107a1a7 Extracting 37B
    node-gitlab:  593a7107a1a7 Extracting 37B
    node-gitlab:  593a7107a1a7 Extracting 37B
    node-gitlab:  593a7107a1a7 Extracting 37B
    node-gitlab:  593a7107a1a7 Extracting 37B
    node-gitlab:  593a7107a1a7 Extracting 37B
    node-gitlab:  593a7107a1a7 Extracting 37B
    node-gitlab:  593a7107a1a7 Extracting 37B
    node-gitlab:  593a7107a1a7 Extracting 38B
    node-gitlab:  593a7107a1a7 Extracting 38B
    node-gitlab:  593a7107a1a7 Extracting 38B
    node-gitlab:  593a7107a1a7 Extracting 38B
    node-gitlab:  593a7107a1a7 Extracting 38B
    node-gitlab:  593a7107a1a7 Extracting 38B
    node-gitlab:  593a7107a1a7 Extracting 38B
    node-gitlab:  593a7107a1a7 Extracting 38B
    node-gitlab:  593a7107a1a7 Extracting 38B
    node-gitlab:  593a7107a1a7 Extracting 38B
    node-gitlab:  593a7107a1a7 Extracting 39B
    node-gitlab:  593a7107a1a7 Extracting 39B
    node-gitlab:  593a7107a1a7 Extracting 39B
    node-gitlab:  593a7107a1a7 Extracting 39B
    node-gitlab:  593a7107a1a7 Extracting 39B
    node-gitlab:  593a7107a1a7 Extracting 39B
    node-gitlab:  593a7107a1a7 Extracting 39B
    node-gitlab:  593a7107a1a7 Extracting 39B
    node-gitlab:  593a7107a1a7 Extracting 39B
    node-gitlab:  593a7107a1a7 Extracting 40B
    node-gitlab:  593a7107a1a7 Extracting 40B
    node-gitlab:  593a7107a1a7 Extracting 40B
    node-gitlab:  593a7107a1a7 Extracting 40B
    node-gitlab:  593a7107a1a7 Extracting 40B
    node-gitlab:  593a7107a1a7 Extracting 40B
    node-gitlab:  593a7107a1a7 Extracting 40B
    node-gitlab:  593a7107a1a7 Extracting 40B
    node-gitlab:  593a7107a1a7 Extracting 40B
    node-gitlab:  593a7107a1a7 Extracting 40B
    node-gitlab:  593a7107a1a7 Extracting 40B
    node-gitlab:  593a7107a1a7 Extracting 41B
    node-gitlab:  593a7107a1a7 Extracting 41B
    node-gitlab:  593a7107a1a7 Extracting 41B
    node-gitlab:  593a7107a1a7 Extracting 41B
    node-gitlab:  593a7107a1a7 Extracting 41B
    node-gitlab:  593a7107a1a7 Extracting 41B
    node-gitlab:  593a7107a1a7 Extracting 41B
    node-gitlab:  593a7107a1a7 Extracting 41B
    node-gitlab:  593a7107a1a7 Extracting 41B
    node-gitlab:  593a7107a1a7 Extracting 42B
    node-gitlab:  593a7107a1a7 Extracting 42B
    node-gitlab:  593a7107a1a7 Extracting 42B
    node-gitlab:  593a7107a1a7 Extracting 42B
    node-gitlab:  593a7107a1a7 Extracting 42B
    node-gitlab:  593a7107a1a7 Extracting 42B
    node-gitlab:  593a7107a1a7 Extracting 42B
    node-gitlab:  593a7107a1a7 Extracting 42B
    node-gitlab:  593a7107a1a7 Extracting 42B
    node-gitlab:  593a7107a1a7 Extracting 42B
    node-gitlab:  593a7107a1a7 Extracting 42B
    node-gitlab:  593a7107a1a7 Extracting 43B
    node-gitlab:  593a7107a1a7 Extracting 43B
    node-gitlab:  593a7107a1a7 Extracting 43B
    node-gitlab:  593a7107a1a7 Extracting 43B
    node-gitlab:  593a7107a1a7 Extracting 43B
    node-gitlab:  593a7107a1a7 Extracting 43B
    node-gitlab:  593a7107a1a7 Extracting 43B
    node-gitlab:  593a7107a1a7 Extracting 43B
    node-gitlab:  593a7107a1a7 Extracting 43B
    node-gitlab:  593a7107a1a7 Extracting 43B
    node-gitlab:  593a7107a1a7 Extracting 44B
    node-gitlab:  593a7107a1a7 Extracting 44B
    node-gitlab:  593a7107a1a7 Extracting 44B
    node-gitlab:  593a7107a1a7 Extracting 44B
    node-gitlab:  593a7107a1a7 Extracting 44B
    node-gitlab:  593a7107a1a7 Extracting 44B
    node-gitlab:  593a7107a1a7 Extracting 44B
    node-gitlab:  593a7107a1a7 Extracting 44B
    node-gitlab:  593a7107a1a7 Extracting 44B
    node-gitlab:  593a7107a1a7 Extracting 44B
    node-gitlab:  593a7107a1a7 Extracting 45B
    node-gitlab:  593a7107a1a7 Extracting 45B
    node-gitlab:  593a7107a1a7 Extracting 45B
    node-gitlab:  593a7107a1a7 Extracting 45B
    node-gitlab:  593a7107a1a7 Extracting 45B
    node-gitlab:  593a7107a1a7 Extracting 45B
    node-gitlab:  593a7107a1a7 Extracting 45B
    node-gitlab:  593a7107a1a7 Extracting 45B
    node-gitlab:  593a7107a1a7 Extracting 45B
    node-gitlab:  593a7107a1a7 Extracting 45B
    node-gitlab:  593a7107a1a7 Extracting 46B
    node-gitlab:  593a7107a1a7 Extracting 46B
    node-gitlab:  593a7107a1a7 Extracting 46B
    node-gitlab:  593a7107a1a7 Extracting 46B
    node-gitlab:  593a7107a1a7 Extracting 46B
    node-gitlab:  593a7107a1a7 Extracting 46B
    node-gitlab:  593a7107a1a7 Extracting 46B
    node-gitlab:  593a7107a1a7 Extracting 46B
    node-gitlab:  593a7107a1a7 Extracting 46B
    node-gitlab:  593a7107a1a7 Extracting 46B
    node-gitlab:  593a7107a1a7 Extracting 47B
    node-gitlab:  593a7107a1a7 Extracting 47B
    node-gitlab:  593a7107a1a7 Extracting 47B
    node-gitlab:  593a7107a1a7 Extracting 47B
    node-gitlab:  593a7107a1a7 Extracting 47B
    node-gitlab:  593a7107a1a7 Extracting 47B
    node-gitlab:  593a7107a1a7 Extracting 47B
    node-gitlab:  593a7107a1a7 Extracting 47B
    node-gitlab:  593a7107a1a7 Extracting 47B
    node-gitlab:  593a7107a1a7 Extracting 47B
    node-gitlab:  593a7107a1a7 Extracting 48B
    node-gitlab:  593a7107a1a7 Extracting 48B
    node-gitlab:  593a7107a1a7 Extracting 48B
    node-gitlab:  593a7107a1a7 Extracting 48B
    node-gitlab:  593a7107a1a7 Extracting 48B
    node-gitlab:  593a7107a1a7 Extracting 48B
    node-gitlab:  593a7107a1a7 Extracting 48B
    node-gitlab:  593a7107a1a7 Extracting 48B
    node-gitlab:  593a7107a1a7 Extracting 48B
    node-gitlab:  593a7107a1a7 Extracting 48B
    node-gitlab:  593a7107a1a7 Extracting 49B
    node-gitlab:  593a7107a1a7 Extracting 49B
    node-gitlab:  593a7107a1a7 Extracting 49B
    node-gitlab:  593a7107a1a7 Extracting 49B
    node-gitlab:  593a7107a1a7 Extracting 49B
    node-gitlab:  593a7107a1a7 Extracting 49B
    node-gitlab:  593a7107a1a7 Extracting 49B
    node-gitlab:  593a7107a1a7 Extracting 49B
    node-gitlab:  593a7107a1a7 Extracting 49B
    node-gitlab:  593a7107a1a7 Extracting 49B
    node-gitlab:  593a7107a1a7 Extracting 50B
    node-gitlab:  593a7107a1a7 Extracting 50B
    node-gitlab:  593a7107a1a7 Extracting 50B
    node-gitlab:  593a7107a1a7 Extracting 50B
    node-gitlab:  593a7107a1a7 Extracting 50B
    node-gitlab:  593a7107a1a7 Extracting 50B
    node-gitlab:  593a7107a1a7 Extracting 50B
    node-gitlab:  593a7107a1a7 Extracting 50B
    node-gitlab:  593a7107a1a7 Extracting 50B
    node-gitlab:  593a7107a1a7 Extracting 50B
    node-gitlab:  593a7107a1a7 Extracting 51B
    node-gitlab:  593a7107a1a7 Extracting 51B
    node-gitlab:  593a7107a1a7 Extracting 51B
    node-gitlab:  593a7107a1a7 Extracting 51B
    node-gitlab:  593a7107a1a7 Extracting 51B
    node-gitlab:  593a7107a1a7 Extracting 51B
    node-gitlab:  593a7107a1a7 Extracting 51B
    node-gitlab:  593a7107a1a7 Extracting 51B
    node-gitlab:  593a7107a1a7 Extracting 51B
    node-gitlab:  593a7107a1a7 Extracting 51B
    node-gitlab:  593a7107a1a7 Extracting 52B
    node-gitlab:  593a7107a1a7 Extracting 52B
    node-gitlab:  593a7107a1a7 Extracting 52B
    node-gitlab:  593a7107a1a7 Extracting 52B
    node-gitlab:  593a7107a1a7 Extracting 52B
    node-gitlab:  593a7107a1a7 Extracting 52B
    node-gitlab:  593a7107a1a7 Extracting 52B
    node-gitlab:  593a7107a1a7 Extracting 52B
    node-gitlab:  593a7107a1a7 Extracting 52B
    node-gitlab:  593a7107a1a7 Extracting 52B
    node-gitlab:  593a7107a1a7 Extracting 53B
    node-gitlab:  593a7107a1a7 Extracting 53B
    node-gitlab:  593a7107a1a7 Extracting 53B
    node-gitlab:  593a7107a1a7 Extracting 53B
    node-gitlab:  593a7107a1a7 Extracting 53B
    node-gitlab:  593a7107a1a7 Extracting 53B
    node-gitlab:  593a7107a1a7 Extracting 53B
    node-gitlab:  593a7107a1a7 Extracting 53B
    node-gitlab:  593a7107a1a7 Extracting 53B
    node-gitlab:  593a7107a1a7 Extracting 53B
    node-gitlab:  593a7107a1a7 Extracting 54B
    node-gitlab:  593a7107a1a7 Extracting 54B
    node-gitlab:  593a7107a1a7 Extracting 54B
    node-gitlab:  593a7107a1a7 Extracting 54B
    node-gitlab:  593a7107a1a7 Extracting 54B
    node-gitlab:  593a7107a1a7 Extracting 54B
    node-gitlab:  593a7107a1a7 Extracting 54B
    node-gitlab:  593a7107a1a7 Extracting 54B
    node-gitlab:  593a7107a1a7 Extracting 54B
    node-gitlab:  593a7107a1a7 Extracting 54B
    node-gitlab:  593a7107a1a7 Extracting 55B
    node-gitlab:  593a7107a1a7 Extracting 55B
    node-gitlab:  593a7107a1a7 Extracting 55B
    node-gitlab:  593a7107a1a7 Extracting 55B
    node-gitlab:  593a7107a1a7 Extracting 55B
    node-gitlab:  593a7107a1a7 Extracting 55B
    node-gitlab:  593a7107a1a7 Extracting 55B
    node-gitlab:  593a7107a1a7 Extracting 55B
    node-gitlab:  593a7107a1a7 Extracting 55B
    node-gitlab:  593a7107a1a7 Extracting 55B
    node-gitlab:  593a7107a1a7 Extracting 56B
    node-gitlab:  593a7107a1a7 Extracting 56B
    node-gitlab:  593a7107a1a7 Extracting 56B
    node-gitlab:  593a7107a1a7 Extracting 56B
    node-gitlab:  593a7107a1a7 Extracting 56B
    node-gitlab:  593a7107a1a7 Extracting 56B
    node-gitlab:  593a7107a1a7 Extracting 56B
    node-gitlab:  593a7107a1a7 Extracting 56B
    node-gitlab:  593a7107a1a7 Extracting 56B
    node-gitlab:  593a7107a1a7 Extracting 56B
    node-gitlab:  593a7107a1a7 Extracting 57B
    node-gitlab:  593a7107a1a7 Extracting 57B
    node-gitlab:  593a7107a1a7 Extracting 57B
    node-gitlab:  593a7107a1a7 Extracting 57B
    node-gitlab:  593a7107a1a7 Extracting 57B
    node-gitlab:  593a7107a1a7 Extracting 57B
    node-gitlab:  593a7107a1a7 Extracting 57B
    node-gitlab:  593a7107a1a7 Extracting 57B
    node-gitlab:  593a7107a1a7 Extracting 57B
    node-gitlab:  593a7107a1a7 Extracting 58B
    node-gitlab:  593a7107a1a7 Extracting 58B
    node-gitlab:  593a7107a1a7 Extracting 58B
    node-gitlab:  593a7107a1a7 Extracting 58B
    node-gitlab:  593a7107a1a7 Extracting 58B
    node-gitlab:  593a7107a1a7 Extracting 58B
    node-gitlab:  593a7107a1a7 Extracting 58B
    node-gitlab:  593a7107a1a7 Extracting 58B
    node-gitlab:  593a7107a1a7 Extracting 58B
    node-gitlab:  593a7107a1a7 Extracting 58B
    node-gitlab:  593a7107a1a7 Extracting 58B
    node-gitlab:  593a7107a1a7 Extracting 59B
    node-gitlab:  593a7107a1a7 Extracting 59B
    node-gitlab:  593a7107a1a7 Extracting 59B
    node-gitlab:  593a7107a1a7 Extracting 59B
    node-gitlab:  593a7107a1a7 Extracting 59B
    node-gitlab:  593a7107a1a7 Extracting 59B
    node-gitlab:  593a7107a1a7 Extracting 59B
    node-gitlab:  593a7107a1a7 Extracting 59B
    node-gitlab:  593a7107a1a7 Extracting 59B
    node-gitlab:  593a7107a1a7 Extracting 59B
    node-gitlab:  593a7107a1a7 Extracting 60B
    node-gitlab:  593a7107a1a7 Extracting 60B
    node-gitlab:  593a7107a1a7 Extracting 60B
    node-gitlab:  593a7107a1a7 Extracting 60B
    node-gitlab:  593a7107a1a7 Extracting 60B
    node-gitlab:  593a7107a1a7 Extracting 60B
    node-gitlab:  593a7107a1a7 Extracting 60B
    node-gitlab:  593a7107a1a7 Extracting 60B
    node-gitlab:  593a7107a1a7 Extracting 60B
    node-gitlab:  593a7107a1a7 Extracting 60B
    node-gitlab:  593a7107a1a7 Extracting 61B
    node-gitlab:  593a7107a1a7 Extracting 61B
    node-gitlab:  593a7107a1a7 Extracting 61B
    node-gitlab:  593a7107a1a7 Extracting 61B
    node-gitlab:  593a7107a1a7 Extracting 61B
    node-gitlab:  593a7107a1a7 Extracting 61B
    node-gitlab:  593a7107a1a7 Extracting 61B
    node-gitlab:  593a7107a1a7 Extracting 61B
    node-gitlab:  593a7107a1a7 Extracting 61B
    node-gitlab:  593a7107a1a7 Extracting 61B
    node-gitlab:  593a7107a1a7 Extracting 62B
    node-gitlab:  593a7107a1a7 Extracting 62B
    node-gitlab:  593a7107a1a7 Extracting 62B
    node-gitlab:  593a7107a1a7 Extracting 62B
    node-gitlab:  593a7107a1a7 Extracting 62B
    node-gitlab:  593a7107a1a7 Extracting 62B
    node-gitlab:  593a7107a1a7 Extracting 62B
    node-gitlab:  593a7107a1a7 Extracting 62B
    node-gitlab:  593a7107a1a7 Extracting 62B
    node-gitlab:  593a7107a1a7 Extracting 62B
    node-gitlab:  593a7107a1a7 Extracting 63B
    node-gitlab:  593a7107a1a7 Extracting 63B
    node-gitlab:  593a7107a1a7 Extracting 63B
    node-gitlab:  593a7107a1a7 Extracting 63B
    node-gitlab:  593a7107a1a7 Extracting 63B
    node-gitlab:  593a7107a1a7 Extracting 63B
    node-gitlab:  593a7107a1a7 Extracting 63B
    node-gitlab:  593a7107a1a7 Extracting 63B
    node-gitlab:  593a7107a1a7 Extracting 63B
    node-gitlab:  593a7107a1a7 Extracting 63B
    node-gitlab:  593a7107a1a7 Extracting 64B
    node-gitlab:  593a7107a1a7 Extracting 64B
    node-gitlab:  593a7107a1a7 Extracting 64B
    node-gitlab:  593a7107a1a7 Extracting 64B
    node-gitlab:  593a7107a1a7 Extracting 64B
    node-gitlab:  593a7107a1a7 Extracting 64B
    node-gitlab:  593a7107a1a7 Extracting 64B
    node-gitlab:  593a7107a1a7 Extracting 64B
    node-gitlab:  593a7107a1a7 Extracting 64B
    node-gitlab:  593a7107a1a7 Extracting 64B
    node-gitlab:  593a7107a1a7 Extracting 65B
    node-gitlab:  593a7107a1a7 Extracting 65B
    node-gitlab:  593a7107a1a7 Extracting 65B
    node-gitlab:  593a7107a1a7 Extracting 65B
    node-gitlab:  593a7107a1a7 Extracting 65B
    node-gitlab:  593a7107a1a7 Extracting 65B
    node-gitlab:  593a7107a1a7 Extracting 65B
    node-gitlab:  593a7107a1a7 Extracting 65B
    node-gitlab:  593a7107a1a7 Extracting 65B
    node-gitlab:  593a7107a1a7 Extracting 65B
    node-gitlab:  593a7107a1a7 Extracting 66B
    node-gitlab:  593a7107a1a7 Extracting 66B
    node-gitlab:  593a7107a1a7 Extracting 66B
    node-gitlab:  593a7107a1a7 Extracting 66B
    node-gitlab:  593a7107a1a7 Extracting 66B
    node-gitlab:  593a7107a1a7 Extracting 66B
    node-gitlab:  593a7107a1a7 Extracting 66B
    node-gitlab:  593a7107a1a7 Extracting 66B
    node-gitlab:  593a7107a1a7 Extracting 66B
    node-gitlab:  593a7107a1a7 Extracting 66B
    node-gitlab:  593a7107a1a7 Extracting 67B
    node-gitlab:  593a7107a1a7 Extracting 67B
    node-gitlab:  593a7107a1a7 Extracting 67B
    node-gitlab:  593a7107a1a7 Extracting 67B
    node-gitlab:  593a7107a1a7 Extracting 67B
    node-gitlab:  593a7107a1a7 Extracting 67B
    node-gitlab:  593a7107a1a7 Extracting 67B
    node-gitlab:  593a7107a1a7 Extracting 67B
    node-gitlab:  593a7107a1a7 Extracting 67B
    node-gitlab:  593a7107a1a7 Extracting 67B
    node-gitlab:  593a7107a1a7 Extracting 68B
    node-gitlab:  593a7107a1a7 Extracting 68B
    node-gitlab:  593a7107a1a7 Extracting 68B
    node-gitlab:  593a7107a1a7 Extracting 68B
    node-gitlab:  593a7107a1a7 Extracting 68B
    node-gitlab:  593a7107a1a7 Extracting 68B
    node-gitlab:  593a7107a1a7 Extracting 68B
    node-gitlab:  593a7107a1a7 Extracting 68B
    node-gitlab:  593a7107a1a7 Extracting 68B
    node-gitlab:  593a7107a1a7 Extracting 68B
    node-gitlab:  593a7107a1a7 Extracting 69B
    node-gitlab:  593a7107a1a7 Extracting 69B
    node-gitlab:  593a7107a1a7 Extracting 69B
    node-gitlab:  593a7107a1a7 Extracting 69B
    node-gitlab:  593a7107a1a7 Extracting 69B
    node-gitlab:  593a7107a1a7 Extracting 69B
    node-gitlab:  593a7107a1a7 Extracting 69B
    node-gitlab:  593a7107a1a7 Extracting 69B
    node-gitlab:  593a7107a1a7 Extracting 69B
    node-gitlab:  593a7107a1a7 Extracting 69B
    node-gitlab:  593a7107a1a7 Extracting 70B
    node-gitlab:  593a7107a1a7 Extracting 70B
    node-gitlab:  593a7107a1a7 Extracting 70B
    node-gitlab:  593a7107a1a7 Extracting 70B
    node-gitlab:  593a7107a1a7 Extracting 70B
    node-gitlab:  593a7107a1a7 Extracting 70B
    node-gitlab:  593a7107a1a7 Extracting 70B
    node-gitlab:  593a7107a1a7 Extracting 70B
    node-gitlab:  593a7107a1a7 Extracting 70B
    node-gitlab:  593a7107a1a7 Extracting 70B
    node-gitlab:  593a7107a1a7 Extracting 71B
    node-gitlab:  593a7107a1a7 Extracting 71B
    node-gitlab:  593a7107a1a7 Extracting 71B
    node-gitlab:  593a7107a1a7 Extracting 71B
    node-gitlab:  593a7107a1a7 Extracting 71B
    node-gitlab:  593a7107a1a7 Extracting 71B
    node-gitlab:  593a7107a1a7 Extracting 71B
    node-gitlab:  593a7107a1a7 Extracting 71B
    node-gitlab:  593a7107a1a7 Extracting 71B
    node-gitlab:  593a7107a1a7 Extracting 71B
    node-gitlab:  593a7107a1a7 Extracting 72B
    node-gitlab:  593a7107a1a7 Extracting 72B
    node-gitlab:  593a7107a1a7 Extracting 72B
    node-gitlab:  593a7107a1a7 Extracting 72B
    node-gitlab:  593a7107a1a7 Extracting 72B
    node-gitlab:  593a7107a1a7 Extracting 72B
    node-gitlab:  593a7107a1a7 Extracting 72B
    node-gitlab:  593a7107a1a7 Extracting 72B
    node-gitlab:  593a7107a1a7 Extracting 72B
    node-gitlab:  593a7107a1a7 Extracting 72B
    node-gitlab:  593a7107a1a7 Extracting 73B
    node-gitlab:  593a7107a1a7 Extracting 73B
    node-gitlab:  593a7107a1a7 Extracting 73B
    node-gitlab:  593a7107a1a7 Extracting 73B
    node-gitlab:  593a7107a1a7 Extracting 73B
    node-gitlab:  593a7107a1a7 Extracting 73B
    node-gitlab:  593a7107a1a7 Extracting 73B
    node-gitlab:  593a7107a1a7 Extracting 73B
    node-gitlab:  593a7107a1a7 Extracting 73B
    node-gitlab:  593a7107a1a7 Extracting 73B
    node-gitlab:  593a7107a1a7 Extracting 74B
    node-gitlab:  593a7107a1a7 Extracting 74B
    node-gitlab:  593a7107a1a7 Extracting 74B
    node-gitlab:  593a7107a1a7 Extracting 74B
    node-gitlab:  593a7107a1a7 Extracting 74B
    node-gitlab:  593a7107a1a7 Extracting 74B
    node-gitlab:  593a7107a1a7 Extracting 74B
    node-gitlab:  593a7107a1a7 Extracting 74B
    node-gitlab:  593a7107a1a7 Extracting 74B
    node-gitlab:  593a7107a1a7 Extracting 74B
    node-gitlab:  593a7107a1a7 Extracting 75B
    node-gitlab:  593a7107a1a7 Extracting 75B
    node-gitlab:  593a7107a1a7 Extracting 75B
    node-gitlab:  593a7107a1a7 Extracting 75B
    node-gitlab:  593a7107a1a7 Extracting 75B
    node-gitlab:  593a7107a1a7 Extracting 75B
    node-gitlab:  593a7107a1a7 Extracting 75B
    node-gitlab:  593a7107a1a7 Extracting 75B
    node-gitlab:  593a7107a1a7 Extracting 75B
    node-gitlab:  593a7107a1a7 Extracting 75B
    node-gitlab:  593a7107a1a7 Extracting 76B
    node-gitlab:  593a7107a1a7 Extracting 76B
    node-gitlab:  593a7107a1a7 Extracting 76B
    node-gitlab:  593a7107a1a7 Extracting 76B
    node-gitlab:  593a7107a1a7 Extracting 76B
    node-gitlab:  593a7107a1a7 Extracting 76B
    node-gitlab:  593a7107a1a7 Extracting 76B
    node-gitlab:  593a7107a1a7 Extracting 76B
    node-gitlab:  593a7107a1a7 Extracting 76B
    node-gitlab:  593a7107a1a7 Extracting 76B
    node-gitlab:  593a7107a1a7 Extracting 77B
    node-gitlab:  593a7107a1a7 Extracting 77B
    node-gitlab:  593a7107a1a7 Extracting 77B
    node-gitlab:  593a7107a1a7 Extracting 77B
    node-gitlab:  593a7107a1a7 Extracting 77B
    node-gitlab:  593a7107a1a7 Extracting 77B
    node-gitlab:  593a7107a1a7 Extracting 77B
    node-gitlab:  593a7107a1a7 Extracting 77B
    node-gitlab:  593a7107a1a7 Extracting 77B
    node-gitlab:  593a7107a1a7 Extracting 77B
    node-gitlab:  593a7107a1a7 Extracting 78B
    node-gitlab:  593a7107a1a7 Extracting 78B
    node-gitlab:  593a7107a1a7 Extracting 78B
    node-gitlab:  593a7107a1a7 Extracting 78B
    node-gitlab:  593a7107a1a7 Extracting 78B
    node-gitlab:  593a7107a1a7 Extracting 78B
    node-gitlab:  593a7107a1a7 Extracting 78B
    node-gitlab:  593a7107a1a7 Extracting 78B
    node-gitlab:  593a7107a1a7 Extracting 78B
    node-gitlab:  593a7107a1a7 Extracting 78B
    node-gitlab:  593a7107a1a7 Extracting 79B
    node-gitlab:  593a7107a1a7 Extracting 79B
    node-gitlab:  593a7107a1a7 Extracting 79B
    node-gitlab:  593a7107a1a7 Extracting 79B
    node-gitlab:  593a7107a1a7 Extracting 79B
    node-gitlab:  593a7107a1a7 Pull complete 0B
    node-gitlab:  Image gitlab/gitlab-ce:16.11.10-ce.0 Pulled
    node-gitlab:  Network gitlab_default Creating
    node-gitlab:  Network gitlab_default Created
    node-gitlab:  Container gitlab Creating
    node-gitlab:  Container gitlab Created
    node-gitlab:  Container gitlab Starting
    node-gitlab:  Container gitlab Started
    node-gitlab: [node-gitlab] waiting for GitLab health...
    node-gitlab: ........................................[node-gitlab] GitLab is up! (41*10s)
    node-gitlab: 
    node-gitlab: [node-gitlab] provisioning done: scenario=broken, https=false
==> node-redmine: Importing base box 'ubuntu/jammy64'...

[K==> node-redmine: Matching MAC address for NAT networking...
==> node-redmine: Setting the name of the VM: node-redmine
==> node-redmine: Fixed port collision for 22 => 2222. Now on port 2200.
==> node-redmine: Clearing any previously set network interfaces...
==> node-redmine: Preparing network interfaces based on configuration...
    node-redmine: Adapter 1: nat
    node-redmine: Adapter 2: hostonly
==> node-redmine: Forwarding ports...
    node-redmine: 22 (guest) => 2200 (host) (adapter 1)
==> node-redmine: Running 'pre-boot' VM customizations...
==> node-redmine: Booting VM...
==> node-redmine: Waiting for machine to boot. This may take a few minutes...
    node-redmine: SSH address: 127.0.0.1:2200
    node-redmine: SSH username: vagrant
    node-redmine: SSH auth method: private key
    node-redmine: Warning: Connection reset. Retrying...
    node-redmine: Warning: Connection aborted. Retrying...
    node-redmine: 
    node-redmine: Vagrant insecure key detected. Vagrant will automatically replace
    node-redmine: this with a newly generated keypair for better security.
    node-redmine: 
    node-redmine: Inserting generated public key within guest...
    node-redmine: Removing insecure key from the guest if it's present...
    node-redmine: Key inserted! Disconnecting and reconnecting using new SSH key...
==> node-redmine: Machine booted and ready!
==> node-redmine: Checking for guest additions in VM...
    node-redmine: The guest additions on this VM do not match the installed version of
    node-redmine: VirtualBox! In most cases this is fine, but in rare cases it can
    node-redmine: prevent things such as shared folders from working properly. If you see
    node-redmine: shared folder errors, please make sure the guest additions within the
    node-redmine: virtual machine match the version of VirtualBox you have installed on
    node-redmine: your host and reload your VM.
    node-redmine: 
    node-redmine: Guest Additions Version: 6.0.0 r127566
    node-redmine: VirtualBox Version: 7.2
==> node-redmine: Setting hostname...
==> node-redmine: Configuring and enabling network interfaces...
==> node-redmine: Running provisioner: shell...
    node-redmine: Running: C:/Users/176D~1/AppData/Local/Temp/vagrant-shell20260429-37596-6isdib.sh
    node-redmine: [node-redmine] scenario=broken
    node-redmine: Reading package lists...
    node-redmine: Building dependency tree...
    node-redmine: Reading state information...
    node-redmine: lsb-release is already the newest version (11.1.0ubuntu4).
    node-redmine: lsb-release set to manually installed.
    node-redmine: ca-certificates is already the newest version (20240203~22.04.1).
    node-redmine: ca-certificates set to manually installed.
    node-redmine: ufw is already the newest version (0.36.1-4ubuntu0.1).
    node-redmine: ufw set to manually installed.
    node-redmine: The following additional packages will be installed:
    node-redmine:   dirmngr gnupg-l10n gnupg-utils gpg gpg-agent gpg-wks-client gpg-wks-server
    node-redmine:   gpgconf gpgsm gpgv libcurl4
    node-redmine: Suggested packages:
    node-redmine:   pinentry-gnome3 tor parcimonie xloadimage scdaemon
    node-redmine: The following packages will be upgraded:
    node-redmine:   curl dirmngr gnupg gnupg-l10n gnupg-utils gpg gpg-agent gpg-wks-client
    node-redmine:   gpg-wks-server gpgconf gpgsm gpgv libcurl4
    node-redmine: 13 upgraded, 0 newly installed, 0 to remove and 134 not upgraded.
    node-redmine: Need to get 2732 kB of archives.
    node-redmine: After this operation, 0 B of additional disk space will be used.
    node-redmine: Get:1 http://archive.ubuntu.com/ubuntu jammy-updates/main amd64 gpg-wks-client amd64 2.2.27-3ubuntu2.5 [62.7 kB]
    node-redmine: Get:2 http://archive.ubuntu.com/ubuntu jammy-updates/main amd64 dirmngr amd64 2.2.27-3ubuntu2.5 [293 kB]
    node-redmine: Get:3 http://archive.ubuntu.com/ubuntu jammy-updates/main amd64 gpg-wks-server amd64 2.2.27-3ubuntu2.5 [57.6 kB]
    node-redmine: Get:4 http://archive.ubuntu.com/ubuntu jammy-updates/main amd64 gnupg-utils amd64 2.2.27-3ubuntu2.5 [309 kB]
    node-redmine: Get:5 http://archive.ubuntu.com/ubuntu jammy-updates/main amd64 gpg-agent amd64 2.2.27-3ubuntu2.5 [209 kB]
    node-redmine: Get:6 http://archive.ubuntu.com/ubuntu jammy-updates/main amd64 gpg amd64 2.2.27-3ubuntu2.5 [519 kB]
    node-redmine: Get:7 http://archive.ubuntu.com/ubuntu jammy-updates/main amd64 gpgconf amd64 2.2.27-3ubuntu2.5 [94.3 kB]
    node-redmine: Get:8 http://archive.ubuntu.com/ubuntu jammy-updates/main amd64 gnupg-l10n all 2.2.27-3ubuntu2.5 [54.5 kB]
    node-redmine: Get:9 http://archive.ubuntu.com/ubuntu jammy-updates/main amd64 gnupg all 2.2.27-3ubuntu2.5 [315 kB]
    node-redmine: Get:10 http://archive.ubuntu.com/ubuntu jammy-updates/main amd64 gpgsm amd64 2.2.27-3ubuntu2.5 [197 kB]
    node-redmine: Get:11 http://archive.ubuntu.com/ubuntu jammy-updates/main amd64 gpgv amd64 2.2.27-3ubuntu2.5 [137 kB]
    node-redmine: Get:12 http://archive.ubuntu.com/ubuntu jammy-updates/main amd64 curl amd64 7.81.0-1ubuntu1.23 [194 kB]
    node-redmine: Get:13 http://archive.ubuntu.com/ubuntu jammy-updates/main amd64 libcurl4 amd64 7.81.0-1ubuntu1.23 [290 kB]
    node-redmine: Fetched 2732 kB in 1s (3278 kB/s)
    node-redmine: (Reading database ... 
(Reading database ... 5%
(Reading database ... 10%
(Reading database ... 15%
(Reading database ... 20%
(Reading database ... 25%
(Reading database ... 30%
(Reading database ... 35%
(Reading database ... 40%
(Reading database ... 45%
(Reading database ... 50%
(Reading database ... 55%
(Reading database ... 60%
(Reading database ... 65%
(Reading database ... 70%
(Reading database ... 75%
(Reading database ... 80%
(Reading database ... 85%
(Reading database ... 90%
(Reading database ... 95%
(Reading database ... 100%
(Reading database ... 64257 files and directories currently installed.)
    node-redmine: Preparing to unpack .../00-gpg-wks-client_2.2.27-3ubuntu2.5_amd64.deb ...
    node-redmine: Unpacking gpg-wks-client (2.2.27-3ubuntu2.5) over (2.2.27-3ubuntu2.4) ...
    node-redmine: Preparing to unpack .../01-dirmngr_2.2.27-3ubuntu2.5_amd64.deb ...
    node-redmine: Unpacking dirmngr (2.2.27-3ubuntu2.5) over (2.2.27-3ubuntu2.4) ...
    node-redmine: Preparing to unpack .../02-gpg-wks-server_2.2.27-3ubuntu2.5_amd64.deb ...
    node-redmine: Unpacking gpg-wks-server (2.2.27-3ubuntu2.5) over (2.2.27-3ubuntu2.4) ...
    node-redmine: Preparing to unpack .../03-gnupg-utils_2.2.27-3ubuntu2.5_amd64.deb ...
    node-redmine: Unpacking gnupg-utils (2.2.27-3ubuntu2.5) over (2.2.27-3ubuntu2.4) ...
    node-redmine: Preparing to unpack .../04-gpg-agent_2.2.27-3ubuntu2.5_amd64.deb ...
    node-redmine: Unpacking gpg-agent (2.2.27-3ubuntu2.5) over (2.2.27-3ubuntu2.4) ...
    node-redmine: Preparing to unpack .../05-gpg_2.2.27-3ubuntu2.5_amd64.deb ...
    node-redmine: Unpacking gpg (2.2.27-3ubuntu2.5) over (2.2.27-3ubuntu2.4) ...
    node-redmine: Preparing to unpack .../06-gpgconf_2.2.27-3ubuntu2.5_amd64.deb ...
    node-redmine: Unpacking gpgconf (2.2.27-3ubuntu2.5) over (2.2.27-3ubuntu2.4) ...
    node-redmine: Preparing to unpack .../07-gnupg-l10n_2.2.27-3ubuntu2.5_all.deb ...
    node-redmine: Unpacking gnupg-l10n (2.2.27-3ubuntu2.5) over (2.2.27-3ubuntu2.4) ...
    node-redmine: Preparing to unpack .../08-gnupg_2.2.27-3ubuntu2.5_all.deb ...
    node-redmine: Unpacking gnupg (2.2.27-3ubuntu2.5) over (2.2.27-3ubuntu2.4) ...
    node-redmine: Preparing to unpack .../09-gpgsm_2.2.27-3ubuntu2.5_amd64.deb ...
    node-redmine: Unpacking gpgsm (2.2.27-3ubuntu2.5) over (2.2.27-3ubuntu2.4) ...
    node-redmine: Preparing to unpack .../10-gpgv_2.2.27-3ubuntu2.5_amd64.deb ...
    node-redmine: Unpacking gpgv (2.2.27-3ubuntu2.5) over (2.2.27-3ubuntu2.4) ...
    node-redmine: Setting up gpgv (2.2.27-3ubuntu2.5) ...
    node-redmine: (Reading database ... 
(Reading database ... 5%
(Reading database ... 10%
(Reading database ... 15%
(Reading database ... 20%
(Reading database ... 25%
(Reading database ... 30%
(Reading database ... 35%
(Reading database ... 40%
(Reading database ... 45%
(Reading database ... 50%
(Reading database ... 55%
(Reading database ... 60%
(Reading database ... 65%
(Reading database ... 70%
(Reading database ... 75%
(Reading database ... 80%
(Reading database ... 85%
(Reading database ... 90%
(Reading database ... 95%
(Reading database ... 100%
(Reading database ... 64257 files and directories currently installed.)
    node-redmine: Preparing to unpack .../curl_7.81.0-1ubuntu1.23_amd64.deb ...
    node-redmine: Unpacking curl (7.81.0-1ubuntu1.23) over (7.81.0-1ubuntu1.20) ...
    node-redmine: Preparing to unpack .../libcurl4_7.81.0-1ubuntu1.23_amd64.deb ...
    node-redmine: Unpacking libcurl4:amd64 (7.81.0-1ubuntu1.23) over (7.81.0-1ubuntu1.20) ...
    node-redmine: Setting up gnupg-l10n (2.2.27-3ubuntu2.5) ...
    node-redmine: Setting up gpgconf (2.2.27-3ubuntu2.5) ...
    node-redmine: Setting up libcurl4:amd64 (7.81.0-1ubuntu1.23) ...
    node-redmine: Setting up curl (7.81.0-1ubuntu1.23) ...
    node-redmine: Setting up gpg (2.2.27-3ubuntu2.5) ...
    node-redmine: Setting up gnupg-utils (2.2.27-3ubuntu2.5) ...
    node-redmine: Setting up gpg-agent (2.2.27-3ubuntu2.5) ...
    node-redmine: Setting up gpgsm (2.2.27-3ubuntu2.5) ...
    node-redmine: Setting up dirmngr (2.2.27-3ubuntu2.5) ...
    node-redmine: Setting up gpg-wks-server (2.2.27-3ubuntu2.5) ...
    node-redmine: Setting up gpg-wks-client (2.2.27-3ubuntu2.5) ...
    node-redmine: Setting up gnupg (2.2.27-3ubuntu2.5) ...
    node-redmine: Processing triggers for libc-bin (2.35-0ubuntu3.10) ...
    node-redmine: Processing triggers for man-db (2.10.2-1) ...
    node-redmine: Processing triggers for install-info (6.8-4build1) ...
    node-redmine: NEEDRESTART-VER: 3.5
    node-redmine: NEEDRESTART-KCUR: 5.15.0-144-generic
    node-redmine: NEEDRESTART-KEXP: 5.15.0-144-generic
    node-redmine: NEEDRESTART-KSTA: 1
    node-redmine: Reading package lists...
    node-redmine: Building dependency tree...
    node-redmine: Reading state information...
    node-redmine: The following additional packages will be installed:
    node-redmine:   docker-buildx-plugin docker-ce-rootless-extras libslirp0 pigz slirp4netns
    node-redmine: Suggested packages:
    node-redmine:   cgroupfs-mount | cgroup-lite docker-model-plugin
    node-redmine: The following NEW packages will be installed:
    node-redmine:   containerd.io docker-buildx-plugin docker-ce docker-ce-cli
    node-redmine:   docker-ce-rootless-extras docker-compose-plugin libslirp0 pigz slirp4netns
    node-redmine: 0 upgraded, 9 newly installed, 0 to remove and 134 not upgraded.
    node-redmine: Need to get 94.9 MB of archives.
    node-redmine: After this operation, 365 MB of additional disk space will be used.
    node-redmine: Get:1 http://archive.ubuntu.com/ubuntu jammy/universe amd64 pigz amd64 2.6-1 [63.6 kB]
    node-redmine: Get:2 https://download.docker.com/linux/ubuntu jammy/stable amd64 containerd.io amd64 2.2.3-1~ubuntu.22.04~jammy [23.6 MB]
    node-redmine: Get:3 http://archive.ubuntu.com/ubuntu jammy/main amd64 libslirp0 amd64 4.6.1-1build1 [61.5 kB]
    node-redmine: Get:4 http://archive.ubuntu.com/ubuntu jammy/universe amd64 slirp4netns amd64 1.0.1-2 [28.2 kB]
    node-redmine: Get:5 https://download.docker.com/linux/ubuntu jammy/stable amd64 docker-ce-cli amd64 5:29.4.1-1~ubuntu.22.04~jammy [17.0 MB]
    node-redmine: Get:6 https://download.docker.com/linux/ubuntu jammy/stable amd64 docker-ce amd64 5:29.4.1-1~ubuntu.22.04~jammy [22.7 MB]
    node-redmine: Get:7 https://download.docker.com/linux/ubuntu jammy/stable amd64 docker-buildx-plugin amd64 0.33.0-1~ubuntu.22.04~jammy [16.9 MB]
    node-redmine: Get:8 https://download.docker.com/linux/ubuntu jammy/stable amd64 docker-ce-rootless-extras amd64 5:29.4.1-1~ubuntu.22.04~jammy [6560 kB]
    node-redmine: Get:9 https://download.docker.com/linux/ubuntu jammy/stable amd64 docker-compose-plugin amd64 5.1.3-1~ubuntu.22.04~jammy [8023 kB]
    node-redmine: Fetched 94.9 MB in 8s (12.2 MB/s)
    node-redmine: Selecting previously unselected package containerd.io.
    node-redmine: (Reading database ... 
(Reading database ... 5%
(Reading database ... 10%
(Reading database ... 15%
(Reading database ... 20%
(Reading database ... 25%
(Reading database ... 30%
(Reading database ... 35%
(Reading database ... 40%
(Reading database ... 45%
(Reading database ... 50%
(Reading database ... 55%
(Reading database ... 60%
(Reading database ... 65%
(Reading database ... 70%
(Reading database ... 75%
(Reading database ... 80%
(Reading database ... 85%
(Reading database ... 90%
(Reading database ... 95%
(Reading database ... 100%
(Reading database ... 64257 files and directories currently installed.)
    node-redmine: Preparing to unpack .../0-containerd.io_2.2.3-1~ubuntu.22.04~jammy_amd64.deb ...
    node-redmine: Unpacking containerd.io (2.2.3-1~ubuntu.22.04~jammy) ...
    node-redmine: Selecting previously unselected package docker-ce-cli.
    node-redmine: Preparing to unpack .../1-docker-ce-cli_5%3a29.4.1-1~ubuntu.22.04~jammy_amd64.deb ...
    node-redmine: Unpacking docker-ce-cli (5:29.4.1-1~ubuntu.22.04~jammy) ...
    node-redmine: Selecting previously unselected package docker-ce.
    node-redmine: Preparing to unpack .../2-docker-ce_5%3a29.4.1-1~ubuntu.22.04~jammy_amd64.deb ...
    node-redmine: Unpacking docker-ce (5:29.4.1-1~ubuntu.22.04~jammy) ...
    node-redmine: Selecting previously unselected package pigz.
    node-redmine: Preparing to unpack .../3-pigz_2.6-1_amd64.deb ...
    node-redmine: Unpacking pigz (2.6-1) ...
    node-redmine: Selecting previously unselected package docker-buildx-plugin.
    node-redmine: Preparing to unpack .../4-docker-buildx-plugin_0.33.0-1~ubuntu.22.04~jammy_amd64.deb ...
    node-redmine: Unpacking docker-buildx-plugin (0.33.0-1~ubuntu.22.04~jammy) ...
    node-redmine: Selecting previously unselected package docker-ce-rootless-extras.
    node-redmine: Preparing to unpack .../5-docker-ce-rootless-extras_5%3a29.4.1-1~ubuntu.22.04~jammy_amd64.deb ...
    node-redmine: Unpacking docker-ce-rootless-extras (5:29.4.1-1~ubuntu.22.04~jammy) ...
    node-redmine: Selecting previously unselected package docker-compose-plugin.
    node-redmine: Preparing to unpack .../6-docker-compose-plugin_5.1.3-1~ubuntu.22.04~jammy_amd64.deb ...
    node-redmine: Unpacking docker-compose-plugin (5.1.3-1~ubuntu.22.04~jammy) ...
    node-redmine: Selecting previously unselected package libslirp0:amd64.
    node-redmine: Preparing to unpack .../7-libslirp0_4.6.1-1build1_amd64.deb ...
    node-redmine: Unpacking libslirp0:amd64 (4.6.1-1build1) ...
    node-redmine: Selecting previously unselected package slirp4netns.
    node-redmine: Preparing to unpack .../8-slirp4netns_1.0.1-2_amd64.deb ...
    node-redmine: Unpacking slirp4netns (1.0.1-2) ...
    node-redmine: Setting up docker-buildx-plugin (0.33.0-1~ubuntu.22.04~jammy) ...
    node-redmine: Setting up containerd.io (2.2.3-1~ubuntu.22.04~jammy) ...
    node-redmine: Created symlink /etc/systemd/system/multi-user.target.wants/containerd.service → /lib/systemd/system/containerd.service.
    node-redmine: Setting up docker-compose-plugin (5.1.3-1~ubuntu.22.04~jammy) ...
    node-redmine: Setting up docker-ce-cli (5:29.4.1-1~ubuntu.22.04~jammy) ...
    node-redmine: Setting up libslirp0:amd64 (4.6.1-1build1) ...
    node-redmine: Setting up pigz (2.6-1) ...
    node-redmine: Setting up docker-ce-rootless-extras (5:29.4.1-1~ubuntu.22.04~jammy) ...
    node-redmine: Setting up slirp4netns (1.0.1-2) ...
    node-redmine: Setting up docker-ce (5:29.4.1-1~ubuntu.22.04~jammy) ...
    node-redmine: Created symlink /etc/systemd/system/multi-user.target.wants/docker.service → /lib/systemd/system/docker.service.
    node-redmine: Created symlink /etc/systemd/system/sockets.target.wants/docker.socket → /lib/systemd/system/docker.socket.
    node-redmine: Processing triggers for man-db (2.10.2-1) ...
    node-redmine: Processing triggers for libc-bin (2.35-0ubuntu3.10) ...
    node-redmine: NEEDRESTART-VER: 3.5
    node-redmine: NEEDRESTART-KCUR: 5.15.0-144-generic
    node-redmine: NEEDRESTART-KEXP: 5.15.0-144-generic
    node-redmine: NEEDRESTART-KSTA: 1
    node-redmine: Synchronizing state of docker.service with SysV service script with /lib/systemd/systemd-sysv-install.
    node-redmine: Executing: /lib/systemd/systemd-sysv-install enable docker
    node-redmine: Firewall is active and enabled on system startup
    node-redmine: Rule added
    node-redmine: Rule added (v6)
    node-redmine: Rule added
    node-redmine: Rule added (v6)
    node-redmine: Rule added
    node-redmine: Rule added (v6)
    node-redmine: Rule added
    node-redmine: Rule added (v6)
    node-redmine:  Image redmine:5.1 Pulling
    node-redmine:  Image postgres:15 Pulling
    node-redmine:  26803cb302a4 Pulling fs layer 0B
    node-redmine:  3531af2bc2a9 Pulling fs layer 0B
    node-redmine:  be67b9cdfb60 Pulling fs layer 0B
    node-redmine:  c375454b4ff0 Pulling fs layer 0B
    node-redmine:  ff8482cd03b7 Pulling fs layer 0B
    node-redmine:  ac28d232c7f3 Pulling fs layer 0B
    node-redmine:  fa77b44f96d2 Pulling fs layer 0B
    node-redmine:  dd1cc88a000a Pulling fs layer 0B
    node-redmine:  58e6420a0782 Pulling fs layer 0B
    node-redmine:  4c7f2d7f4f80 Pulling fs layer 0B
    node-redmine:  3e0c43622abe Pulling fs layer 0B
    node-redmine:  0892560966bb Pulling fs layer 0B
    node-redmine:  9fa019823549 Pulling fs layer 0B
    node-redmine:  00da1877cea6 Pulling fs layer 0B
    node-redmine:  00da1877cea6 Downloading 6.095kB
    node-redmine:  5435b2dcdf5c Pulling fs layer 0B
    node-redmine:  8b19bcf10fc2 Pulling fs layer 0B
    node-redmine:  e1640434ec76 Pulling fs layer 0B
    node-redmine:  0fe3834d483d Pulling fs layer 0B
    node-redmine:  863367889287 Pulling fs layer 0B
    node-redmine:  d605ebef552c Pulling fs layer 0B
    node-redmine:  009f9243ff5c Pulling fs layer 0B
    node-redmine:  281affa84bd9 Pulling fs layer 0B
    node-redmine:  98baad10e4e4 Pulling fs layer 0B
    node-redmine:  96631895b575 Pulling fs layer 0B
    node-redmine:  2f70b6f11009 Pulling fs layer 0B
    node-redmine:  fafa0ca1b8c4 Pulling fs layer 0B
    node-redmine:  8ab0dd849fc9 Pulling fs layer 0B
    node-redmine:  00da1877cea6 Download complete 0B
    node-redmine:  26803cb302a4 Downloading 185B
    node-redmine:  14c26c45f021 Download complete 0B
    node-redmine:  dd1cc88a000a Download complete 0B
    node-redmine:  58e6420a0782 Downloading 3.14kB
    node-redmine:  26803cb302a4 Download complete 0B
    node-redmine:  be67b9cdfb60 Download complete 0B
    node-redmine:  0892560966bb Downloading 127B
    node-redmine:  3e0c43622abe Downloading 9.886kB
    node-redmine:  9fa019823549 Downloading 167B
    node-redmine:  efbbe761aeda Downloading 40.6kB
    node-redmine:  9fa019823549 Download complete 0B
    node-redmine:  58e6420a0782 Download complete 0B
    node-redmine:  efbbe761aeda Download complete 0B
    node-redmine:  8ab0dd849fc9 Downloading 2.413kB
    node-redmine:  0892560966bb Download complete 0B
    node-redmine:  3e0c43622abe Download complete 0B
    node-redmine:  8ab0dd849fc9 Download complete 0B
    node-redmine:  863367889287 Downloading 143B
    node-redmine:  98baad10e4e4 Downloading 139B
    node-redmine:  e1640434ec76 Downloading 190B
    node-redmine:  96631895b575 Downloading 123B
    node-redmine:  863367889287 Downloading 143B
    node-redmine:  98baad10e4e4 Downloading 139B
    node-redmine:  e1640434ec76 Download complete 0B
    node-redmine:  d605ebef552c Downloading 1.109kB
    node-redmine:  96631895b575 Downloading 123B
    node-redmine:  ee662d4e76ff Downloading 1.049MB
    node-redmine:  3531af2bc2a9 Downloading 1.049MB
    node-redmine:  ff8482cd03b7 Downloading 1.049MB
    node-redmine:  4c7f2d7f4f80 Downloading 1.049MB
    node-redmine:  c375454b4ff0 Downloading 1.049MB
    node-redmine:  ac28d232c7f3 Downloading 1.049MB
    node-redmine:  fa77b44f96d2 Downloading 1.049MB
    node-redmine:  98baad10e4e4 Downloading 139B
    node-redmine:  d605ebef552c Downloading 1.109kB
    node-redmine:  96631895b575 Download complete 0B
    node-redmine:  863367889287 Downloading 143B
    node-redmine:  98baad10e4e4 Download complete 0B
    node-redmine:  d605ebef552c Downloading 1.109kB
    node-redmine:  863367889287 Download complete 0B
    node-redmine:  fa77b44f96d2 Downloading 1.312MB
    node-redmine:  ee662d4e76ff Downloading 2.097MB
    node-redmine:  3531af2bc2a9 Downloading 1.049MB
    node-redmine:  ff8482cd03b7 Downloading 1.257MB
    node-redmine:  4c7f2d7f4f80 Downloading 1.049MB
    node-redmine:  c375454b4ff0 Downloading 1.049MB
    node-redmine:  ac28d232c7f3 Downloading 1.049MB
    node-redmine:  5435b2dcdf5c Downloading 1.049MB
    node-redmine:  009f9243ff5c Downloading 1.049MB
    node-redmine:  d605ebef552c Download complete 0B
    node-redmine:  fa77b44f96d2 Download complete 0B
    node-redmine:  ee662d4e76ff Downloading 2.097MB
    node-redmine:  3531af2bc2a9 Downloading 2.097MB
    node-redmine:  ff8482cd03b7 Download complete 0B
    node-redmine:  4c7f2d7f4f80 Downloading 2.097MB
    node-redmine:  c375454b4ff0 Downloading 2.097MB
    node-redmine:  ac28d232c7f3 Downloading 2.097MB
    node-redmine:  fafa0ca1b8c4 Downloading 1.049MB
    node-redmine:  5435b2dcdf5c Downloading 1.049MB
    node-redmine:  8b19bcf10fc2 Downloading 1.049MB
    node-redmine:  009f9243ff5c Downloading 1.049MB
    node-redmine:  0fe3834d483d Downloading 1.049MB
    node-redmine:  009f9243ff5c Downloading 2.097MB
    node-redmine:  281affa84bd9 Downloading 950.4kB
    node-redmine:  2f70b6f11009 Downloading 1.049MB
    node-redmine:  fafa0ca1b8c4 Downloading 1.049MB
    node-redmine:  5435b2dcdf5c Downloading 2.097MB
    node-redmine:  ee662d4e76ff Downloading 3.146MB
    node-redmine:  3531af2bc2a9 Downloading 3.146MB
    node-redmine:  4c7f2d7f4f80 Downloading 3.146MB
    node-redmine:  c375454b4ff0 Downloading 2.097MB
    node-redmine:  ac28d232c7f3 Downloading 3.146MB
    node-redmine:  8b19bcf10fc2 Download complete 0B
    node-redmine:  5435b2dcdf5c Downloading 2.097MB
    node-redmine:  0fe3834d483d Downloading 2.097MB
    node-redmine:  009f9243ff5c Downloading 2.097MB
    node-redmine:  281affa84bd9 Download complete 0B
    node-redmine:  2f70b6f11009 Downloading 1.049MB
    node-redmine:  fafa0ca1b8c4 Downloading 2.097MB
    node-redmine:  ee662d4e76ff Downloading 4.194MB
    node-redmine:  3531af2bc2a9 Downloading 4.194MB
    node-redmine:  4c7f2d7f4f80 Downloading 4.194MB
    node-redmine:  c375454b4ff0 Downloading 3.146MB
    node-redmine:  ac28d232c7f3 Downloading 3.146MB
    node-redmine:  5435b2dcdf5c Downloading 3.146MB
    node-redmine:  0fe3834d483d Downloading 2.097MB
    node-redmine:  009f9243ff5c Downloading 3.146MB
    node-redmine:  2f70b6f11009 Downloading 2.097MB
    node-redmine:  fafa0ca1b8c4 Downloading 2.097MB
    node-redmine:  ee662d4e76ff Downloading 5.643MB
    node-redmine:  3531af2bc2a9 Downloading 4.194MB
    node-redmine:  4c7f2d7f4f80 Downloading 4.194MB
    node-redmine:  c375454b4ff0 Downloading 4.194MB
    node-redmine:  ac28d232c7f3 Downloading 4.194MB
    node-redmine:  2f70b6f11009 Downloading 2.097MB
    node-redmine:  fafa0ca1b8c4 Downloading 3.146MB
    node-redmine:  5435b2dcdf5c Downloading 3.146MB
    node-redmine:  0fe3834d483d Downloading 3.146MB
    node-redmine:  009f9243ff5c Downloading 3.146MB
    node-redmine:  ee662d4e76ff Download complete 0B
    node-redmine:  3531af2bc2a9 Downloading 5.243MB
    node-redmine:  4c7f2d7f4f80 Downloading 5.243MB
    node-redmine:  c375454b4ff0 Downloading 5.243MB
    node-redmine:  ac28d232c7f3 Downloading 5.243MB
    node-redmine:  2f70b6f11009 Downloading 2.097MB
    node-redmine:  fafa0ca1b8c4 Downloading 4.194MB
    node-redmine:  5435b2dcdf5c Downloading 4.194MB
    node-redmine:  0fe3834d483d Downloading 3.146MB
    node-redmine:  009f9243ff5c Downloading 4.194MB
    node-redmine:  3531af2bc2a9 Downloading 6.291MB
    node-redmine:  4c7f2d7f4f80 Downloading 6.291MB
    node-redmine:  c375454b4ff0 Downloading 5.243MB
    node-redmine:  ac28d232c7f3 Downloading 5.243MB
    node-redmine:  2f70b6f11009 Download complete 0B
    node-redmine:  fafa0ca1b8c4 Downloading 4.194MB
    node-redmine:  5435b2dcdf5c Downloading 5.243MB
    node-redmine:  0fe3834d483d Downloading 4.194MB
    node-redmine:  009f9243ff5c Downloading 5.243MB
    node-redmine:  3531af2bc2a9 Downloading 7.34MB
    node-redmine:  4c7f2d7f4f80 Downloading 6.291MB
    node-redmine:  5435b2dcdf5c Downloading 5.243MB
    node-redmine:  0fe3834d483d Downloading 5.243MB
    node-redmine:  009f9243ff5c Downloading 5.243MB
    node-redmine:  fafa0ca1b8c4 Downloading 5.243MB
    node-redmine:  c375454b4ff0 Download complete 0B
    node-redmine:  ac28d232c7f3 Downloading 6.291MB
    node-redmine:  5435b2dcdf5c Downloading 6.291MB
    node-redmine:  0fe3834d483d Downloading 5.243MB
    node-redmine:  009f9243ff5c Downloading 6.291MB
    node-redmine:  fafa0ca1b8c4 Downloading 6.291MB
    node-redmine:  3531af2bc2a9 Downloading 8.389MB
    node-redmine:  4c7f2d7f4f80 Downloading 8.389MB
    node-redmine:  ac28d232c7f3 Downloading 8.204MB
    node-redmine:  5435b2dcdf5c Downloading 7.34MB
    node-redmine:  0fe3834d483d Downloading 6.291MB
    node-redmine:  009f9243ff5c Downloading 7.34MB
    node-redmine:  fafa0ca1b8c4 Downloading 7.34MB
    node-redmine:  3531af2bc2a9 Downloading 9.437MB
    node-redmine:  4c7f2d7f4f80 Downloading 9.437MB
    node-redmine:  ac28d232c7f3 Download complete 0B
    node-redmine:  fafa0ca1b8c4 Downloading 8.389MB
    node-redmine:  5435b2dcdf5c Downloading 8.462MB
    node-redmine:  0fe3834d483d Downloading 6.291MB
    node-redmine:  009f9243ff5c Downloading 9.437MB
    node-redmine:  5435b2dcdf5c Downloading 9.437MB
    node-redmine:  0fe3834d483d Downloading 6.291MB
    node-redmine:  009f9243ff5c Downloading 10.35MB
    node-redmine:  fafa0ca1b8c4 Downloading 9.437MB
    node-redmine:  4c7f2d7f4f80 Downloading 10.49MB
    node-redmine:  3531af2bc2a9 Downloading 11.53MB
    node-redmine:  5435b2dcdf5c Downloading 9.437MB
    node-redmine:  0fe3834d483d Downloading 6.291MB
    node-redmine:  009f9243ff5c Downloading 10.49MB
    node-redmine:  fafa0ca1b8c4 Downloading 9.437MB
    node-redmine:  3531af2bc2a9 Downloading 12.58MB
    node-redmine:  4c7f2d7f4f80 Downloading 11.53MB
    node-redmine:  fafa0ca1b8c4 Downloading 10.49MB
    node-redmine:  5435b2dcdf5c Downloading 10.49MB
    node-redmine:  0fe3834d483d Downloading 6.291MB
    node-redmine:  009f9243ff5c Downloading 11.53MB
    node-redmine:  3531af2bc2a9 Downloading 13.63MB
    node-redmine:  4c7f2d7f4f80 Downloading 12.58MB
    node-redmine:  fafa0ca1b8c4 Downloading 11.53MB
    node-redmine:  5435b2dcdf5c Downloading 11.53MB
    node-redmine:  0fe3834d483d Downloading 6.291MB
    node-redmine:  009f9243ff5c Downloading 11.53MB
    node-redmine:  fafa0ca1b8c4 Downloading 12.58MB
    node-redmine:  5435b2dcdf5c Downloading 12.58MB
    node-redmine:  0fe3834d483d Downloading 6.291MB
    node-redmine:  009f9243ff5c Downloading 13.63MB
    node-redmine:  3531af2bc2a9 Downloading 14.68MB
    node-redmine:  4c7f2d7f4f80 Downloading 13.63MB
    node-redmine:  fafa0ca1b8c4 Downloading 12.58MB
    node-redmine:  5435b2dcdf5c Downloading 12.58MB
    node-redmine:  0fe3834d483d Downloading 6.291MB
    node-redmine:  009f9243ff5c Downloading 13.63MB
    node-redmine:  3531af2bc2a9 Downloading 15.73MB
    node-redmine:  4c7f2d7f4f80 Downloading 14.68MB
    node-redmine:  0fe3834d483d Downloading 6.291MB
    node-redmine:  009f9243ff5c Downloading 14.68MB
    node-redmine:  fafa0ca1b8c4 Downloading 13.63MB
    node-redmine:  5435b2dcdf5c Downloading 13.63MB
    node-redmine:  3531af2bc2a9 Downloading 16.78MB
    node-redmine:  4c7f2d7f4f80 Downloading 16.78MB
    node-redmine:  5435b2dcdf5c Downloading 14.68MB
    node-redmine:  0fe3834d483d Downloading 6.291MB
    node-redmine:  009f9243ff5c Downloading 15.73MB
    node-redmine:  fafa0ca1b8c4 Downloading 14.68MB
    node-redmine:  3531af2bc2a9 Downloading 17.83MB
    node-redmine:  4c7f2d7f4f80 Downloading 16.78MB
    node-redmine:  009f9243ff5c Downloading 16.78MB
    node-redmine:  fafa0ca1b8c4 Downloading 15.73MB
    node-redmine:  5435b2dcdf5c Downloading 15.73MB
    node-redmine:  0fe3834d483d Downloading 6.291MB
    node-redmine:  5435b2dcdf5c Downloading 16.78MB
    node-redmine:  0fe3834d483d Downloading 6.291MB
    node-redmine:  009f9243ff5c Downloading 16.78MB
    node-redmine:  fafa0ca1b8c4 Downloading 16.78MB
    node-redmine:  3531af2bc2a9 Downloading 18.87MB
    node-redmine:  4c7f2d7f4f80 Downloading 18.87MB
    node-redmine:  009f9243ff5c Downloading 17.83MB
    node-redmine:  fafa0ca1b8c4 Downloading 16.78MB
    node-redmine:  5435b2dcdf5c Downloading 16.78MB
    node-redmine:  0fe3834d483d Downloading 6.291MB
    node-redmine:  3531af2bc2a9 Downloading 19.92MB
    node-redmine:  4c7f2d7f4f80 Downloading 18.87MB
    node-redmine:  fafa0ca1b8c4 Downloading 17.83MB
    node-redmine:  5435b2dcdf5c Downloading 17.83MB
    node-redmine:  0fe3834d483d Downloading 6.291MB
    node-redmine:  009f9243ff5c Downloading 18.87MB
    node-redmine:  3531af2bc2a9 Downloading 20.97MB
    node-redmine:  4c7f2d7f4f80 Downloading 19.92MB
    node-redmine:  009f9243ff5c Downloading 19.92MB
    node-redmine:  fafa0ca1b8c4 Downloading 18.87MB
    node-redmine:  5435b2dcdf5c Downloading 18.87MB
    node-redmine:  0fe3834d483d Downloading 6.291MB
    node-redmine:  5435b2dcdf5c Downloading 18.87MB
    node-redmine:  3531af2bc2a9 Downloading 22.02MB
    node-redmine:  4c7f2d7f4f80 Downloading 20.97MB
    node-redmine:  0fe3834d483d Downloading 6.291MB
    node-redmine:  009f9243ff5c Downloading 19.92MB
    node-redmine:  fafa0ca1b8c4 Downloading 19.92MB
    node-redmine:  fafa0ca1b8c4 Downloading 19.92MB
    node-redmine:  5435b2dcdf5c Downloading 18.87MB
    node-redmine:  3531af2bc2a9 Downloading 22.02MB
    node-redmine:  4c7f2d7f4f80 Downloading 20.97MB
    node-redmine:  0fe3834d483d Downloading 6.291MB
    node-redmine:  009f9243ff5c Downloading 19.92MB
    node-redmine:  fafa0ca1b8c4 Downloading 20.97MB
    node-redmine:  5435b2dcdf5c Downloading 19.92MB
    node-redmine:  0fe3834d483d Downloading 6.291MB
    node-redmine:  009f9243ff5c Downloading 19.92MB
    node-redmine:  3531af2bc2a9 Downloading 22.02MB
    node-redmine:  4c7f2d7f4f80 Downloading 22.02MB
    node-redmine:  0fe3834d483d Downloading 6.291MB
    node-redmine:  009f9243ff5c Downloading 20.97MB
    node-redmine:  fafa0ca1b8c4 Downloading 20.97MB
    node-redmine:  5435b2dcdf5c Downloading 20.97MB
    node-redmine:  3531af2bc2a9 Downloading 23.07MB
    node-redmine:  4c7f2d7f4f80 Downloading 23.07MB
    node-redmine:  fafa0ca1b8c4 Downloading 22.02MB
    node-redmine:  5435b2dcdf5c Downloading 22.02MB
    node-redmine:  0fe3834d483d Downloading 6.291MB
    node-redmine:  009f9243ff5c Downloading 22.02MB
    node-redmine:  3531af2bc2a9 Downloading 24.12MB
    node-redmine:  4c7f2d7f4f80 Downloading 24.12MB
    node-redmine:  0fe3834d483d Downloading 6.291MB
    node-redmine:  009f9243ff5c Downloading 22.02MB
    node-redmine:  fafa0ca1b8c4 Downloading 22.02MB
    node-redmine:  5435b2dcdf5c Downloading 22.02MB
    node-redmine:  3531af2bc2a9 Downloading 24.12MB
    node-redmine:  4c7f2d7f4f80 Downloading 24.12MB
    node-redmine:  009f9243ff5c Downloading 23.07MB
    node-redmine:  fafa0ca1b8c4 Downloading 23.07MB
    node-redmine:  5435b2dcdf5c Downloading 23.07MB
    node-redmine:  0fe3834d483d Downloading 6.291MB
    node-redmine:  3531af2bc2a9 Downloading 25.17MB
    node-redmine:  4c7f2d7f4f80 Downloading 25.17MB
    node-redmine:  fafa0ca1b8c4 Downloading 24.12MB
    node-redmine:  5435b2dcdf5c Downloading 24.12MB
    node-redmine:  0fe3834d483d Downloading 6.291MB
    node-redmine:  009f9243ff5c Downloading 24.12MB
    node-redmine:  4c7f2d7f4f80 Downloading 26.21MB
    node-redmine:  3531af2bc2a9 Downloading 26.21MB
    node-redmine:  0fe3834d483d Downloading 6.291MB
    node-redmine:  009f9243ff5c Downloading 25.17MB
    node-redmine:  fafa0ca1b8c4 Downloading 25.17MB
    node-redmine:  5435b2dcdf5c Downloading 25.17MB
    node-redmine:  fafa0ca1b8c4 Downloading 26.21MB
    node-redmine:  5435b2dcdf5c Downloading 26.21MB
    node-redmine:  0fe3834d483d Downloading 6.291MB
    node-redmine:  009f9243ff5c Downloading 26.21MB
    node-redmine:  3531af2bc2a9 Downloading 27.26MB
    node-redmine:  4c7f2d7f4f80 Downloading 28.31MB
    node-redmine:  fafa0ca1b8c4 Downloading 26.21MB
    node-redmine:  5435b2dcdf5c Downloading 27.26MB
    node-redmine:  0fe3834d483d Downloading 6.291MB
    node-redmine:  009f9243ff5c Downloading 26.21MB
    node-redmine:  3531af2bc2a9 Downloading 28.31MB
    node-redmine:  4c7f2d7f4f80 Downloading 28.31MB
    node-redmine:  fafa0ca1b8c4 Downloading 27.26MB
    node-redmine:  5435b2dcdf5c Downloading 27.26MB
    node-redmine:  0fe3834d483d Downloading 6.291MB
    node-redmine:  009f9243ff5c Downloading 27.26MB
    node-redmine:  3531af2bc2a9 Downloading 29.78MB
    node-redmine:  4c7f2d7f4f80 Downloading 29.36MB
    node-redmine:  fafa0ca1b8c4 Downloading 28.31MB
    node-redmine:  5435b2dcdf5c Downloading 28.31MB
    node-redmine:  0fe3834d483d Downloading 6.291MB
    node-redmine:  009f9243ff5c Downloading 28.31MB
    node-redmine:  3531af2bc2a9 Download complete 0B
    node-redmine:  4c7f2d7f4f80 Downloading 30.41MB
    node-redmine:  5435b2dcdf5c Downloading 29.78MB
    node-redmine:  0fe3834d483d Downloading 6.291MB
    node-redmine:  009f9243ff5c Downloading 29.36MB
    node-redmine:  fafa0ca1b8c4 Downloading 29.28MB
    node-redmine:  fafa0ca1b8c4 Downloading 29.36MB
    node-redmine:  5435b2dcdf5c Download complete 0B
    node-redmine:  0fe3834d483d Downloading 6.291MB
    node-redmine:  009f9243ff5c Downloading 29.36MB
    node-redmine:  3531af2bc2a9 Extracting 1B
    node-redmine:  4c7f2d7f4f80 Downloading 31.46MB
    node-redmine:  5435b2dcdf5c Extracting 1B
    node-redmine:  0fe3834d483d Downloading 6.291MB
    node-redmine:  009f9243ff5c Downloading 31.46MB
    node-redmine:  fafa0ca1b8c4 Downloading 30.41MB
    node-redmine:  3531af2bc2a9 Extracting 1B
    node-redmine:  4c7f2d7f4f80 Downloading 33.55MB
    node-redmine:  5435b2dcdf5c Extracting 1B
    node-redmine:  0fe3834d483d Downloading 6.291MB
    node-redmine:  009f9243ff5c Downloading 32.51MB
    node-redmine:  fafa0ca1b8c4 Downloading 32.51MB
    node-redmine:  3531af2bc2a9 Extracting 2B
    node-redmine:  4c7f2d7f4f80 Downloading 35.65MB
    node-redmine:  5435b2dcdf5c Extracting 2B
    node-redmine:  fafa0ca1b8c4 Downloading 33.55MB
    node-redmine:  0fe3834d483d Downloading 6.291MB
    node-redmine:  009f9243ff5c Downloading 33.55MB
    node-redmine:  3531af2bc2a9 Extracting 3B
    node-redmine:  4c7f2d7f4f80 Downloading 37.75MB
    node-redmine:  5435b2dcdf5c Extracting 3B
    node-redmine:  fafa0ca1b8c4 Downloading 35.65MB
    node-redmine:  0fe3834d483d Downloading 6.291MB
    node-redmine:  009f9243ff5c Downloading 35.65MB
    node-redmine:  5435b2dcdf5c Extracting 3B
    node-redmine:  fafa0ca1b8c4 Downloading 35.65MB
    node-redmine:  0fe3834d483d Downloading 6.291MB
    node-redmine:  3531af2bc2a9 Extracting 3B
    node-redmine:  009f9243ff5c Downloading 35.65MB
    node-redmine:  4c7f2d7f4f80 Downloading 38.8MB
    node-redmine:  5435b2dcdf5c Extracting 3B
    node-redmine:  fafa0ca1b8c4 Downloading 36.7MB
    node-redmine:  0fe3834d483d Downloading 6.291MB
    node-redmine:  009f9243ff5c Downloading 35.65MB
    node-redmine:  3531af2bc2a9 Extracting 4B
    node-redmine:  4c7f2d7f4f80 Downloading 38.8MB
    node-redmine:  5435b2dcdf5c Extracting 4B
    node-redmine:  0fe3834d483d Downloading 6.291MB
    node-redmine:  009f9243ff5c Downloading 37.75MB
    node-redmine:  fafa0ca1b8c4 Downloading 37.75MB
    node-redmine:  3531af2bc2a9 Extracting 5B
    node-redmine:  4c7f2d7f4f80 Downloading 39.85MB
    node-redmine:  5435b2dcdf5c Extracting 4B
    node-redmine:  0fe3834d483d Downloading 6.291MB
    node-redmine:  009f9243ff5c Downloading 38.8MB
    node-redmine:  fafa0ca1b8c4 Downloading 38.8MB
    node-redmine:  3531af2bc2a9 Extracting 5B
    node-redmine:  5435b2dcdf5c Extracting 5B
    node-redmine:  4c7f2d7f4f80 Downloading 41.94MB
    node-redmine:  fafa0ca1b8c4 Downloading 39.85MB
    node-redmine:  0fe3834d483d Downloading 6.291MB
    node-redmine:  009f9243ff5c Downloading 39.85MB
    node-redmine:  5435b2dcdf5c Extracting 6B
    node-redmine:  3531af2bc2a9 Extracting 6B
    node-redmine:  0fe3834d483d Downloading 6.291MB
    node-redmine:  009f9243ff5c Downloading 41.94MB
    node-redmine:  fafa0ca1b8c4 Downloading 42.99MB
    node-redmine:  4c7f2d7f4f80 Downloading 45.09MB
    node-redmine:  5435b2dcdf5c Extracting 6B
    node-redmine:  0fe3834d483d Downloading 6.291MB
    node-redmine:  009f9243ff5c Downloading 44.04MB
    node-redmine:  fafa0ca1b8c4 Downloading 45.09MB
    node-redmine:  3531af2bc2a9 Extracting 7B
    node-redmine:  4c7f2d7f4f80 Downloading 47.19MB
    node-redmine:  5435b2dcdf5c Extracting 7B
    node-redmine:  fafa0ca1b8c4 Downloading 46.14MB
    node-redmine:  0fe3834d483d Downloading 6.291MB
    node-redmine:  009f9243ff5c Downloading 45.09MB
    node-redmine:  3531af2bc2a9 Extracting 8B
    node-redmine:  4c7f2d7f4f80 Downloading 49.51MB
    node-redmine:  5435b2dcdf5c Extracting 8B
    node-redmine:  009f9243ff5c Downloading 47.19MB
    node-redmine:  fafa0ca1b8c4 Downloading 47.19MB
    node-redmine:  0fe3834d483d Downloading 6.291MB
    node-redmine:  3531af2bc2a9 Extracting 9B
    node-redmine:  4c7f2d7f4f80 Downloading 50.33MB
    node-redmine:  5435b2dcdf5c Extracting 8B
    node-redmine:  0fe3834d483d Downloading 6.291MB
    node-redmine:  009f9243ff5c Downloading 48.23MB
    node-redmine:  fafa0ca1b8c4 Downloading 49.28MB
    node-redmine:  3531af2bc2a9 Extracting 9B
    node-redmine:  5435b2dcdf5c Extracting 9B
    node-redmine:  4c7f2d7f4f80 Downloading 52.43MB
    node-redmine:  009f9243ff5c Downloading 49.28MB
    node-redmine:  fafa0ca1b8c4 Downloading 50.33MB
    node-redmine:  0fe3834d483d Downloading 6.291MB
    node-redmine:  5435b2dcdf5c Extracting 9B
    node-redmine:  fafa0ca1b8c4 Downloading 51.38MB
    node-redmine:  0fe3834d483d Downloading 6.291MB
    node-redmine:  009f9243ff5c Downloading 51.36MB
    node-redmine:  3531af2bc2a9 Extracting 10B
    node-redmine:  4c7f2d7f4f80 Downloading 55.52MB
    node-redmine:  5435b2dcdf5c Extracting 10B
    node-redmine:  0fe3834d483d Downloading 6.291MB
    node-redmine:  009f9243ff5c Downloading 53.48MB
    node-redmine:  fafa0ca1b8c4 Downloading 54.83MB
    node-redmine:  3531af2bc2a9 Extracting 11B
    node-redmine:  4c7f2d7f4f80 Downloading 56.62MB
    node-redmine:  5435b2dcdf5c Extracting 10B
    node-redmine:  fafa0ca1b8c4 Download complete 0B
    node-redmine:  0fe3834d483d Downloading 6.291MB
    node-redmine:  009f9243ff5c Downloading 54.53MB
    node-redmine:  3531af2bc2a9 Extracting 11B
    node-redmine:  4c7f2d7f4f80 Downloading 57.67MB
    node-redmine:  5435b2dcdf5c Extracting 11B
    node-redmine:  009f9243ff5c Downloading 55.57MB
    node-redmine:  0fe3834d483d Downloading 6.291MB
    node-redmine:  3531af2bc2a9 Extracting 11B
    node-redmine:  4c7f2d7f4f80 Downloading 58.72MB
    node-redmine:  5435b2dcdf5c Extracting 11B
    node-redmine:  0fe3834d483d Downloading 6.291MB
    node-redmine:  009f9243ff5c Downloading 56.62MB
    node-redmine:  3531af2bc2a9 Extracting 12B
    node-redmine:  4c7f2d7f4f80 Downloading 62.91MB
    node-redmine:  5435b2dcdf5c Extracting 12B
    node-redmine:  009f9243ff5c Downloading 59.77MB
    node-redmine:  0fe3834d483d Downloading 6.291MB
    node-redmine:  3531af2bc2a9 Extracting 13B
    node-redmine:  5435b2dcdf5c Extracting 12B
    node-redmine:  4c7f2d7f4f80 Downloading 62.91MB
    node-redmine:  0fe3834d483d Downloading 6.291MB
    node-redmine:  009f9243ff5c Downloading 60.82MB
    node-redmine:  5435b2dcdf5c Extracting 13B
    node-redmine:  3531af2bc2a9 Extracting 13B
    node-redmine:  0fe3834d483d Downloading 6.291MB
    node-redmine:  009f9243ff5c Downloading 62.91MB
    node-redmine:  4c7f2d7f4f80 Downloading 66.06MB
    node-redmine:  5435b2dcdf5c Extracting 13B
    node-redmine:  0fe3834d483d Downloading 6.291MB
    node-redmine:  009f9243ff5c Downloading 63.96MB
    node-redmine:  3531af2bc2a9 Extracting 14B
    node-redmine:  4c7f2d7f4f80 Downloading 67.11MB
    node-redmine:  5435b2dcdf5c Extracting 14B
    node-redmine:  0fe3834d483d Downloading 6.291MB
    node-redmine:  009f9243ff5c Downloading 65.01MB
    node-redmine:  3531af2bc2a9 Extracting 14B
    node-redmine:  4c7f2d7f4f80 Downloading 68.16MB
    node-redmine:  5435b2dcdf5c Extracting 14B
    node-redmine:  0fe3834d483d Downloading 6.291MB
    node-redmine:  009f9243ff5c Downloading 67.11MB
    node-redmine:  3531af2bc2a9 Extracting 15B
    node-redmine:  4c7f2d7f4f80 Downloading 70.25MB
    node-redmine:  5435b2dcdf5c Extracting 15B
    node-redmine:  0fe3834d483d Downloading 6.291MB
    node-redmine:  009f9243ff5c Downloading 69.21MB
    node-redmine:  3531af2bc2a9 Extracting 15B
    node-redmine:  4c7f2d7f4f80 Downloading 72.35MB
    node-redmine:  5435b2dcdf5c Extracting 15B
    node-redmine:  0fe3834d483d Downloading 6.291MB
    node-redmine:  009f9243ff5c Downloading 71.3MB
    node-redmine:  3531af2bc2a9 Extracting 16B
    node-redmine:  4c7f2d7f4f80 Downloading 72.35MB
    node-redmine:  5435b2dcdf5c Extracting 15B
    node-redmine:  0fe3834d483d Downloading 6.291MB
    node-redmine:  009f9243ff5c Downloading 72.35MB
    node-redmine:  5435b2dcdf5c Extracting 16B
    node-redmine:  3531af2bc2a9 Extracting 16B
    node-redmine:  4c7f2d7f4f80 Downloading 74.45MB
    node-redmine:  0fe3834d483d Downloading 6.291MB
    node-redmine:  009f9243ff5c Downloading 72.35MB
    node-redmine:  5435b2dcdf5c Extracting 16B
    node-redmine:  3531af2bc2a9 Extracting 17B
    node-redmine:  0fe3834d483d Downloading 6.291MB
    node-redmine:  009f9243ff5c Downloading 74.45MB
    node-redmine:  4c7f2d7f4f80 Downloading 76.55MB
    node-redmine:  5435b2dcdf5c Extracting 17B
    node-redmine:  0fe3834d483d Downloading 6.291MB
    node-redmine:  009f9243ff5c Downloading 74.45MB
    node-redmine:  3531af2bc2a9 Extracting 17B
    node-redmine:  4c7f2d7f4f80 Downloading 76.55MB
    node-redmine:  5435b2dcdf5c Extracting 17B
    node-redmine:  0fe3834d483d Downloading 6.291MB
    node-redmine:  009f9243ff5c Downloading 75.5MB
    node-redmine:  3531af2bc2a9 Extracting 18B
    node-redmine:  4c7f2d7f4f80 Downloading 78.64MB
    node-redmine:  5435b2dcdf5c Extracting 18B
    node-redmine:  009f9243ff5c Downloading 76.55MB
    node-redmine:  0fe3834d483d Downloading 6.291MB
    node-redmine:  3531af2bc2a9 Extracting 18B
    node-redmine:  4c7f2d7f4f80 Downloading 79.69MB
    node-redmine:  5435b2dcdf5c Extracting 18B
    node-redmine:  0fe3834d483d Downloading 6.291MB
    node-redmine:  009f9243ff5c Downloading 77.59MB
    node-redmine:  3531af2bc2a9 Extracting 19B
    node-redmine:  4c7f2d7f4f80 Downloading 80.74MB
    node-redmine:  5435b2dcdf5c Extracting 18B
    node-redmine:  0fe3834d483d Downloading 6.291MB
    node-redmine:  009f9243ff5c Downloading 77.59MB
    node-redmine:  3531af2bc2a9 Extracting 19B
    node-redmine:  4c7f2d7f4f80 Downloading 81.79MB
    node-redmine:  5435b2dcdf5c Extracting 18B
    node-redmine:  0fe3834d483d Downloading 6.291MB
    node-redmine:  009f9243ff5c Downloading 78.64MB
    node-redmine:  3531af2bc2a9 Extracting 19B
    node-redmine:  5435b2dcdf5c Extracting 19B
    node-redmine:  4c7f2d7f4f80 Downloading 82.84MB
    node-redmine:  0fe3834d483d Downloading 6.291MB
    node-redmine:  009f9243ff5c Downloading 80.74MB
    node-redmine:  5435b2dcdf5c Extracting 19B
    node-redmine:  3531af2bc2a9 Extracting 20B
    node-redmine:  4c7f2d7f4f80 Downloading 84.93MB
    node-redmine:  0fe3834d483d Downloading 6.291MB
    node-redmine:  009f9243ff5c Downloading 83.89MB
    node-redmine:  5435b2dcdf5c Extracting 20B
    node-redmine:  3531af2bc2a9 Extracting 21B
    node-redmine:  0fe3834d483d Downloading 6.291MB
    node-redmine:  009f9243ff5c Downloading 84.93MB
    node-redmine:  4c7f2d7f4f80 Downloading 85.98MB
    node-redmine:  5435b2dcdf5c Extracting 20B
    node-redmine:  3531af2bc2a9 Extracting 21B
    node-redmine:  0fe3834d483d Downloading 6.291MB
    node-redmine:  009f9243ff5c Downloading 87.03MB
    node-redmine:  4c7f2d7f4f80 Downloading 87.03MB
    node-redmine:  5435b2dcdf5c Extracting 21B
    node-redmine:  0fe3834d483d Downloading 6.291MB
    node-redmine:  009f9243ff5c Downloading 88.08MB
    node-redmine:  3531af2bc2a9 Pull complete 0B
    node-redmine:  4c7f2d7f4f80 Downloading 89.13MB
    node-redmine:  be67b9cdfb60 Pull complete 0B
    node-redmine:  5435b2dcdf5c Extracting 21B
    node-redmine:  0fe3834d483d Downloading 6.291MB
    node-redmine:  009f9243ff5c Downloading 90.18MB
    node-redmine:  4c7f2d7f4f80 Downloading 91.23MB
    node-redmine:  8b19bcf10fc2 Extracting 1B
    node-redmine:  5435b2dcdf5c Pull complete 0B
    node-redmine:  009f9243ff5c Downloading 91.23MB
    node-redmine:  0fe3834d483d Downloading 6.291MB
    node-redmine:  c375454b4ff0 Extracting 1B
    node-redmine:  4c7f2d7f4f80 Downloading 92.27MB
    node-redmine:  8b19bcf10fc2 Extracting 1B
    node-redmine:  009f9243ff5c Downloading 93.32MB
    node-redmine:  0fe3834d483d Downloading 6.291MB
    node-redmine:  c375454b4ff0 Extracting 1B
    node-redmine:  4c7f2d7f4f80 Downloading 93.32MB
    node-redmine:  8b19bcf10fc2 Extracting 1B
    node-redmine:  0fe3834d483d Downloading 6.291MB
    node-redmine:  009f9243ff5c Downloading 93.32MB
    node-redmine:  c375454b4ff0 Extracting 1B
    node-redmine:  4c7f2d7f4f80 Downloading 94.37MB
    node-redmine:  8b19bcf10fc2 Extracting 2B
    node-redmine:  0fe3834d483d Downloading 6.291MB
    node-redmine:  009f9243ff5c Downloading 94.86MB
    node-redmine:  c375454b4ff0 Extracting 2B
    node-redmine:  8b19bcf10fc2 Extracting 2B
    node-redmine:  4c7f2d7f4f80 Downloading 95.42MB
    node-redmine:  0fe3834d483d Downloading 6.291MB
    node-redmine:  009f9243ff5c Downloading 95.42MB
    node-redmine:  c375454b4ff0 Extracting 3B
    node-redmine:  4c7f2d7f4f80 Downloading 96.47MB
    node-redmine:  0fe3834d483d Downloading 6.291MB
    node-redmine:  009f9243ff5c Downloading 96.47MB
    node-redmine:  8b19bcf10fc2 Pull complete 0B
    node-redmine:  c375454b4ff0 Extracting 3B
    node-redmine:  4c7f2d7f4f80 Downloading 97.52MB
    node-redmine:  0fe3834d483d Downloading 6.291MB
    node-redmine:  009f9243ff5c Downloading 97.52MB
    node-redmine:  e1640434ec76 Extracting 1B
    node-redmine:  c375454b4ff0 Extracting 3B
    node-redmine:  0fe3834d483d Downloading 6.291MB
    node-redmine:  009f9243ff5c Downloading 98.57MB
    node-redmine:  4c7f2d7f4f80 Downloading 98.57MB
    node-redmine:  e1640434ec76 Pull complete 0B
    node-redmine:  0fe3834d483d Downloading 6.291MB
    node-redmine:  009f9243ff5c Downloading 98.57MB
    node-redmine:  c375454b4ff0 Extracting 4B
    node-redmine:  4c7f2d7f4f80 Downloading 99.61MB
    node-redmine:  0fe3834d483d Downloading 6.291MB
    node-redmine:  009f9243ff5c Downloading 99.61MB
    node-redmine:  c375454b4ff0 Pull complete 0B
    node-redmine:  4c7f2d7f4f80 Downloading 100.7MB
    node-redmine:  0fe3834d483d Downloading 6.291MB
    node-redmine:  009f9243ff5c Downloading 99.61MB
    node-redmine:  4c7f2d7f4f80 Downloading 100.7MB
    node-redmine:  0fe3834d483d Downloading 6.291MB
    node-redmine:  009f9243ff5c Downloading 99.61MB
    node-redmine:  ff8482cd03b7 Extracting 1B
    node-redmine:  0fe3834d483d Downloading 6.291MB
    node-redmine:  009f9243ff5c Downloading 100.7MB
    node-redmine:  4c7f2d7f4f80 Downloading 100.7MB
    node-redmine:  0fe3834d483d Downloading 6.291MB
    node-redmine:  009f9243ff5c Downloading 100.7MB
    node-redmine:  ff8482cd03b7 Extracting 1B
    node-redmine:  4c7f2d7f4f80 Downloading 101.7MB
    node-redmine:  0fe3834d483d Downloading 6.291MB
    node-redmine:  009f9243ff5c Downloading 101.7MB
    node-redmine:  ff8482cd03b7 Pull complete 0B
    node-redmine:  ac28d232c7f3 Extracting 1B
    node-redmine:  4c7f2d7f4f80 Downloading 102.8MB
    node-redmine:  0fe3834d483d Downloading 6.291MB
    node-redmine:  009f9243ff5c Downloading 102.8MB
    node-redmine:  ac28d232c7f3 Extracting 1B
    node-redmine:  4c7f2d7f4f80 Downloading 103.8MB
    node-redmine:  0fe3834d483d Downloading 6.291MB
    node-redmine:  009f9243ff5c Downloading 102.8MB
    node-redmine:  ac28d232c7f3 Extracting 1B
    node-redmine:  4c7f2d7f4f80 Downloading 104.9MB
    node-redmine:  0fe3834d483d Downloading 6.291MB
    node-redmine:  009f9243ff5c Downloading 103.8MB
    node-redmine:  ac28d232c7f3 Extracting 1B
    node-redmine:  0fe3834d483d Downloading 6.291MB
    node-redmine:  009f9243ff5c Downloading 104.9MB
    node-redmine:  4c7f2d7f4f80 Downloading 105.4MB
    node-redmine:  0fe3834d483d Downloading 6.291MB
    node-redmine:  009f9243ff5c Downloading 107MB
    node-redmine:  ac28d232c7f3 Extracting 2B
    node-redmine:  4c7f2d7f4f80 Downloading 108MB
    node-redmine:  0fe3834d483d Downloading 6.291MB
    node-redmine:  009f9243ff5c Downloading 109.9MB
    node-redmine:  ac28d232c7f3 Extracting 2B
    node-redmine:  4c7f2d7f4f80 Downloading 111MB
    node-redmine:  0fe3834d483d Downloading 6.291MB
    node-redmine:  009f9243ff5c Downloading 109.9MB
    node-redmine:  ac28d232c7f3 Extracting 2B
    node-redmine:  4c7f2d7f4f80 Downloading 111MB
    node-redmine:  009f9243ff5c Downloading 109.9MB
    node-redmine:  0fe3834d483d Downloading 6.291MB
    node-redmine:  ac28d232c7f3 Extracting 2B
    node-redmine:  0fe3834d483d Downloading 6.291MB
    node-redmine:  009f9243ff5c Download complete 0B
    node-redmine:  ac28d232c7f3 Extracting 2B
    node-redmine:  0fe3834d483d Downloading 6.291MB
    node-redmine:  4c7f2d7f4f80 Download complete 0B
    node-redmine:  ac28d232c7f3 Extracting 2B
    node-redmine:  0fe3834d483d Downloading 6.291MB
    node-redmine:  ac28d232c7f3 Extracting 2B
    node-redmine:  0fe3834d483d Downloading 6.291MB
    node-redmine:  ac28d232c7f3 Extracting 2B
    node-redmine:  0fe3834d483d Downloading 6.291MB
    node-redmine:  ac28d232c7f3 Extracting 2B
    node-redmine:  0fe3834d483d Downloading 6.291MB
    node-redmine:  ac28d232c7f3 Extracting 2B
    node-redmine:  0fe3834d483d Downloading 6.291MB
    node-redmine:  ac28d232c7f3 Extracting 3B
    node-redmine:  0fe3834d483d Downloading 6.291MB
    node-redmine:  fa77b44f96d2 Extracting 1B
    node-redmine:  ac28d232c7f3 Pull complete 0B
    node-redmine:  0fe3834d483d Downloading 6.291MB
    node-redmine:  fa77b44f96d2 Extracting 1B
    node-redmine:  0fe3834d483d Downloading 6.291MB
    node-redmine:  fa77b44f96d2 Pull complete 0B
    node-redmine:  0fe3834d483d Downloading 6.291MB
    node-redmine:  0fe3834d483d Downloading 6.291MB
    node-redmine:  dd1cc88a000a Pull complete 0B
    node-redmine:  58e6420a0782 Pull complete 0B
    node-redmine:  0fe3834d483d Downloading 6.291MB
    node-redmine:  4c7f2d7f4f80 Extracting 1B
    node-redmine:  0fe3834d483d Downloading 6.291MB
    node-redmine:  4c7f2d7f4f80 Extracting 1B
    node-redmine:  0fe3834d483d Downloading 6.291MB
    node-redmine:  4c7f2d7f4f80 Extracting 1B
    node-redmine:  0fe3834d483d Downloading 6.291MB
    node-redmine:  4c7f2d7f4f80 Extracting 1B
    node-redmine:  0fe3834d483d Downloading 6.291MB
    node-redmine:  4c7f2d7f4f80 Extracting 1B
    node-redmine:  0fe3834d483d Downloading 6.291MB
    node-redmine:  4c7f2d7f4f80 Extracting 1B
    node-redmine:  0fe3834d483d Downloading 6.291MB
    node-redmine:  4c7f2d7f4f80 Extracting 1B
    node-redmine:  0fe3834d483d Downloading 6.291MB
    node-redmine:  4c7f2d7f4f80 Extracting 1B
    node-redmine:  0fe3834d483d Downloading 6.291MB
    node-redmine:  4c7f2d7f4f80 Extracting 1B
    node-redmine:  0fe3834d483d Downloading 6.291MB
    node-redmine:  4c7f2d7f4f80 Extracting 1B
    node-redmine:  0fe3834d483d Downloading 6.291MB
    node-redmine:  4c7f2d7f4f80 Extracting 1B
    node-redmine:  0fe3834d483d Downloading 6.291MB
    node-redmine:  4c7f2d7f4f80 Extracting 2B
    node-redmine:  0fe3834d483d Downloading 6.291MB
    node-redmine:  4c7f2d7f4f80 Extracting 2B
    node-redmine:  0fe3834d483d Downloading 6.291MB
    node-redmine:  4c7f2d7f4f80 Extracting 2B
    node-redmine:  0fe3834d483d Downloading 6.291MB
    node-redmine:  4c7f2d7f4f80 Extracting 2B
    node-redmine:  0fe3834d483d Downloading 6.291MB
    node-redmine:  4c7f2d7f4f80 Extracting 2B
    node-redmine:  0fe3834d483d Downloading 6.291MB
    node-redmine:  4c7f2d7f4f80 Extracting 2B
    node-redmine:  0fe3834d483d Downloading 6.291MB
    node-redmine:  4c7f2d7f4f80 Extracting 2B
    node-redmine:  0fe3834d483d Downloading 6.291MB
    node-redmine:  4c7f2d7f4f80 Extracting 2B
    node-redmine:  0fe3834d483d Downloading 6.291MB
    node-redmine:  4c7f2d7f4f80 Extracting 2B
    node-redmine:  0fe3834d483d Downloading 6.291MB
    node-redmine:  4c7f2d7f4f80 Extracting 3B
    node-redmine:  0fe3834d483d Downloading 6.291MB
    node-redmine:  4c7f2d7f4f80 Extracting 3B
    node-redmine:  0fe3834d483d Downloading 6.291MB
    node-redmine:  4c7f2d7f4f80 Extracting 3B
    node-redmine:  0fe3834d483d Downloading 6.291MB
    node-redmine:  4c7f2d7f4f80 Extracting 3B
    node-redmine:  0fe3834d483d Downloading 7.34MB
    node-redmine:  4c7f2d7f4f80 Extracting 3B
    node-redmine:  0fe3834d483d Downloading 7.34MB
    node-redmine:  4c7f2d7f4f80 Extracting 3B
    node-redmine:  4c7f2d7f4f80 Extracting 3B
    node-redmine:  0fe3834d483d Downloading 8.389MB
    node-redmine:  4c7f2d7f4f80 Extracting 4B
    node-redmine:  0fe3834d483d Downloading 10.49MB
    node-redmine:  4c7f2d7f4f80 Extracting 4B
    node-redmine:  4c7f2d7f4f80 Extracting 4B
    node-redmine:  0fe3834d483d Downloading 10.49MB
    node-redmine:  4c7f2d7f4f80 Extracting 4B
    node-redmine:  0fe3834d483d Downloading 11.53MB
    node-redmine:  4c7f2d7f4f80 Extracting 4B
    node-redmine:  4c7f2d7f4f80 Extracting 4B
    node-redmine:  0fe3834d483d Downloading 11.53MB
    node-redmine:  4c7f2d7f4f80 Extracting 4B
    node-redmine:  0fe3834d483d Downloading 12.58MB
    node-redmine:  4c7f2d7f4f80 Extracting 4B
    node-redmine:  0fe3834d483d Downloading 13.63MB
    node-redmine:  4c7f2d7f4f80 Extracting 4B
    node-redmine:  4c7f2d7f4f80 Extracting 5B
    node-redmine:  0fe3834d483d Downloading 14.68MB
    node-redmine:  4c7f2d7f4f80 Extracting 5B
    node-redmine:  0fe3834d483d Downloading 16.78MB
    node-redmine:  4c7f2d7f4f80 Extracting 5B
    node-redmine:  4c7f2d7f4f80 Extracting 5B
    node-redmine:  0fe3834d483d Downloading 17.83MB
    node-redmine:  4c7f2d7f4f80 Extracting 5B
    node-redmine:  0fe3834d483d Downloading 17.83MB
    node-redmine:  4c7f2d7f4f80 Extracting 5B
    node-redmine:  0fe3834d483d Downloading 18.87MB
    node-redmine:  4c7f2d7f4f80 Extracting 5B
    node-redmine:  4c7f2d7f4f80 Extracting 5B
    node-redmine:  0fe3834d483d Downloading 19.92MB
    node-redmine:  4c7f2d7f4f80 Extracting 6B
    node-redmine:  0fe3834d483d Downloading 20.97MB
    node-redmine:  4c7f2d7f4f80 Extracting 6B
    node-redmine:  4c7f2d7f4f80 Extracting 6B
    node-redmine:  0fe3834d483d Downloading 22.02MB
    node-redmine:  4c7f2d7f4f80 Extracting 6B
    node-redmine:  0fe3834d483d Downloading 23.07MB
    node-redmine:  4c7f2d7f4f80 Extracting 6B
    node-redmine:  0fe3834d483d Downloading 23.07MB
    node-redmine:  4c7f2d7f4f80 Extracting 6B
    node-redmine:  4c7f2d7f4f80 Extracting 6B
    node-redmine:  0fe3834d483d Downloading 24.12MB
    node-redmine:  4c7f2d7f4f80 Extracting 6B
    node-redmine:  0fe3834d483d Downloading 25.17MB
    node-redmine:  4c7f2d7f4f80 Extracting 7B
    node-redmine:  4c7f2d7f4f80 Extracting 7B
    node-redmine:  0fe3834d483d Downloading 25.17MB
    node-redmine:  4c7f2d7f4f80 Extracting 7B
    node-redmine:  0fe3834d483d Downloading 25.51MB
    node-redmine:  4c7f2d7f4f80 Extracting 7B
    node-redmine:  0fe3834d483d Downloading 26.21MB
    node-redmine:  4c7f2d7f4f80 Extracting 7B
    node-redmine:  0fe3834d483d Downloading 27.26MB
    node-redmine:  4c7f2d7f4f80 Extracting 7B
    node-redmine:  0fe3834d483d Downloading 27.26MB
    node-redmine:  4c7f2d7f4f80 Extracting 7B
    node-redmine:  4c7f2d7f4f80 Extracting 7B
    node-redmine:  0fe3834d483d Downloading 28.31MB
    node-redmine:  4c7f2d7f4f80 Extracting 8B
    node-redmine:  0fe3834d483d Downloading 29.36MB
    node-redmine:  4c7f2d7f4f80 Extracting 8B
    node-redmine:  4c7f2d7f4f80 Extracting 8B
    node-redmine:  0fe3834d483d Downloading 30.41MB
    node-redmine:  4c7f2d7f4f80 Extracting 8B
    node-redmine:  0fe3834d483d Downloading 31.46MB
    node-redmine:  4c7f2d7f4f80 Extracting 8B
    node-redmine:  4c7f2d7f4f80 Extracting 8B
    node-redmine:  0fe3834d483d Downloading 34.6MB
    node-redmine:  4c7f2d7f4f80 Extracting 8B
    node-redmine:  0fe3834d483d Downloading 36.35MB
    node-redmine:  4c7f2d7f4f80 Extracting 8B
    node-redmine:  4c7f2d7f4f80 Extracting 8B
    node-redmine:  0fe3834d483d Downloading 36.35MB
    node-redmine:  4c7f2d7f4f80 Extracting 9B
    node-redmine:  4c7f2d7f4f80 Extracting 9B
    node-redmine:  0fe3834d483d Download complete 0B
    node-redmine:  4c7f2d7f4f80 Extracting 9B
    node-redmine:  0fe3834d483d Extracting 1B
    node-redmine:  4c7f2d7f4f80 Extracting 9B
    node-redmine:  0fe3834d483d Extracting 1B
    node-redmine:  4c7f2d7f4f80 Extracting 9B
    node-redmine:  0fe3834d483d Extracting 1B
    node-redmine:  0fe3834d483d Extracting 1B
    node-redmine:  4c7f2d7f4f80 Extracting 9B
    node-redmine:  0fe3834d483d Extracting 1B
    node-redmine:  4c7f2d7f4f80 Extracting 9B
    node-redmine:  4c7f2d7f4f80 Extracting 9B
    node-redmine:  0fe3834d483d Extracting 1B
    node-redmine:  0fe3834d483d Extracting 1B
    node-redmine:  4c7f2d7f4f80 Extracting 9B
    node-redmine:  4c7f2d7f4f80 Extracting 9B
    node-redmine:  0fe3834d483d Extracting 1B
    node-redmine:  0fe3834d483d Extracting 1B
    node-redmine:  4c7f2d7f4f80 Extracting 9B
    node-redmine:  4c7f2d7f4f80 Extracting 10B
    node-redmine:  0fe3834d483d Extracting 1B
    node-redmine:  4c7f2d7f4f80 Extracting 10B
    node-redmine:  0fe3834d483d Extracting 2B
    node-redmine:  0fe3834d483d Extracting 2B
    node-redmine:  4c7f2d7f4f80 Extracting 10B
    node-redmine:  4c7f2d7f4f80 Extracting 10B
    node-redmine:  0fe3834d483d Extracting 2B
    node-redmine:  4c7f2d7f4f80 Extracting 10B
    node-redmine:  0fe3834d483d Extracting 2B
    node-redmine:  4c7f2d7f4f80 Extracting 10B
    node-redmine:  0fe3834d483d Extracting 2B
    node-redmine:  4c7f2d7f4f80 Extracting 10B
    node-redmine:  0fe3834d483d Extracting 2B
    node-redmine:  0fe3834d483d Extracting 2B
    node-redmine:  4c7f2d7f4f80 Extracting 10B
    node-redmine:  0fe3834d483d Extracting 2B
    node-redmine:  4c7f2d7f4f80 Extracting 10B
    node-redmine:  4c7f2d7f4f80 Extracting 10B
    node-redmine:  0fe3834d483d Extracting 2B
    node-redmine:  4c7f2d7f4f80 Extracting 11B
    node-redmine:  0fe3834d483d Extracting 2B
    node-redmine:  0fe3834d483d Extracting 2B
    node-redmine:  4c7f2d7f4f80 Extracting 11B
    node-redmine:  4c7f2d7f4f80 Extracting 11B
    node-redmine:  0fe3834d483d Extracting 3B
    node-redmine:  4c7f2d7f4f80 Extracting 11B
    node-redmine:  0fe3834d483d Extracting 3B
    node-redmine:  4c7f2d7f4f80 Extracting 11B
    node-redmine:  0fe3834d483d Extracting 3B
    node-redmine:  4c7f2d7f4f80 Extracting 11B
    node-redmine:  0fe3834d483d Extracting 3B
    node-redmine:  4c7f2d7f4f80 Extracting 11B
    node-redmine:  0fe3834d483d Extracting 3B
    node-redmine:  0fe3834d483d Extracting 3B
    node-redmine:  4c7f2d7f4f80 Extracting 11B
    node-redmine:  0fe3834d483d Extracting 3B
    node-redmine:  4c7f2d7f4f80 Extracting 11B
    node-redmine:  0fe3834d483d Extracting 3B
    node-redmine:  4c7f2d7f4f80 Extracting 12B
    node-redmine:  0fe3834d483d Extracting 3B
    node-redmine:  4c7f2d7f4f80 Extracting 12B
    node-redmine:  4c7f2d7f4f80 Extracting 12B
    node-redmine:  0fe3834d483d Extracting 3B
    node-redmine:  4c7f2d7f4f80 Extracting 12B
    node-redmine:  0fe3834d483d Extracting 4B
    node-redmine:  4c7f2d7f4f80 Extracting 12B
    node-redmine:  0fe3834d483d Extracting 4B
    node-redmine:  0fe3834d483d Extracting 4B
    node-redmine:  4c7f2d7f4f80 Extracting 12B
    node-redmine:  0fe3834d483d Extracting 4B
    node-redmine:  4c7f2d7f4f80 Extracting 12B
    node-redmine:  4c7f2d7f4f80 Extracting 12B
    node-redmine:  0fe3834d483d Extracting 4B
    node-redmine:  4c7f2d7f4f80 Extracting 12B
    node-redmine:  0fe3834d483d Extracting 4B
    node-redmine:  0fe3834d483d Extracting 4B
    node-redmine:  4c7f2d7f4f80 Extracting 12B
    node-redmine:  0fe3834d483d Extracting 4B
    node-redmine:  4c7f2d7f4f80 Extracting 12B
    node-redmine:  4c7f2d7f4f80 Extracting 13B
    node-redmine:  0fe3834d483d Extracting 4B
    node-redmine:  0fe3834d483d Extracting 4B
    node-redmine:  4c7f2d7f4f80 Extracting 13B
    node-redmine:  4c7f2d7f4f80 Extracting 13B
    node-redmine:  0fe3834d483d Extracting 5B
    node-redmine:  4c7f2d7f4f80 Extracting 13B
    node-redmine:  0fe3834d483d Extracting 5B
    node-redmine:  0fe3834d483d Extracting 5B
    node-redmine:  4c7f2d7f4f80 Extracting 13B
    node-redmine:  4c7f2d7f4f80 Extracting 13B
    node-redmine:  0fe3834d483d Extracting 5B
    node-redmine:  4c7f2d7f4f80 Extracting 13B
    node-redmine:  0fe3834d483d Extracting 5B
    node-redmine:  4c7f2d7f4f80 Extracting 13B
    node-redmine:  0fe3834d483d Extracting 5B
    node-redmine:  0fe3834d483d Extracting 5B
    node-redmine:  4c7f2d7f4f80 Extracting 13B
    node-redmine:  4c7f2d7f4f80 Extracting 13B
    node-redmine:  0fe3834d483d Extracting 5B
    node-redmine:  4c7f2d7f4f80 Extracting 14B
    node-redmine:  0fe3834d483d Extracting 5B
    node-redmine:  4c7f2d7f4f80 Extracting 14B
    node-redmine:  0fe3834d483d Extracting 5B
    node-redmine:  0fe3834d483d Pull complete 0B
    node-redmine:  4c7f2d7f4f80 Extracting 14B
    node-redmine:  863367889287 Pull complete 0B
    node-redmine:  d605ebef552c Extracting 1B
    node-redmine:  4c7f2d7f4f80 Extracting 14B
    node-redmine:  d605ebef552c Pull complete 0B
    node-redmine:  009f9243ff5c Extracting 1B
    node-redmine:  4c7f2d7f4f80 Extracting 14B
    node-redmine:  009f9243ff5c Extracting 1B
    node-redmine:  4c7f2d7f4f80 Extracting 14B
    node-redmine:  009f9243ff5c Extracting 1B
    node-redmine:  4c7f2d7f4f80 Extracting 14B
    node-redmine:  4c7f2d7f4f80 Extracting 14B
    node-redmine:  009f9243ff5c Extracting 1B
    node-redmine:  009f9243ff5c Extracting 1B
    node-redmine:  4c7f2d7f4f80 Extracting 14B
    node-redmine:  009f9243ff5c Extracting 1B
    node-redmine:  4c7f2d7f4f80 Extracting 15B
    node-redmine:  009f9243ff5c Extracting 1B
    node-redmine:  4c7f2d7f4f80 Extracting 15B
    node-redmine:  009f9243ff5c Extracting 1B
    node-redmine:  4c7f2d7f4f80 Extracting 15B
    node-redmine:  009f9243ff5c Extracting 1B
    node-redmine:  4c7f2d7f4f80 Extracting 15B
    node-redmine:  4c7f2d7f4f80 Extracting 15B
    node-redmine:  009f9243ff5c Extracting 1B
    node-redmine:  4c7f2d7f4f80 Extracting 15B
    node-redmine:  009f9243ff5c Extracting 2B
    node-redmine:  4c7f2d7f4f80 Extracting 15B
    node-redmine:  009f9243ff5c Extracting 2B
    node-redmine:  009f9243ff5c Extracting 2B
    node-redmine:  4c7f2d7f4f80 Extracting 15B
    node-redmine:  009f9243ff5c Extracting 2B
    node-redmine:  4c7f2d7f4f80 Extracting 15B
    node-redmine:  009f9243ff5c Extracting 2B
    node-redmine:  4c7f2d7f4f80 Extracting 15B
    node-redmine:  009f9243ff5c Extracting 2B
    node-redmine:  4c7f2d7f4f80 Extracting 15B
    node-redmine:  009f9243ff5c Extracting 2B
    node-redmine:  4c7f2d7f4f80 Extracting 16B
    node-redmine:  009f9243ff5c Extracting 2B
    node-redmine:  4c7f2d7f4f80 Extracting 16B
    node-redmine:  4c7f2d7f4f80 Extracting 16B
    node-redmine:  009f9243ff5c Extracting 2B
    node-redmine:  009f9243ff5c Extracting 2B
    node-redmine:  4c7f2d7f4f80 Extracting 16B
    node-redmine:  009f9243ff5c Extracting 2B
    node-redmine:  4c7f2d7f4f80 Extracting 16B
    node-redmine:  009f9243ff5c Extracting 3B
    node-redmine:  4c7f2d7f4f80 Extracting 16B
    node-redmine:  009f9243ff5c Extracting 3B
    node-redmine:  4c7f2d7f4f80 Extracting 16B
    node-redmine:  009f9243ff5c Extracting 3B
    node-redmine:  4c7f2d7f4f80 Extracting 16B
    node-redmine:  009f9243ff5c Extracting 3B
    node-redmine:  4c7f2d7f4f80 Extracting 16B
    node-redmine:  009f9243ff5c Extracting 3B
    node-redmine:  4c7f2d7f4f80 Extracting 16B
    node-redmine:  009f9243ff5c Extracting 3B
    node-redmine:  4c7f2d7f4f80 Extracting 17B
    node-redmine:  009f9243ff5c Extracting 3B
    node-redmine:  4c7f2d7f4f80 Extracting 17B
    node-redmine:  009f9243ff5c Extracting 3B
    node-redmine:  4c7f2d7f4f80 Extracting 17B
    node-redmine:  009f9243ff5c Extracting 3B
    node-redmine:  4c7f2d7f4f80 Extracting 17B
    node-redmine:  009f9243ff5c Extracting 3B
    node-redmine:  4c7f2d7f4f80 Extracting 17B
    node-redmine:  009f9243ff5c Extracting 4B
    node-redmine:  4c7f2d7f4f80 Extracting 17B
    node-redmine:  009f9243ff5c Extracting 4B
    node-redmine:  4c7f2d7f4f80 Extracting 17B
    node-redmine:  4c7f2d7f4f80 Extracting 17B
    node-redmine:  009f9243ff5c Extracting 4B
    node-redmine:  4c7f2d7f4f80 Extracting 17B
    node-redmine:  009f9243ff5c Extracting 4B
    node-redmine:  4c7f2d7f4f80 Extracting 18B
    node-redmine:  009f9243ff5c Extracting 4B
    node-redmine:  009f9243ff5c Extracting 4B
    node-redmine:  4c7f2d7f4f80 Extracting 18B
    node-redmine:  009f9243ff5c Extracting 4B
    node-redmine:  4c7f2d7f4f80 Extracting 18B
    node-redmine:  009f9243ff5c Extracting 4B
    node-redmine:  4c7f2d7f4f80 Extracting 18B
    node-redmine:  4c7f2d7f4f80 Extracting 18B
    node-redmine:  009f9243ff5c Extracting 4B
    node-redmine:  009f9243ff5c Extracting 5B
    node-redmine:  4c7f2d7f4f80 Extracting 18B
    node-redmine:  009f9243ff5c Extracting 5B
    node-redmine:  4c7f2d7f4f80 Extracting 18B
    node-redmine:  009f9243ff5c Extracting 5B
    node-redmine:  4c7f2d7f4f80 Extracting 18B
    node-redmine:  009f9243ff5c Extracting 5B
    node-redmine:  4c7f2d7f4f80 Extracting 18B
    node-redmine:  4c7f2d7f4f80 Extracting 18B
    node-redmine:  009f9243ff5c Extracting 5B
    node-redmine:  4c7f2d7f4f80 Extracting 18B
    node-redmine:  009f9243ff5c Extracting 5B
    node-redmine:  4c7f2d7f4f80 Extracting 19B
    node-redmine:  009f9243ff5c Extracting 5B
    node-redmine:  009f9243ff5c Extracting 5B
    node-redmine:  4c7f2d7f4f80 Extracting 19B
    node-redmine:  009f9243ff5c Extracting 5B
    node-redmine:  4c7f2d7f4f80 Extracting 19B
    node-redmine:  009f9243ff5c Extracting 5B
    node-redmine:  4c7f2d7f4f80 Extracting 19B
    node-redmine:  009f9243ff5c Extracting 5B
    node-redmine:  4c7f2d7f4f80 Extracting 19B
    node-redmine:  4c7f2d7f4f80 Extracting 19B
    node-redmine:  009f9243ff5c Extracting 6B
    node-redmine:  009f9243ff5c Extracting 6B
    node-redmine:  4c7f2d7f4f80 Extracting 19B
    node-redmine:  009f9243ff5c Extracting 6B
    node-redmine:  4c7f2d7f4f80 Extracting 19B
    node-redmine:  009f9243ff5c Extracting 6B
    node-redmine:  4c7f2d7f4f80 Extracting 19B
    node-redmine:  009f9243ff5c Extracting 6B
    node-redmine:  4c7f2d7f4f80 Extracting 20B
    node-redmine:  4c7f2d7f4f80 Extracting 20B
    node-redmine:  009f9243ff5c Extracting 6B
    node-redmine:  009f9243ff5c Extracting 6B
    node-redmine:  4c7f2d7f4f80 Extracting 20B
    node-redmine:  009f9243ff5c Extracting 6B
    node-redmine:  4c7f2d7f4f80 Extracting 20B
    node-redmine:  4c7f2d7f4f80 Extracting 20B
    node-redmine:  009f9243ff5c Extracting 6B
    node-redmine:  4c7f2d7f4f80 Extracting 20B
    node-redmine:  009f9243ff5c Extracting 7B
    node-redmine:  009f9243ff5c Extracting 7B
    node-redmine:  4c7f2d7f4f80 Extracting 20B
    node-redmine:  4c7f2d7f4f80 Extracting 20B
    node-redmine:  009f9243ff5c Extracting 7B
    node-redmine:  009f9243ff5c Extracting 7B
    node-redmine:  4c7f2d7f4f80 Extracting 20B
    node-redmine:  009f9243ff5c Extracting 7B
    node-redmine:  3e0c43622abe Extracting 1B
    node-redmine:  4c7f2d7f4f80 Pull complete 0B
    node-redmine:  009f9243ff5c Extracting 7B
    node-redmine:  3e0c43622abe Pull complete 0B
    node-redmine:  009f9243ff5c Extracting 7B
    node-redmine:  0892560966bb Extracting 1B
    node-redmine:  9fa019823549 Extracting 1B
    node-redmine:  0892560966bb Pull complete 0B
    node-redmine:  009f9243ff5c Extracting 7B
    node-redmine:  9fa019823549 Pull complete 0B
    node-redmine:  009f9243ff5c Extracting 7B
    node-redmine:  009f9243ff5c Extracting 7B
    node-redmine:  00da1877cea6 Pull complete 0B
    node-redmine:  009f9243ff5c Extracting 8B
    node-redmine:  26803cb302a4 Extracting 1B
    node-redmine:  009f9243ff5c Extracting 8B
    node-redmine:  26803cb302a4 Pull complete 0B
    node-redmine:  009f9243ff5c Extracting 8B
    node-redmine:  009f9243ff5c Extracting 8B
    node-redmine:  009f9243ff5c Extracting 8B
    node-redmine:  009f9243ff5c Extracting 8B
    node-redmine:  Image postgres:15 Pulled
    node-redmine:  009f9243ff5c Extracting 8B
    node-redmine:  009f9243ff5c Extracting 8B
    node-redmine:  009f9243ff5c Extracting 8B
    node-redmine:  009f9243ff5c Extracting 8B
    node-redmine:  009f9243ff5c Extracting 9B
    node-redmine:  009f9243ff5c Extracting 9B
    node-redmine:  009f9243ff5c Extracting 9B
    node-redmine:  009f9243ff5c Extracting 9B
    node-redmine:  009f9243ff5c Extracting 9B
    node-redmine:  009f9243ff5c Extracting 9B
    node-redmine:  009f9243ff5c Extracting 9B
    node-redmine:  009f9243ff5c Extracting 9B
    node-redmine:  009f9243ff5c Extracting 9B
    node-redmine:  009f9243ff5c Extracting 9B
    node-redmine:  009f9243ff5c Extracting 10B
    node-redmine:  009f9243ff5c Extracting 10B
    node-redmine:  009f9243ff5c Extracting 10B
    node-redmine:  009f9243ff5c Extracting 10B
    node-redmine:  009f9243ff5c Extracting 10B
    node-redmine:  009f9243ff5c Extracting 10B
    node-redmine:  009f9243ff5c Extracting 10B
    node-redmine:  009f9243ff5c Extracting 10B
    node-redmine:  009f9243ff5c Extracting 10B
    node-redmine:  009f9243ff5c Extracting 10B
    node-redmine:  009f9243ff5c Extracting 11B
    node-redmine:  009f9243ff5c Extracting 11B
    node-redmine:  009f9243ff5c Extracting 11B
    node-redmine:  009f9243ff5c Extracting 11B
    node-redmine:  009f9243ff5c Extracting 11B
    node-redmine:  009f9243ff5c Extracting 11B
    node-redmine:  009f9243ff5c Extracting 11B
    node-redmine:  009f9243ff5c Extracting 11B
    node-redmine:  009f9243ff5c Extracting 11B
    node-redmine:  009f9243ff5c Extracting 11B
    node-redmine:  009f9243ff5c Extracting 12B
    node-redmine:  009f9243ff5c Extracting 12B
    node-redmine:  009f9243ff5c Extracting 12B
    node-redmine:  009f9243ff5c Extracting 12B
    node-redmine:  009f9243ff5c Extracting 12B
    node-redmine:  009f9243ff5c Extracting 12B
    node-redmine:  009f9243ff5c Extracting 12B
    node-redmine:  009f9243ff5c Extracting 12B
    node-redmine:  009f9243ff5c Extracting 12B
    node-redmine:  009f9243ff5c Extracting 12B
    node-redmine:  009f9243ff5c Extracting 13B
    node-redmine:  009f9243ff5c Extracting 13B
    node-redmine:  009f9243ff5c Extracting 13B
    node-redmine:  009f9243ff5c Extracting 13B
    node-redmine:  009f9243ff5c Extracting 13B
    node-redmine:  009f9243ff5c Extracting 13B
    node-redmine:  009f9243ff5c Extracting 13B
    node-redmine:  009f9243ff5c Extracting 13B
    node-redmine:  009f9243ff5c Extracting 13B
    node-redmine:  009f9243ff5c Extracting 13B
    node-redmine:  009f9243ff5c Extracting 14B
    node-redmine:  009f9243ff5c Extracting 14B
    node-redmine:  009f9243ff5c Extracting 14B
    node-redmine:  009f9243ff5c Extracting 14B
    node-redmine:  009f9243ff5c Extracting 14B
    node-redmine:  009f9243ff5c Extracting 14B
    node-redmine:  009f9243ff5c Extracting 14B
    node-redmine:  009f9243ff5c Extracting 14B
    node-redmine:  009f9243ff5c Extracting 14B
    node-redmine:  009f9243ff5c Extracting 14B
    node-redmine:  009f9243ff5c Extracting 15B
    node-redmine:  009f9243ff5c Extracting 15B
    node-redmine:  009f9243ff5c Extracting 15B
    node-redmine:  009f9243ff5c Extracting 15B
    node-redmine:  009f9243ff5c Extracting 15B
    node-redmine:  009f9243ff5c Extracting 15B
    node-redmine:  009f9243ff5c Extracting 15B
    node-redmine:  009f9243ff5c Extracting 15B
    node-redmine:  009f9243ff5c Extracting 15B
    node-redmine:  009f9243ff5c Extracting 15B
    node-redmine:  009f9243ff5c Extracting 15B
    node-redmine:  009f9243ff5c Extracting 16B
    node-redmine:  281affa84bd9 Extracting 1B
    node-redmine:  009f9243ff5c Pull complete 0B
    node-redmine:  281affa84bd9 Pull complete 0B
    node-redmine:  96631895b575 Pull complete 0B
    node-redmine:  98baad10e4e4 Pull complete 0B
    node-redmine:  2f70b6f11009 Extracting 1B
    node-redmine:  2f70b6f11009 Extracting 1B
    node-redmine:  2f70b6f11009 Extracting 1B
    node-redmine:  2f70b6f11009 Extracting 1B
    node-redmine:  2f70b6f11009 Extracting 1B
    node-redmine:  2f70b6f11009 Extracting 1B
    node-redmine:  2f70b6f11009 Extracting 1B
    node-redmine:  2f70b6f11009 Extracting 1B
    node-redmine:  2f70b6f11009 Extracting 1B
    node-redmine:  2f70b6f11009 Extracting 1B
    node-redmine:  2f70b6f11009 Extracting 1B
    node-redmine:  2f70b6f11009 Extracting 2B
    node-redmine:  2f70b6f11009 Extracting 2B
    node-redmine:  2f70b6f11009 Extracting 2B
    node-redmine:  2f70b6f11009 Extracting 2B
    node-redmine:  2f70b6f11009 Extracting 2B
    node-redmine:  2f70b6f11009 Extracting 2B
    node-redmine:  2f70b6f11009 Pull complete 0B
    node-redmine:  fafa0ca1b8c4 Extracting 1B
    node-redmine:  fafa0ca1b8c4 Extracting 1B
    node-redmine:  fafa0ca1b8c4 Extracting 1B
    node-redmine:  fafa0ca1b8c4 Extracting 1B
    node-redmine:  fafa0ca1b8c4 Extracting 1B
    node-redmine:  fafa0ca1b8c4 Extracting 1B
    node-redmine:  fafa0ca1b8c4 Extracting 1B
    node-redmine:  fafa0ca1b8c4 Extracting 1B
    node-redmine:  fafa0ca1b8c4 Extracting 1B
    node-redmine:  fafa0ca1b8c4 Extracting 1B
    node-redmine:  fafa0ca1b8c4 Extracting 2B
    node-redmine:  fafa0ca1b8c4 Extracting 2B
    node-redmine:  fafa0ca1b8c4 Extracting 2B
    node-redmine:  fafa0ca1b8c4 Extracting 2B
    node-redmine:  fafa0ca1b8c4 Extracting 2B
    node-redmine:  fafa0ca1b8c4 Extracting 2B
    node-redmine:  fafa0ca1b8c4 Extracting 2B
    node-redmine:  fafa0ca1b8c4 Extracting 2B
    node-redmine:  fafa0ca1b8c4 Extracting 2B
    node-redmine:  fafa0ca1b8c4 Extracting 2B
    node-redmine:  fafa0ca1b8c4 Extracting 2B
    node-redmine:  fafa0ca1b8c4 Extracting 3B
    node-redmine:  fafa0ca1b8c4 Extracting 3B
    node-redmine:  fafa0ca1b8c4 Extracting 3B
    node-redmine:  fafa0ca1b8c4 Extracting 3B
    node-redmine:  fafa0ca1b8c4 Extracting 3B
    node-redmine:  fafa0ca1b8c4 Extracting 3B
    node-redmine:  fafa0ca1b8c4 Extracting 3B
    node-redmine:  fafa0ca1b8c4 Extracting 3B
    node-redmine:  fafa0ca1b8c4 Extracting 3B
    node-redmine:  fafa0ca1b8c4 Extracting 4B
    node-redmine:  fafa0ca1b8c4 Extracting 4B
    node-redmine:  fafa0ca1b8c4 Extracting 4B
    node-redmine:  fafa0ca1b8c4 Extracting 4B
    node-redmine:  fafa0ca1b8c4 Extracting 4B
    node-redmine:  fafa0ca1b8c4 Extracting 4B
    node-redmine:  fafa0ca1b8c4 Extracting 4B
    node-redmine:  fafa0ca1b8c4 Extracting 4B
    node-redmine:  fafa0ca1b8c4 Extracting 4B
    node-redmine:  fafa0ca1b8c4 Extracting 4B
    node-redmine:  fafa0ca1b8c4 Extracting 5B
    node-redmine:  fafa0ca1b8c4 Extracting 5B
    node-redmine:  fafa0ca1b8c4 Extracting 5B
    node-redmine:  fafa0ca1b8c4 Extracting 5B
    node-redmine:  fafa0ca1b8c4 Extracting 5B
    node-redmine:  fafa0ca1b8c4 Extracting 5B
    node-redmine:  fafa0ca1b8c4 Extracting 5B
    node-redmine:  fafa0ca1b8c4 Extracting 5B
    node-redmine:  fafa0ca1b8c4 Extracting 5B
    node-redmine:  fafa0ca1b8c4 Pull complete 0B
    node-redmine:  8ab0dd849fc9 Pull complete 0B
    node-redmine:  Image redmine:5.1 Pulled
    node-redmine:  Network redmine_default Creating
    node-redmine:  Network redmine_default Created
    node-redmine:  Container redmine-db Creating
    node-redmine:  Container redmine-db Created
    node-redmine:  Container redmine Creating
    node-redmine:  Container redmine Created
    node-redmine:  Container redmine-db Starting
    node-redmine:  Container redmine-db Started
    node-redmine:  Container redmine Starting
    node-redmine:  Container redmine Started
    node-redmine: [node-redmine] waiting for Redmine...
    node-redmine: ...[node-redmine] Redmine up (4*10s)
    node-redmine: 
    node-redmine: [node-redmine] done: scenario=broken https=false
==> node-mattermost: Importing base box 'ubuntu/jammy64'...

[K==> node-mattermost: Matching MAC address for NAT networking...
==> node-mattermost: Setting the name of the VM: node-mattermost
==> node-mattermost: Fixed port collision for 22 => 2222. Now on port 2201.
==> node-mattermost: Clearing any previously set network interfaces...
==> node-mattermost: Preparing network interfaces based on configuration...
    node-mattermost: Adapter 1: nat
    node-mattermost: Adapter 2: hostonly
==> node-mattermost: Forwarding ports...
    node-mattermost: 22 (guest) => 2201 (host) (adapter 1)
==> node-mattermost: Running 'pre-boot' VM customizations...
==> node-mattermost: Booting VM...
==> node-mattermost: Waiting for machine to boot. This may take a few minutes...
    node-mattermost: SSH address: 127.0.0.1:2201
    node-mattermost: SSH username: vagrant
    node-mattermost: SSH auth method: private key
    node-mattermost: Warning: Connection reset. Retrying...
    node-mattermost: 
    node-mattermost: Vagrant insecure key detected. Vagrant will automatically replace
    node-mattermost: this with a newly generated keypair for better security.
    node-mattermost: 
    node-mattermost: Inserting generated public key within guest...
    node-mattermost: Removing insecure key from the guest if it's present...
    node-mattermost: Key inserted! Disconnecting and reconnecting using new SSH key...
==> node-mattermost: Machine booted and ready!
==> node-mattermost: Checking for guest additions in VM...
    node-mattermost: The guest additions on this VM do not match the installed version of
    node-mattermost: VirtualBox! In most cases this is fine, but in rare cases it can
    node-mattermost: prevent things such as shared folders from working properly. If you see
    node-mattermost: shared folder errors, please make sure the guest additions within the
    node-mattermost: virtual machine match the version of VirtualBox you have installed on
    node-mattermost: your host and reload your VM.
    node-mattermost: 
    node-mattermost: Guest Additions Version: 6.0.0 r127566
    node-mattermost: VirtualBox Version: 7.2
==> node-mattermost: Setting hostname...
==> node-mattermost: Configuring and enabling network interfaces...
==> node-mattermost: Running provisioner: shell...
    node-mattermost: Running: C:/Users/176D~1/AppData/Local/Temp/vagrant-shell20260429-37596-q120lq.sh
    node-mattermost: [node-mattermost] scenario=broken
    node-mattermost: Reading package lists...
    node-mattermost: Building dependency tree...
    node-mattermost: Reading state information...
    node-mattermost: lsb-release is already the newest version (11.1.0ubuntu4).
    node-mattermost: lsb-release set to manually installed.
    node-mattermost: ca-certificates is already the newest version (20240203~22.04.1).
    node-mattermost: ca-certificates set to manually installed.
    node-mattermost: ufw is already the newest version (0.36.1-4ubuntu0.1).
    node-mattermost: ufw set to manually installed.
    node-mattermost: The following additional packages will be installed:
    node-mattermost:   dirmngr gnupg-l10n gnupg-utils gpg gpg-agent gpg-wks-client gpg-wks-server
    node-mattermost:   gpgconf gpgsm gpgv libcurl4
    node-mattermost: Suggested packages:
    node-mattermost:   pinentry-gnome3 tor parcimonie xloadimage scdaemon
    node-mattermost: The following packages will be upgraded:
    node-mattermost:   curl dirmngr gnupg gnupg-l10n gnupg-utils gpg gpg-agent gpg-wks-client
    node-mattermost:   gpg-wks-server gpgconf gpgsm gpgv libcurl4
    node-mattermost: 13 upgraded, 0 newly installed, 0 to remove and 134 not upgraded.
    node-mattermost: Need to get 2732 kB of archives.
    node-mattermost: After this operation, 0 B of additional disk space will be used.
    node-mattermost: Get:1 http://archive.ubuntu.com/ubuntu jammy-updates/main amd64 gpg-wks-client amd64 2.2.27-3ubuntu2.5 [62.7 kB]
    node-mattermost: Get:2 http://archive.ubuntu.com/ubuntu jammy-updates/main amd64 dirmngr amd64 2.2.27-3ubuntu2.5 [293 kB]
    node-mattermost: Get:3 http://archive.ubuntu.com/ubuntu jammy-updates/main amd64 gpg-wks-server amd64 2.2.27-3ubuntu2.5 [57.6 kB]
    node-mattermost: Get:4 http://archive.ubuntu.com/ubuntu jammy-updates/main amd64 gnupg-utils amd64 2.2.27-3ubuntu2.5 [309 kB]
    node-mattermost: Get:5 http://archive.ubuntu.com/ubuntu jammy-updates/main amd64 gpg-agent amd64 2.2.27-3ubuntu2.5 [209 kB]
    node-mattermost: Get:6 http://archive.ubuntu.com/ubuntu jammy-updates/main amd64 gpg amd64 2.2.27-3ubuntu2.5 [519 kB]
    node-mattermost: Get:7 http://archive.ubuntu.com/ubuntu jammy-updates/main amd64 gpgconf amd64 2.2.27-3ubuntu2.5 [94.3 kB]
    node-mattermost: Get:8 http://archive.ubuntu.com/ubuntu jammy-updates/main amd64 gnupg-l10n all 2.2.27-3ubuntu2.5 [54.5 kB]
    node-mattermost: Get:9 http://archive.ubuntu.com/ubuntu jammy-updates/main amd64 gnupg all 2.2.27-3ubuntu2.5 [315 kB]
    node-mattermost: Get:10 http://archive.ubuntu.com/ubuntu jammy-updates/main amd64 gpgsm amd64 2.2.27-3ubuntu2.5 [197 kB]
    node-mattermost: Get:11 http://archive.ubuntu.com/ubuntu jammy-updates/main amd64 gpgv amd64 2.2.27-3ubuntu2.5 [137 kB]
    node-mattermost: Get:12 http://archive.ubuntu.com/ubuntu jammy-updates/main amd64 curl amd64 7.81.0-1ubuntu1.23 [194 kB]
    node-mattermost: Get:13 http://archive.ubuntu.com/ubuntu jammy-updates/main amd64 libcurl4 amd64 7.81.0-1ubuntu1.23 [290 kB]
    node-mattermost: Fetched 2732 kB in 1s (1934 kB/s)
    node-mattermost: (Reading database ... 
(Reading database ... 5%
(Reading database ... 10%
(Reading database ... 15%
(Reading database ... 20%
(Reading database ... 25%
(Reading database ... 30%
(Reading database ... 35%
(Reading database ... 40%
(Reading database ... 45%
(Reading database ... 50%
(Reading database ... 55%
(Reading database ... 60%
(Reading database ... 65%
(Reading database ... 70%
(Reading database ... 75%
(Reading database ... 80%
(Reading database ... 85%
(Reading database ... 90%
(Reading database ... 95%
(Reading database ... 100%
(Reading database ... 64257 files and directories currently installed.)
    node-mattermost: Preparing to unpack .../00-gpg-wks-client_2.2.27-3ubuntu2.5_amd64.deb ...
    node-mattermost: Unpacking gpg-wks-client (2.2.27-3ubuntu2.5) over (2.2.27-3ubuntu2.4) ...
    node-mattermost: Preparing to unpack .../01-dirmngr_2.2.27-3ubuntu2.5_amd64.deb ...
    node-mattermost: Unpacking dirmngr (2.2.27-3ubuntu2.5) over (2.2.27-3ubuntu2.4) ...
    node-mattermost: Preparing to unpack .../02-gpg-wks-server_2.2.27-3ubuntu2.5_amd64.deb ...
    node-mattermost: Unpacking gpg-wks-server (2.2.27-3ubuntu2.5) over (2.2.27-3ubuntu2.4) ...
    node-mattermost: Preparing to unpack .../03-gnupg-utils_2.2.27-3ubuntu2.5_amd64.deb ...
    node-mattermost: Unpacking gnupg-utils (2.2.27-3ubuntu2.5) over (2.2.27-3ubuntu2.4) ...
    node-mattermost: Preparing to unpack .../04-gpg-agent_2.2.27-3ubuntu2.5_amd64.deb ...
    node-mattermost: Unpacking gpg-agent (2.2.27-3ubuntu2.5) over (2.2.27-3ubuntu2.4) ...
    node-mattermost: Preparing to unpack .../05-gpg_2.2.27-3ubuntu2.5_amd64.deb ...
    node-mattermost: Unpacking gpg (2.2.27-3ubuntu2.5) over (2.2.27-3ubuntu2.4) ...
    node-mattermost: Preparing to unpack .../06-gpgconf_2.2.27-3ubuntu2.5_amd64.deb ...
    node-mattermost: Unpacking gpgconf (2.2.27-3ubuntu2.5) over (2.2.27-3ubuntu2.4) ...
    node-mattermost: Preparing to unpack .../07-gnupg-l10n_2.2.27-3ubuntu2.5_all.deb ...
    node-mattermost: Unpacking gnupg-l10n (2.2.27-3ubuntu2.5) over (2.2.27-3ubuntu2.4) ...
    node-mattermost: Preparing to unpack .../08-gnupg_2.2.27-3ubuntu2.5_all.deb ...
    node-mattermost: Unpacking gnupg (2.2.27-3ubuntu2.5) over (2.2.27-3ubuntu2.4) ...
    node-mattermost: Preparing to unpack .../09-gpgsm_2.2.27-3ubuntu2.5_amd64.deb ...
    node-mattermost: Unpacking gpgsm (2.2.27-3ubuntu2.5) over (2.2.27-3ubuntu2.4) ...
    node-mattermost: Preparing to unpack .../10-gpgv_2.2.27-3ubuntu2.5_amd64.deb ...
    node-mattermost: Unpacking gpgv (2.2.27-3ubuntu2.5) over (2.2.27-3ubuntu2.4) ...
    node-mattermost: Setting up gpgv (2.2.27-3ubuntu2.5) ...
    node-mattermost: (Reading database ... 
(Reading database ... 5%
(Reading database ... 10%
(Reading database ... 15%
(Reading database ... 20%
(Reading database ... 25%
(Reading database ... 30%
(Reading database ... 35%
(Reading database ... 40%
(Reading database ... 45%
(Reading database ... 50%
(Reading database ... 55%
(Reading database ... 60%
(Reading database ... 65%
(Reading database ... 70%
(Reading database ... 75%
(Reading database ... 80%
(Reading database ... 85%
(Reading database ... 90%
(Reading database ... 95%
(Reading database ... 100%
(Reading database ... 64257 files and directories currently installed.)
    node-mattermost: Preparing to unpack .../curl_7.81.0-1ubuntu1.23_amd64.deb ...
    node-mattermost: Unpacking curl (7.81.0-1ubuntu1.23) over (7.81.0-1ubuntu1.20) ...
    node-mattermost: Preparing to unpack .../libcurl4_7.81.0-1ubuntu1.23_amd64.deb ...
    node-mattermost: Unpacking libcurl4:amd64 (7.81.0-1ubuntu1.23) over (7.81.0-1ubuntu1.20) ...
    node-mattermost: Setting up gnupg-l10n (2.2.27-3ubuntu2.5) ...
    node-mattermost: Setting up gpgconf (2.2.27-3ubuntu2.5) ...
    node-mattermost: Setting up libcurl4:amd64 (7.81.0-1ubuntu1.23) ...
    node-mattermost: Setting up curl (7.81.0-1ubuntu1.23) ...
    node-mattermost: Setting up gpg (2.2.27-3ubuntu2.5) ...
    node-mattermost: Setting up gnupg-utils (2.2.27-3ubuntu2.5) ...
    node-mattermost: Setting up gpg-agent (2.2.27-3ubuntu2.5) ...
    node-mattermost: Setting up gpgsm (2.2.27-3ubuntu2.5) ...
    node-mattermost: Setting up dirmngr (2.2.27-3ubuntu2.5) ...
    node-mattermost: Setting up gpg-wks-server (2.2.27-3ubuntu2.5) ...
    node-mattermost: Setting up gpg-wks-client (2.2.27-3ubuntu2.5) ...
    node-mattermost: Setting up gnupg (2.2.27-3ubuntu2.5) ...
    node-mattermost: Processing triggers for libc-bin (2.35-0ubuntu3.10) ...
    node-mattermost: Processing triggers for man-db (2.10.2-1) ...
    node-mattermost: Processing triggers for install-info (6.8-4build1) ...
    node-mattermost: NEEDRESTART-VER: 3.5
    node-mattermost: NEEDRESTART-KCUR: 5.15.0-144-generic
    node-mattermost: NEEDRESTART-KEXP: 5.15.0-144-generic
    node-mattermost: NEEDRESTART-KSTA: 1
    node-mattermost: Reading package lists...
    node-mattermost: Building dependency tree...
    node-mattermost: Reading state information...
    node-mattermost: The following additional packages will be installed:
    node-mattermost:   docker-buildx-plugin docker-ce-rootless-extras libslirp0 pigz slirp4netns
    node-mattermost: Suggested packages:
    node-mattermost:   cgroupfs-mount | cgroup-lite docker-model-plugin
    node-mattermost: The following NEW packages will be installed:
    node-mattermost:   containerd.io docker-buildx-plugin docker-ce docker-ce-cli
    node-mattermost:   docker-ce-rootless-extras docker-compose-plugin libslirp0 pigz slirp4netns
    node-mattermost: 0 upgraded, 9 newly installed, 0 to remove and 134 not upgraded.
    node-mattermost: Need to get 94.9 MB of archives.
    node-mattermost: After this operation, 365 MB of additional disk space will be used.
    node-mattermost: Get:1 http://archive.ubuntu.com/ubuntu jammy/universe amd64 pigz amd64 2.6-1 [63.6 kB]
    node-mattermost: Get:2 https://download.docker.com/linux/ubuntu jammy/stable amd64 containerd.io amd64 2.2.3-1~ubuntu.22.04~jammy [23.6 MB]
    node-mattermost: Get:3 http://archive.ubuntu.com/ubuntu jammy/main amd64 libslirp0 amd64 4.6.1-1build1 [61.5 kB]
    node-mattermost: Get:4 http://archive.ubuntu.com/ubuntu jammy/universe amd64 slirp4netns amd64 1.0.1-2 [28.2 kB]
    node-mattermost: Get:5 https://download.docker.com/linux/ubuntu jammy/stable amd64 docker-ce-cli amd64 5:29.4.1-1~ubuntu.22.04~jammy [17.0 MB]
    node-mattermost: Get:6 https://download.docker.com/linux/ubuntu jammy/stable amd64 docker-ce amd64 5:29.4.1-1~ubuntu.22.04~jammy [22.7 MB]
    node-mattermost: Get:7 https://download.docker.com/linux/ubuntu jammy/stable amd64 docker-buildx-plugin amd64 0.33.0-1~ubuntu.22.04~jammy [16.9 MB]
    node-mattermost: Get:8 https://download.docker.com/linux/ubuntu jammy/stable amd64 docker-ce-rootless-extras amd64 5:29.4.1-1~ubuntu.22.04~jammy [6560 kB]
    node-mattermost: Get:9 https://download.docker.com/linux/ubuntu jammy/stable amd64 docker-compose-plugin amd64 5.1.3-1~ubuntu.22.04~jammy [8023 kB]
    node-mattermost: Fetched 94.9 MB in 8s (12.1 MB/s)
    node-mattermost: Selecting previously unselected package containerd.io.
    node-mattermost: (Reading database ... 
(Reading database ... 5%
(Reading database ... 10%
(Reading database ... 15%
(Reading database ... 20%
(Reading database ... 25%
(Reading database ... 30%
(Reading database ... 35%
(Reading database ... 40%
(Reading database ... 45%
(Reading database ... 50%
(Reading database ... 55%
(Reading database ... 60%
(Reading database ... 65%
(Reading database ... 70%
(Reading database ... 75%
(Reading database ... 80%
(Reading database ... 85%
(Reading database ... 90%
(Reading database ... 95%
(Reading database ... 100%
(Reading database ... 64257 files and directories currently installed.)
    node-mattermost: Preparing to unpack .../0-containerd.io_2.2.3-1~ubuntu.22.04~jammy_amd64.deb ...
    node-mattermost: Unpacking containerd.io (2.2.3-1~ubuntu.22.04~jammy) ...
    node-mattermost: Selecting previously unselected package docker-ce-cli.
    node-mattermost: Preparing to unpack .../1-docker-ce-cli_5%3a29.4.1-1~ubuntu.22.04~jammy_amd64.deb ...
    node-mattermost: Unpacking docker-ce-cli (5:29.4.1-1~ubuntu.22.04~jammy) ...
    node-mattermost: Selecting previously unselected package docker-ce.
    node-mattermost: Preparing to unpack .../2-docker-ce_5%3a29.4.1-1~ubuntu.22.04~jammy_amd64.deb ...
    node-mattermost: Unpacking docker-ce (5:29.4.1-1~ubuntu.22.04~jammy) ...
    node-mattermost: Selecting previously unselected package pigz.
    node-mattermost: Preparing to unpack .../3-pigz_2.6-1_amd64.deb ...
    node-mattermost: Unpacking pigz (2.6-1) ...
    node-mattermost: Selecting previously unselected package docker-buildx-plugin.
    node-mattermost: Preparing to unpack .../4-docker-buildx-plugin_0.33.0-1~ubuntu.22.04~jammy_amd64.deb ...
    node-mattermost: Unpacking docker-buildx-plugin (0.33.0-1~ubuntu.22.04~jammy) ...
    node-mattermost: Selecting previously unselected package docker-ce-rootless-extras.
    node-mattermost: Preparing to unpack .../5-docker-ce-rootless-extras_5%3a29.4.1-1~ubuntu.22.04~jammy_amd64.deb ...
    node-mattermost: Unpacking docker-ce-rootless-extras (5:29.4.1-1~ubuntu.22.04~jammy) ...
    node-mattermost: Selecting previously unselected package docker-compose-plugin.
    node-mattermost: Preparing to unpack .../6-docker-compose-plugin_5.1.3-1~ubuntu.22.04~jammy_amd64.deb ...
    node-mattermost: Unpacking docker-compose-plugin (5.1.3-1~ubuntu.22.04~jammy) ...
    node-mattermost: Selecting previously unselected package libslirp0:amd64.
    node-mattermost: Preparing to unpack .../7-libslirp0_4.6.1-1build1_amd64.deb ...
    node-mattermost: Unpacking libslirp0:amd64 (4.6.1-1build1) ...
    node-mattermost: Selecting previously unselected package slirp4netns.
    node-mattermost: Preparing to unpack .../8-slirp4netns_1.0.1-2_amd64.deb ...
    node-mattermost: Unpacking slirp4netns (1.0.1-2) ...
    node-mattermost: Setting up docker-buildx-plugin (0.33.0-1~ubuntu.22.04~jammy) ...
    node-mattermost: Setting up containerd.io (2.2.3-1~ubuntu.22.04~jammy) ...
    node-mattermost: Created symlink /etc/systemd/system/multi-user.target.wants/containerd.service → /lib/systemd/system/containerd.service.
    node-mattermost: Setting up docker-compose-plugin (5.1.3-1~ubuntu.22.04~jammy) ...
    node-mattermost: Setting up docker-ce-cli (5:29.4.1-1~ubuntu.22.04~jammy) ...
    node-mattermost: Setting up libslirp0:amd64 (4.6.1-1build1) ...
    node-mattermost: Setting up pigz (2.6-1) ...
    node-mattermost: Setting up docker-ce-rootless-extras (5:29.4.1-1~ubuntu.22.04~jammy) ...
    node-mattermost: Setting up slirp4netns (1.0.1-2) ...
    node-mattermost: Setting up docker-ce (5:29.4.1-1~ubuntu.22.04~jammy) ...
    node-mattermost: Created symlink /etc/systemd/system/multi-user.target.wants/docker.service → /lib/systemd/system/docker.service.
    node-mattermost: Created symlink /etc/systemd/system/sockets.target.wants/docker.socket → /lib/systemd/system/docker.socket.
    node-mattermost: Processing triggers for man-db (2.10.2-1) ...
    node-mattermost: Processing triggers for libc-bin (2.35-0ubuntu3.10) ...
    node-mattermost: NEEDRESTART-VER: 3.5
    node-mattermost: NEEDRESTART-KCUR: 5.15.0-144-generic
    node-mattermost: NEEDRESTART-KEXP: 5.15.0-144-generic
    node-mattermost: NEEDRESTART-KSTA: 1
    node-mattermost: Synchronizing state of docker.service with SysV service script with /lib/systemd/systemd-sysv-install.
    node-mattermost: Executing: /lib/systemd/systemd-sysv-install enable docker
    node-mattermost: Firewall is active and enabled on system startup
    node-mattermost: Rule added
    node-mattermost: Rule added (v6)
    node-mattermost: Rule added
    node-mattermost: Rule added (v6)
    node-mattermost: Rule added
    node-mattermost: Rule added (v6)
    node-mattermost: Rule added
    node-mattermost: Rule added (v6)
    node-mattermost:  Image postgres:15 Pulling
    node-mattermost:  Image mattermost/mattermost-team-edition:9.5 Pulling
    node-mattermost:  4f4fb700ef54 Pulling fs layer 0B
    node-mattermost:  2ab09b027e7f Pulling fs layer 0B
    node-mattermost:  05de7d3270fa Pulling fs layer 0B
    node-mattermost:  f5bfdc5b1f8b Pulling fs layer 0B
    node-mattermost:  d05f6d8a1f1a Pulling fs layer 0B
    node-mattermost:  26803cb302a4 Pulling fs layer 0B
    node-mattermost:  3531af2bc2a9 Pulling fs layer 0B
    node-mattermost:  be67b9cdfb60 Pulling fs layer 0B
    node-mattermost:  c375454b4ff0 Pulling fs layer 0B
    node-mattermost:  ff8482cd03b7 Pulling fs layer 0B
    node-mattermost:  ac28d232c7f3 Pulling fs layer 0B
    node-mattermost:  fa77b44f96d2 Pulling fs layer 0B
    node-mattermost:  dd1cc88a000a Pulling fs layer 0B
    node-mattermost:  58e6420a0782 Pulling fs layer 0B
    node-mattermost:  4c7f2d7f4f80 Pulling fs layer 0B
    node-mattermost:  3e0c43622abe Pulling fs layer 0B
    node-mattermost:  0892560966bb Pulling fs layer 0B
    node-mattermost:  9fa019823549 Pulling fs layer 0B
    node-mattermost:  00da1877cea6 Pulling fs layer 0B
    node-mattermost:  4f4fb700ef54 Downloading 32B
    node-mattermost:  4f4fb700ef54 Downloading 32B
    node-mattermost:  4f4fb700ef54 Downloading 32B
    node-mattermost:  d05f6d8a1f1a Downloading 187B
    node-mattermost:  d05f6d8a1f1a Downloading 187B
    node-mattermost:  4f4fb700ef54 Downloading 32B
    node-mattermost:  4f4fb700ef54 Download complete 0B
    node-mattermost:  14c26c45f021 Download complete 0B
    node-mattermost:  d05f6d8a1f1a Download complete 0B
    node-mattermost:  26803cb302a4 Downloading 185B
    node-mattermost:  26803cb302a4 Download complete 0B
    node-mattermost:  be67b9cdfb60 Downloading 1.169kB
    node-mattermost:  be67b9cdfb60 Download complete 0B
    node-mattermost:  9fa019823549 Downloading 167B
    node-mattermost:  00da1877cea6 Downloading 6.095kB
    node-mattermost:  0892560966bb Downloading 127B
    node-mattermost:  9fa019823549 Download complete 0B
    node-mattermost:  2ab09b027e7f Downloading 1.049MB
    node-mattermost:  00da1877cea6 Download complete 0B
    node-mattermost:  dd1cc88a000a Downloading 116B
    node-mattermost:  0892560966bb Downloading 127B
    node-mattermost:  2ab09b027e7f Downloading 1.049MB
    node-mattermost:  dd1cc88a000a Downloading 116B
    node-mattermost:  0892560966bb Download complete 0B
    node-mattermost:  58e6420a0782 Downloading 3.14kB
    node-mattermost:  3e0c43622abe Downloading 9.886kB
    node-mattermost:  2ab09b027e7f Downloading 1.049MB
    node-mattermost:  2ab09b027e7f Downloading 1.049MB
    node-mattermost:  58e6420a0782 Downloading 3.14kB
    node-mattermost:  3e0c43622abe Download complete 0B
    node-mattermost:  ee662d4e76ff Downloading 1.049MB
    node-mattermost:  dd1cc88a000a Download complete 0B
    node-mattermost:  2ab09b027e7f Downloading 1.049MB
    node-mattermost:  05de7d3270fa Downloading 1.049MB
    node-mattermost:  05de7d3270fa Downloading 1.049MB
    node-mattermost:  2ab09b027e7f Downloading 1.049MB
    node-mattermost:  c375454b4ff0 Downloading 1.049MB
    node-mattermost:  ee662d4e76ff Downloading 1.049MB
    node-mattermost:  3531af2bc2a9 Downloading 1.049MB
    node-mattermost:  ff8482cd03b7 Downloading 1.049MB
    node-mattermost:  2ab09b027e7f Downloading 2.097MB
    node-mattermost:  05de7d3270fa Downloading 1.049MB
    node-mattermost:  f5bfdc5b1f8b Downloading 1.049MB
    node-mattermost:  58e6420a0782 Download complete 0B
    node-mattermost:  2ab09b027e7f Downloading 2.097MB
    node-mattermost:  05de7d3270fa Downloading 1.049MB
    node-mattermost:  f5bfdc5b1f8b Downloading 1.049MB
    node-mattermost:  2ab09b027e7f Downloading 2.097MB
    node-mattermost:  05de7d3270fa Downloading 1.049MB
    node-mattermost:  f5bfdc5b1f8b Downloading 1.049MB
    node-mattermost:  f5bfdc5b1f8b Downloading 1.049MB
    node-mattermost:  2ab09b027e7f Downloading 2.097MB
    node-mattermost:  05de7d3270fa Downloading 1.049MB
    node-mattermost:  3531af2bc2a9 Downloading 1.049MB
    node-mattermost:  ff8482cd03b7 Download complete 0B
    node-mattermost:  ac28d232c7f3 Downloading 1.049MB
    node-mattermost:  fa77b44f96d2 Downloading 1.049MB
    node-mattermost:  4c7f2d7f4f80 Downloading 1.049MB
    node-mattermost:  c375454b4ff0 Downloading 1.049MB
    node-mattermost:  ee662d4e76ff Downloading 2.097MB
    node-mattermost:  f5bfdc5b1f8b Downloading 2.097MB
    node-mattermost:  2ab09b027e7f Downloading 2.097MB
    node-mattermost:  05de7d3270fa Downloading 1.049MB
    node-mattermost:  f5bfdc5b1f8b Downloading 2.097MB
    node-mattermost:  2ab09b027e7f Downloading 3.146MB
    node-mattermost:  05de7d3270fa Downloading 2.097MB
    node-mattermost:  2ab09b027e7f Downloading 3.146MB
    node-mattermost:  05de7d3270fa Downloading 2.097MB
    node-mattermost:  f5bfdc5b1f8b Downloading 2.097MB
    node-mattermost:  fa77b44f96d2 Download complete 0B
    node-mattermost:  4c7f2d7f4f80 Downloading 2.097MB
    node-mattermost:  c375454b4ff0 Downloading 2.097MB
    node-mattermost:  ee662d4e76ff Downloading 3.146MB
    node-mattermost:  3531af2bc2a9 Downloading 2.097MB
    node-mattermost:  ac28d232c7f3 Downloading 2.097MB
    node-mattermost:  05de7d3270fa Downloading 2.097MB
    node-mattermost:  f5bfdc5b1f8b Downloading 2.097MB
    node-mattermost:  2ab09b027e7f Downloading 3.146MB
    node-mattermost:  2ab09b027e7f Downloading 3.146MB
    node-mattermost:  05de7d3270fa Downloading 2.097MB
    node-mattermost:  f5bfdc5b1f8b Downloading 3.146MB
    node-mattermost:  2ab09b027e7f Downloading 4.194MB
    node-mattermost:  05de7d3270fa Downloading 3.146MB
    node-mattermost:  f5bfdc5b1f8b Downloading 3.146MB
    node-mattermost:  2ab09b027e7f Downloading 4.194MB
    node-mattermost:  05de7d3270fa Downloading 3.146MB
    node-mattermost:  f5bfdc5b1f8b Downloading 3.146MB
    node-mattermost:  ac28d232c7f3 Downloading 3.146MB
    node-mattermost:  4c7f2d7f4f80 Downloading 3.146MB
    node-mattermost:  c375454b4ff0 Downloading 3.146MB
    node-mattermost:  ee662d4e76ff Downloading 4.194MB
    node-mattermost:  3531af2bc2a9 Downloading 3.146MB
    node-mattermost:  2ab09b027e7f Downloading 5.243MB
    node-mattermost:  05de7d3270fa Downloading 3.146MB
    node-mattermost:  f5bfdc5b1f8b Downloading 3.146MB
    node-mattermost:  2ab09b027e7f Downloading 5.243MB
    node-mattermost:  05de7d3270fa Downloading 4.194MB
    node-mattermost:  f5bfdc5b1f8b Downloading 4.194MB
    node-mattermost:  2ab09b027e7f Downloading 5.243MB
    node-mattermost:  05de7d3270fa Downloading 4.194MB
    node-mattermost:  f5bfdc5b1f8b Downloading 4.194MB
    node-mattermost:  c375454b4ff0 Downloading 4.194MB
    node-mattermost:  ee662d4e76ff Downloading 5.643MB
    node-mattermost:  2ab09b027e7f Downloading 5.243MB
    node-mattermost:  05de7d3270fa Downloading 4.194MB
    node-mattermost:  f5bfdc5b1f8b Downloading 4.194MB
    node-mattermost:  3531af2bc2a9 Downloading 4.194MB
    node-mattermost:  ac28d232c7f3 Downloading 4.194MB
    node-mattermost:  4c7f2d7f4f80 Downloading 4.194MB
    node-mattermost:  2ab09b027e7f Downloading 6.291MB
    node-mattermost:  05de7d3270fa Downloading 4.194MB
    node-mattermost:  f5bfdc5b1f8b Downloading 5.243MB
    node-mattermost:  2ab09b027e7f Downloading 6.291MB
    node-mattermost:  05de7d3270fa Downloading 5.243MB
    node-mattermost:  f5bfdc5b1f8b Downloading 5.243MB
    node-mattermost:  2ab09b027e7f Downloading 6.291MB
    node-mattermost:  05de7d3270fa Downloading 5.243MB
    node-mattermost:  f5bfdc5b1f8b Downloading 5.243MB
    node-mattermost:  05de7d3270fa Downloading 5.243MB
    node-mattermost:  f5bfdc5b1f8b Downloading 6.291MB
    node-mattermost:  2ab09b027e7f Downloading 7.34MB
    node-mattermost:  ee662d4e76ff Download complete 0B
    node-mattermost:  3531af2bc2a9 Downloading 5.243MB
    node-mattermost:  ac28d232c7f3 Downloading 5.243MB
    node-mattermost:  4c7f2d7f4f80 Downloading 5.243MB
    node-mattermost:  c375454b4ff0 Downloading 5.243MB
    node-mattermost:  2ab09b027e7f Downloading 7.34MB
    node-mattermost:  05de7d3270fa Downloading 5.243MB
    node-mattermost:  f5bfdc5b1f8b Downloading 6.291MB
    node-mattermost:  05de7d3270fa Downloading 6.291MB
    node-mattermost:  f5bfdc5b1f8b Downloading 6.291MB
    node-mattermost:  2ab09b027e7f Downloading 7.34MB
    node-mattermost:  2ab09b027e7f Downloading 7.34MB
    node-mattermost:  05de7d3270fa Downloading 6.291MB
    node-mattermost:  f5bfdc5b1f8b Downloading 6.291MB
    node-mattermost:  3531af2bc2a9 Downloading 7.34MB
    node-mattermost:  ac28d232c7f3 Downloading 6.291MB
    node-mattermost:  4c7f2d7f4f80 Downloading 6.291MB
    node-mattermost:  c375454b4ff0 Download complete 0B
    node-mattermost:  2ab09b027e7f Downloading 8.389MB
    node-mattermost:  05de7d3270fa Downloading 6.291MB
    node-mattermost:  f5bfdc5b1f8b Downloading 7.34MB
    node-mattermost:  2ab09b027e7f Downloading 8.389MB
    node-mattermost:  05de7d3270fa Downloading 7.34MB
    node-mattermost:  f5bfdc5b1f8b Downloading 7.34MB
    node-mattermost:  3531af2bc2a9 Downloading 7.34MB
    node-mattermost:  ac28d232c7f3 Downloading 7.34MB
    node-mattermost:  4c7f2d7f4f80 Downloading 7.34MB
    node-mattermost:  3531af2bc2a9 Downloading 7.34MB
    node-mattermost:  ac28d232c7f3 Downloading 7.34MB
    node-mattermost:  4c7f2d7f4f80 Downloading 7.34MB
    node-mattermost:  2ab09b027e7f Downloading 8.389MB
    node-mattermost:  05de7d3270fa Downloading 7.34MB
    node-mattermost:  f5bfdc5b1f8b Downloading 7.34MB
    node-mattermost:  2ab09b027e7f Downloading 8.389MB
    node-mattermost:  05de7d3270fa Downloading 7.34MB
    node-mattermost:  f5bfdc5b1f8b Downloading 7.34MB
    node-mattermost:  2ab09b027e7f Downloading 8.389MB
    node-mattermost:  05de7d3270fa Downloading 7.483MB
    node-mattermost:  f5bfdc5b1f8b Downloading 7.34MB
    node-mattermost:  f5bfdc5b1f8b Downloading 8.389MB
    node-mattermost:  2ab09b027e7f Downloading 9.437MB
    node-mattermost:  05de7d3270fa Downloading 8.389MB
    node-mattermost:  3531af2bc2a9 Downloading 8.389MB
    node-mattermost:  ac28d232c7f3 Download complete 0B
    node-mattermost:  4c7f2d7f4f80 Downloading 8.389MB
    node-mattermost:  2ab09b027e7f Downloading 9.437MB
    node-mattermost:  05de7d3270fa Downloading 8.389MB
    node-mattermost:  f5bfdc5b1f8b Downloading 8.389MB
    node-mattermost:  3531af2bc2a9 Downloading 8.389MB
    node-mattermost:  4c7f2d7f4f80 Downloading 8.389MB
    node-mattermost:  2ab09b027e7f Downloading 9.437MB
    node-mattermost:  05de7d3270fa Downloading 8.389MB
    node-mattermost:  f5bfdc5b1f8b Downloading 8.389MB
    node-mattermost:  3531af2bc2a9 Downloading 9.437MB
    node-mattermost:  4c7f2d7f4f80 Downloading 8.389MB
    node-mattermost:  05de7d3270fa Downloading 9.437MB
    node-mattermost:  f5bfdc5b1f8b Downloading 8.389MB
    node-mattermost:  2ab09b027e7f Downloading 9.437MB
    node-mattermost:  3531af2bc2a9 Downloading 9.437MB
    node-mattermost:  4c7f2d7f4f80 Downloading 8.389MB
    node-mattermost:  3531af2bc2a9 Downloading 9.437MB
    node-mattermost:  4c7f2d7f4f80 Downloading 8.389MB
    node-mattermost:  2ab09b027e7f Downloading 9.437MB
    node-mattermost:  05de7d3270fa Downloading 9.437MB
    node-mattermost:  f5bfdc5b1f8b Downloading 8.389MB
    node-mattermost:  05de7d3270fa Downloading 9.437MB
    node-mattermost:  f5bfdc5b1f8b Downloading 8.389MB
    node-mattermost:  2ab09b027e7f Downloading 9.437MB
    node-mattermost:  2ab09b027e7f Downloading 10.49MB
    node-mattermost:  05de7d3270fa Downloading 10.49MB
    node-mattermost:  f5bfdc5b1f8b Downloading 8.389MB
    node-mattermost:  2ab09b027e7f Downloading 10.49MB
    node-mattermost:  4c7f2d7f4f80 Downloading 9.363MB
    node-mattermost:  3531af2bc2a9 Downloading 10.49MB
    node-mattermost:  05de7d3270fa Downloading 10.49MB
    node-mattermost:  f5bfdc5b1f8b Downloading 8.389MB
    node-mattermost:  f5bfdc5b1f8b Downloading 9.437MB
    node-mattermost:  2ab09b027e7f Downloading 10.49MB
    node-mattermost:  05de7d3270fa Downloading 10.49MB
    node-mattermost:  3531af2bc2a9 Downloading 10.49MB
    node-mattermost:  4c7f2d7f4f80 Downloading 9.437MB
    node-mattermost:  2ab09b027e7f Downloading 10.49MB
    node-mattermost:  3531af2bc2a9 Downloading 10.49MB
    node-mattermost:  4c7f2d7f4f80 Downloading 9.437MB
    node-mattermost:  05de7d3270fa Downloading 10.49MB
    node-mattermost:  f5bfdc5b1f8b Downloading 9.437MB
    node-mattermost:  2ab09b027e7f Downloading 10.49MB
    node-mattermost:  3531af2bc2a9 Downloading 11.53MB
    node-mattermost:  4c7f2d7f4f80 Downloading 9.437MB
    node-mattermost:  05de7d3270fa Downloading 10.49MB
    node-mattermost:  f5bfdc5b1f8b Downloading 9.437MB
    node-mattermost:  2ab09b027e7f Downloading 11.53MB
    node-mattermost:  05de7d3270fa Downloading 11.53MB
    node-mattermost:  f5bfdc5b1f8b Downloading 9.437MB
    node-mattermost:  2ab09b027e7f Downloading 11.53MB
    node-mattermost:  05de7d3270fa Downloading 11.53MB
    node-mattermost:  f5bfdc5b1f8b Downloading 9.437MB
    node-mattermost:  05de7d3270fa Downloading 12.58MB
    node-mattermost:  f5bfdc5b1f8b Downloading 10.49MB
    node-mattermost:  2ab09b027e7f Downloading 12.58MB
    node-mattermost:  3531af2bc2a9 Downloading 12.58MB
    node-mattermost:  4c7f2d7f4f80 Downloading 11.53MB
    node-mattermost:  2ab09b027e7f Downloading 13.63MB
    node-mattermost:  05de7d3270fa Downloading 12.58MB
    node-mattermost:  f5bfdc5b1f8b Downloading 10.49MB
    node-mattermost:  2ab09b027e7f Downloading 13.63MB
    node-mattermost:  05de7d3270fa Downloading 13.63MB
    node-mattermost:  f5bfdc5b1f8b Downloading 11.53MB
    node-mattermost:  3531af2bc2a9 Downloading 13.63MB
    node-mattermost:  4c7f2d7f4f80 Downloading 12.58MB
    node-mattermost:  2ab09b027e7f Downloading 13.63MB
    node-mattermost:  05de7d3270fa Downloading 13.63MB
    node-mattermost:  f5bfdc5b1f8b Downloading 11.53MB
    node-mattermost:  2ab09b027e7f Downloading 14.68MB
    node-mattermost:  05de7d3270fa Downloading 13.63MB
    node-mattermost:  f5bfdc5b1f8b Downloading 11.53MB
    node-mattermost:  2ab09b027e7f Downloading 14.68MB
    node-mattermost:  05de7d3270fa Downloading 14.68MB
    node-mattermost:  f5bfdc5b1f8b Downloading 11.53MB
    node-mattermost:  3531af2bc2a9 Downloading 13.63MB
    node-mattermost:  4c7f2d7f4f80 Downloading 13.63MB
    node-mattermost:  3531af2bc2a9 Downloading 14.68MB
    node-mattermost:  2ab09b027e7f Downloading 14.68MB
    node-mattermost:  05de7d3270fa Downloading 14.68MB
    node-mattermost:  f5bfdc5b1f8b Downloading 11.53MB
    node-mattermost:  4c7f2d7f4f80 Downloading 13.63MB
    node-mattermost:  f5bfdc5b1f8b Downloading 11.53MB
    node-mattermost:  2ab09b027e7f Downloading 14.68MB
    node-mattermost:  05de7d3270fa Downloading 14.68MB
    node-mattermost:  2ab09b027e7f Downloading 15.73MB
    node-mattermost:  05de7d3270fa Downloading 14.68MB
    node-mattermost:  f5bfdc5b1f8b Downloading 12.58MB
    node-mattermost:  2ab09b027e7f Downloading 15.73MB
    node-mattermost:  05de7d3270fa Downloading 15.73MB
    node-mattermost:  f5bfdc5b1f8b Downloading 12.58MB
    node-mattermost:  4c7f2d7f4f80 Downloading 15.73MB
    node-mattermost:  2ab09b027e7f Downloading 15.73MB
    node-mattermost:  05de7d3270fa Downloading 15.73MB
    node-mattermost:  f5bfdc5b1f8b Downloading 12.58MB
    node-mattermost:  3531af2bc2a9 Downloading 15.73MB
    node-mattermost:  f5bfdc5b1f8b Downloading 13.63MB
    node-mattermost:  2ab09b027e7f Downloading 15.73MB
    node-mattermost:  05de7d3270fa Downloading 16.78MB
    node-mattermost:  2ab09b027e7f Downloading 16.78MB
    node-mattermost:  05de7d3270fa Downloading 16.78MB
    node-mattermost:  f5bfdc5b1f8b Downloading 14.68MB
    node-mattermost:  2ab09b027e7f Downloading 16.78MB
    node-mattermost:  05de7d3270fa Downloading 16.78MB
    node-mattermost:  f5bfdc5b1f8b Downloading 14.68MB
    node-mattermost:  3531af2bc2a9 Downloading 15.73MB
    node-mattermost:  4c7f2d7f4f80 Downloading 15.73MB
    node-mattermost:  2ab09b027e7f Downloading 16.78MB
    node-mattermost:  05de7d3270fa Downloading 16.78MB
    node-mattermost:  f5bfdc5b1f8b Downloading 14.68MB
    node-mattermost:  4c7f2d7f4f80 Downloading 15.73MB
    node-mattermost:  3531af2bc2a9 Downloading 15.73MB
    node-mattermost:  05de7d3270fa Downloading 16.78MB
    node-mattermost:  f5bfdc5b1f8b Downloading 14.68MB
    node-mattermost:  2ab09b027e7f Downloading 17.83MB
    node-mattermost:  2ab09b027e7f Downloading 17.83MB
    node-mattermost:  05de7d3270fa Downloading 16.78MB
    node-mattermost:  f5bfdc5b1f8b Downloading 14.68MB
    node-mattermost:  2ab09b027e7f Downloading 17.83MB
    node-mattermost:  05de7d3270fa Downloading 16.78MB
    node-mattermost:  f5bfdc5b1f8b Downloading 14.68MB
    node-mattermost:  2ab09b027e7f Downloading 17.83MB
    node-mattermost:  05de7d3270fa Downloading 17.83MB
    node-mattermost:  f5bfdc5b1f8b Downloading 15.73MB
    node-mattermost:  3531af2bc2a9 Downloading 17.83MB
    node-mattermost:  4c7f2d7f4f80 Downloading 16.78MB
    node-mattermost:  2ab09b027e7f Downloading 18.87MB
    node-mattermost:  05de7d3270fa Downloading 17.83MB
    node-mattermost:  f5bfdc5b1f8b Downloading 15.73MB
    node-mattermost:  4c7f2d7f4f80 Downloading 16.78MB
    node-mattermost:  3531af2bc2a9 Downloading 17.83MB
    node-mattermost:  2ab09b027e7f Downloading 18.87MB
    node-mattermost:  05de7d3270fa Downloading 17.83MB
    node-mattermost:  f5bfdc5b1f8b Downloading 15.73MB
    node-mattermost:  2ab09b027e7f Downloading 18.87MB
    node-mattermost:  05de7d3270fa Downloading 17.83MB
    node-mattermost:  f5bfdc5b1f8b Downloading 16.78MB
    node-mattermost:  f5bfdc5b1f8b Downloading 16.78MB
    node-mattermost:  2ab09b027e7f Downloading 18.87MB
    node-mattermost:  05de7d3270fa Downloading 17.83MB
    node-mattermost:  3531af2bc2a9 Downloading 18.87MB
    node-mattermost:  4c7f2d7f4f80 Downloading 17.83MB
    node-mattermost:  05de7d3270fa Downloading 18.87MB
    node-mattermost:  f5bfdc5b1f8b Downloading 16.78MB
    node-mattermost:  2ab09b027e7f Downloading 18.87MB
    node-mattermost:  2ab09b027e7f Downloading 19.92MB
    node-mattermost:  05de7d3270fa Downloading 19.92MB
    node-mattermost:  f5bfdc5b1f8b Downloading 17.83MB
    node-mattermost:  2ab09b027e7f Downloading 19.92MB
    node-mattermost:  05de7d3270fa Downloading 19.92MB
    node-mattermost:  f5bfdc5b1f8b Downloading 18.87MB
    node-mattermost:  3531af2bc2a9 Downloading 18.87MB
    node-mattermost:  4c7f2d7f4f80 Downloading 17.83MB
    node-mattermost:  f5bfdc5b1f8b Downloading 18.87MB
    node-mattermost:  2ab09b027e7f Downloading 19.92MB
    node-mattermost:  05de7d3270fa Downloading 19.92MB
    node-mattermost:  f5bfdc5b1f8b Downloading 19.92MB
    node-mattermost:  2ab09b027e7f Downloading 19.92MB
    node-mattermost:  05de7d3270fa Downloading 19.92MB
    node-mattermost:  2ab09b027e7f Downloading 19.92MB
    node-mattermost:  05de7d3270fa Downloading 19.92MB
    node-mattermost:  f5bfdc5b1f8b Downloading 19.92MB
    node-mattermost:  2ab09b027e7f Downloading 19.92MB
    node-mattermost:  05de7d3270fa Downloading 19.92MB
    node-mattermost:  f5bfdc5b1f8b Downloading 19.92MB
    node-mattermost:  3531af2bc2a9 Downloading 19.92MB
    node-mattermost:  4c7f2d7f4f80 Downloading 18.87MB
    node-mattermost:  2ab09b027e7f Downloading 19.92MB
    node-mattermost:  05de7d3270fa Downloading 19.92MB
    node-mattermost:  f5bfdc5b1f8b Downloading 19.92MB
    node-mattermost:  2ab09b027e7f Downloading 19.92MB
    node-mattermost:  05de7d3270fa Downloading 19.92MB
    node-mattermost:  f5bfdc5b1f8b Downloading 19.92MB
    node-mattermost:  4c7f2d7f4f80 Downloading 18.87MB
    node-mattermost:  3531af2bc2a9 Downloading 20.97MB
    node-mattermost:  2ab09b027e7f Downloading 19.92MB
    node-mattermost:  05de7d3270fa Downloading 19.92MB
    node-mattermost:  f5bfdc5b1f8b Downloading 19.92MB
    node-mattermost:  3531af2bc2a9 Downloading 20.97MB
    node-mattermost:  4c7f2d7f4f80 Downloading 18.87MB
    node-mattermost:  05de7d3270fa Downloading 19.92MB
    node-mattermost:  f5bfdc5b1f8b Downloading 19.92MB
    node-mattermost:  2ab09b027e7f Downloading 19.92MB
    node-mattermost:  2ab09b027e7f Downloading 20.97MB
    node-mattermost:  05de7d3270fa Downloading 20.97MB
    node-mattermost:  f5bfdc5b1f8b Downloading 19.92MB
    node-mattermost:  2ab09b027e7f Downloading 20.97MB
    node-mattermost:  05de7d3270fa Downloading 20.97MB
    node-mattermost:  f5bfdc5b1f8b Downloading 20.97MB
    node-mattermost:  3531af2bc2a9 Downloading 22.02MB
    node-mattermost:  4c7f2d7f4f80 Downloading 20.97MB
    node-mattermost:  05de7d3270fa Downloading 22.02MB
    node-mattermost:  f5bfdc5b1f8b Downloading 20.97MB
    node-mattermost:  2ab09b027e7f Downloading 22.02MB
    node-mattermost:  2ab09b027e7f Downloading 22.02MB
    node-mattermost:  05de7d3270fa Downloading 22.02MB
    node-mattermost:  f5bfdc5b1f8b Downloading 22.02MB
    node-mattermost:  f5bfdc5b1f8b Downloading 22.02MB
    node-mattermost:  2ab09b027e7f Downloading 22.02MB
    node-mattermost:  05de7d3270fa Downloading 22.02MB
    node-mattermost:  f5bfdc5b1f8b Downloading 22.02MB
    node-mattermost:  2ab09b027e7f Downloading 23.07MB
    node-mattermost:  05de7d3270fa Downloading 22.02MB
    node-mattermost:  f5bfdc5b1f8b Downloading 22.02MB
    node-mattermost:  2ab09b027e7f Downloading 23.07MB
    node-mattermost:  05de7d3270fa Downloading 22.02MB
    node-mattermost:  3531af2bc2a9 Downloading 23.07MB
    node-mattermost:  4c7f2d7f4f80 Downloading 23.07MB
    node-mattermost:  2ab09b027e7f Downloading 23.07MB
    node-mattermost:  05de7d3270fa Downloading 23.07MB
    node-mattermost:  f5bfdc5b1f8b Downloading 22.02MB
    node-mattermost:  2ab09b027e7f Downloading 24.12MB
    node-mattermost:  05de7d3270fa Downloading 23.07MB
    node-mattermost:  f5bfdc5b1f8b Downloading 23.07MB
    node-mattermost:  2ab09b027e7f Downloading 24.12MB
    node-mattermost:  05de7d3270fa Downloading 23.07MB
    node-mattermost:  f5bfdc5b1f8b Downloading 23.07MB
    node-mattermost:  3531af2bc2a9 Downloading 24.12MB
    node-mattermost:  4c7f2d7f4f80 Downloading 24.12MB
    node-mattermost:  2ab09b027e7f Downloading 24.12MB
    node-mattermost:  3531af2bc2a9 Downloading 24.12MB
    node-mattermost:  4c7f2d7f4f80 Downloading 24.12MB
    node-mattermost:  05de7d3270fa Downloading 23.07MB
    node-mattermost:  f5bfdc5b1f8b Downloading 23.07MB
    node-mattermost:  f5bfdc5b1f8b Downloading 23.07MB
    node-mattermost:  3531af2bc2a9 Downloading 24.12MB
    node-mattermost:  4c7f2d7f4f80 Downloading 24.12MB
    node-mattermost:  2ab09b027e7f Downloading 24.12MB
    node-mattermost:  05de7d3270fa Downloading 23.07MB
    node-mattermost:  f5bfdc5b1f8b Downloading 24.12MB
    node-mattermost:  2ab09b027e7f Downloading 24.12MB
    node-mattermost:  05de7d3270fa Downloading 24.12MB
    node-mattermost:  f5bfdc5b1f8b Downloading 24.12MB
    node-mattermost:  2ab09b027e7f Downloading 24.12MB
    node-mattermost:  05de7d3270fa Downloading 24.12MB
    node-mattermost:  3531af2bc2a9 Downloading 25.17MB
    node-mattermost:  4c7f2d7f4f80 Downloading 24.12MB
    node-mattermost:  2ab09b027e7f Downloading 24.12MB
    node-mattermost:  05de7d3270fa Downloading 24.12MB
    node-mattermost:  3531af2bc2a9 Downloading 25.17MB
    node-mattermost:  4c7f2d7f4f80 Downloading 24.12MB
    node-mattermost:  f5bfdc5b1f8b Downloading 24.12MB
    node-mattermost:  2ab09b027e7f Downloading 24.12MB
    node-mattermost:  05de7d3270fa Downloading 24.12MB
    node-mattermost:  f5bfdc5b1f8b Downloading 24.12MB
    node-mattermost:  4c7f2d7f4f80 Downloading 25.17MB
    node-mattermost:  3531af2bc2a9 Downloading 25.17MB
    node-mattermost:  2ab09b027e7f Downloading 24.12MB
    node-mattermost:  05de7d3270fa Downloading 24.12MB
    node-mattermost:  f5bfdc5b1f8b Downloading 25.17MB
    node-mattermost:  2ab09b027e7f Downloading 24.12MB
    node-mattermost:  05de7d3270fa Downloading 24.12MB
    node-mattermost:  f5bfdc5b1f8b Downloading 25.17MB
    node-mattermost:  f5bfdc5b1f8b Downloading 25.17MB
    node-mattermost:  2ab09b027e7f Downloading 25.17MB
    node-mattermost:  4c7f2d7f4f80 Downloading 26.21MB
    node-mattermost:  3531af2bc2a9 Downloading 26.21MB
    node-mattermost:  05de7d3270fa Downloading 24.12MB
    node-mattermost:  2ab09b027e7f Downloading 25.17MB
    node-mattermost:  05de7d3270fa Downloading 25.17MB
    node-mattermost:  f5bfdc5b1f8b Downloading 26.21MB
    node-mattermost:  2ab09b027e7f Downloading 25.17MB
    node-mattermost:  05de7d3270fa Downloading 25.17MB
    node-mattermost:  f5bfdc5b1f8b Downloading 26.21MB
    node-mattermost:  f5bfdc5b1f8b Downloading 26.21MB
    node-mattermost:  2ab09b027e7f Downloading 26.21MB
    node-mattermost:  05de7d3270fa Downloading 26.21MB
    node-mattermost:  2ab09b027e7f Downloading 26.21MB
    node-mattermost:  3531af2bc2a9 Downloading 27.26MB
    node-mattermost:  4c7f2d7f4f80 Downloading 27.26MB
    node-mattermost:  05de7d3270fa Downloading 26.21MB
    node-mattermost:  f5bfdc5b1f8b Downloading 27.26MB
    node-mattermost:  2ab09b027e7f Downloading 27.26MB
    node-mattermost:  05de7d3270fa Downloading 26.21MB
    node-mattermost:  f5bfdc5b1f8b Downloading 28.31MB
    node-mattermost:  05de7d3270fa Downloading 26.21MB
    node-mattermost:  f5bfdc5b1f8b Downloading 28.31MB
    node-mattermost:  2ab09b027e7f Downloading 27.26MB
    node-mattermost:  3531af2bc2a9 Downloading 27.26MB
    node-mattermost:  4c7f2d7f4f80 Downloading 27.26MB
    node-mattermost:  05de7d3270fa Downloading 27.26MB
    node-mattermost:  f5bfdc5b1f8b Downloading 28.31MB
    node-mattermost:  2ab09b027e7f Downloading 27.26MB
    node-mattermost:  2ab09b027e7f Downloading 28.31MB
    node-mattermost:  05de7d3270fa Downloading 27.26MB
    node-mattermost:  f5bfdc5b1f8b Downloading 28.31MB
    node-mattermost:  2ab09b027e7f Downloading 29.36MB
    node-mattermost:  05de7d3270fa Downloading 27.26MB
    node-mattermost:  f5bfdc5b1f8b Downloading 28.31MB
    node-mattermost:  3531af2bc2a9 Downloading 28.31MB
    node-mattermost:  4c7f2d7f4f80 Downloading 28.31MB
    node-mattermost:  2ab09b027e7f Download complete 0B
    node-mattermost:  05de7d3270fa Downloading 28.31MB
    node-mattermost:  f5bfdc5b1f8b Downloading 29.36MB
    node-mattermost:  2ab09b027e7f Extracting 1B
    node-mattermost:  f5bfdc5b1f8b Downloading 29.36MB
    node-mattermost:  05de7d3270fa Downloading 28.31MB
    node-mattermost:  2ab09b027e7f Extracting 1B
    node-mattermost:  05de7d3270fa Downloading 28.31MB
    node-mattermost:  f5bfdc5b1f8b Downloading 29.36MB
    node-mattermost:  2ab09b027e7f Extracting 1B
    node-mattermost:  05de7d3270fa Downloading 28.31MB
    node-mattermost:  f5bfdc5b1f8b Downloading 30.15MB
    node-mattermost:  4c7f2d7f4f80 Downloading 29.36MB
    node-mattermost:  2ab09b027e7f Extracting 1B
    node-mattermost:  05de7d3270fa Downloading 29.36MB
    node-mattermost:  f5bfdc5b1f8b Downloading 30.41MB
    node-mattermost:  2ab09b027e7f Extracting 1B
    node-mattermost:  05de7d3270fa Downloading 29.36MB
    node-mattermost:  f5bfdc5b1f8b Downloading 30.41MB
    node-mattermost:  2ab09b027e7f Extracting 1B
    node-mattermost:  05de7d3270fa Downloading 29.36MB
    node-mattermost:  f5bfdc5b1f8b Downloading 30.41MB
    node-mattermost:  4c7f2d7f4f80 Downloading 31.46MB
    node-mattermost:  3531af2bc2a9 Download complete 0B
    node-mattermost:  2ab09b027e7f Extracting 2B
    node-mattermost:  05de7d3270fa Downloading 30.41MB
    node-mattermost:  f5bfdc5b1f8b Downloading 31.46MB
    node-mattermost:  2ab09b027e7f Extracting 2B
    node-mattermost:  05de7d3270fa Downloading 30.41MB
    node-mattermost:  f5bfdc5b1f8b Downloading 31.46MB
    node-mattermost:  2ab09b027e7f Extracting 2B
    node-mattermost:  f5bfdc5b1f8b Downloading 31.46MB
    node-mattermost:  05de7d3270fa Downloading 30.41MB
    node-mattermost:  3531af2bc2a9 Extracting 1B
    node-mattermost:  2ab09b027e7f Extracting 2B
    node-mattermost:  4c7f2d7f4f80 Downloading 32.51MB
    node-mattermost:  05de7d3270fa Downloading 30.41MB
    node-mattermost:  f5bfdc5b1f8b Downloading 31.46MB
    node-mattermost:  2ab09b027e7f Extracting 2B
    node-mattermost:  05de7d3270fa Downloading 30.41MB
    node-mattermost:  f5bfdc5b1f8b Downloading 32.51MB
    node-mattermost:  2ab09b027e7f Extracting 2B
    node-mattermost:  05de7d3270fa Downloading 31.46MB
    node-mattermost:  f5bfdc5b1f8b Downloading 32.51MB
    node-mattermost:  2ab09b027e7f Extracting 2B
    node-mattermost:  3531af2bc2a9 Extracting 1B
    node-mattermost:  05de7d3270fa Downloading 31.46MB
    node-mattermost:  f5bfdc5b1f8b Downloading 32.51MB
    node-mattermost:  4c7f2d7f4f80 Downloading 33.55MB
    node-mattermost:  2ab09b027e7f Extracting 2B
    node-mattermost:  f5bfdc5b1f8b Downloading 32.51MB
    node-mattermost:  05de7d3270fa Downloading 31.46MB
    node-mattermost:  2ab09b027e7f Extracting 3B
    node-mattermost:  05de7d3270fa Downloading 32.51MB
    node-mattermost:  f5bfdc5b1f8b Downloading 32.51MB
    node-mattermost:  2ab09b027e7f Extracting 3B
    node-mattermost:  05de7d3270fa Downloading 33.55MB
    node-mattermost:  f5bfdc5b1f8b Downloading 33.55MB
    node-mattermost:  3531af2bc2a9 Extracting 2B
    node-mattermost:  4c7f2d7f4f80 Downloading 35.65MB
    node-mattermost:  2ab09b027e7f Extracting 3B
    node-mattermost:  05de7d3270fa Downloading 33.55MB
    node-mattermost:  f5bfdc5b1f8b Downloading 34.6MB
    node-mattermost:  2ab09b027e7f Extracting 3B
    node-mattermost:  05de7d3270fa Downloading 34.6MB
    node-mattermost:  f5bfdc5b1f8b Downloading 35.65MB
    node-mattermost:  2ab09b027e7f Extracting 4B
    node-mattermost:  f5bfdc5b1f8b Downloading 35.65MB
    node-mattermost:  05de7d3270fa Downloading 35.65MB
    node-mattermost:  3531af2bc2a9 Extracting 2B
    node-mattermost:  4c7f2d7f4f80 Downloading 36.7MB
    node-mattermost:  2ab09b027e7f Extracting 4B
    node-mattermost:  05de7d3270fa Downloading 35.65MB
    node-mattermost:  f5bfdc5b1f8b Downloading 35.65MB
    node-mattermost:  2ab09b027e7f Extracting 4B
    node-mattermost:  05de7d3270fa Downloading 35.65MB
    node-mattermost:  f5bfdc5b1f8b Downloading 35.65MB
    node-mattermost:  2ab09b027e7f Extracting 4B
    node-mattermost:  05de7d3270fa Downloading 35.65MB
    node-mattermost:  f5bfdc5b1f8b Downloading 35.65MB
    node-mattermost:  2ab09b027e7f Extracting 4B
    node-mattermost:  05de7d3270fa Downloading 35.65MB
    node-mattermost:  f5bfdc5b1f8b Downloading 35.65MB
    node-mattermost:  3531af2bc2a9 Extracting 3B
    node-mattermost:  4c7f2d7f4f80 Downloading 37.75MB
    node-mattermost:  2ab09b027e7f Extracting 4B
    node-mattermost:  05de7d3270fa Downloading 36.7MB
    node-mattermost:  f5bfdc5b1f8b Downloading 36.7MB
    node-mattermost:  2ab09b027e7f Extracting 4B
    node-mattermost:  05de7d3270fa Downloading 36.7MB
    node-mattermost:  f5bfdc5b1f8b Downloading 36.7MB
    node-mattermost:  2ab09b027e7f Extracting 4B
    node-mattermost:  05de7d3270fa Downloading 36.7MB
    node-mattermost:  f5bfdc5b1f8b Downloading 36.7MB
    node-mattermost:  3531af2bc2a9 Extracting 3B
    node-mattermost:  2ab09b027e7f Extracting 4B
    node-mattermost:  4c7f2d7f4f80 Downloading 38.8MB
    node-mattermost:  05de7d3270fa Downloading 36.7MB
    node-mattermost:  f5bfdc5b1f8b Downloading 37.75MB
    node-mattermost:  2ab09b027e7f Extracting 5B
    node-mattermost:  f5bfdc5b1f8b Downloading 37.75MB
    node-mattermost:  05de7d3270fa Downloading 37.75MB
    node-mattermost:  2ab09b027e7f Extracting 5B
    node-mattermost:  05de7d3270fa Downloading 37.75MB
    node-mattermost:  f5bfdc5b1f8b Downloading 38.8MB
    node-mattermost:  2ab09b027e7f Extracting 5B
    node-mattermost:  f5bfdc5b1f8b Downloading 38.8MB
    node-mattermost:  05de7d3270fa Downloading 38.8MB
    node-mattermost:  3531af2bc2a9 Extracting 4B
    node-mattermost:  4c7f2d7f4f80 Downloading 40.89MB
    node-mattermost:  2ab09b027e7f Extracting 5B
    node-mattermost:  05de7d3270fa Downloading 38.8MB
    node-mattermost:  f5bfdc5b1f8b Downloading 39.85MB
    node-mattermost:  2ab09b027e7f Extracting 5B
    node-mattermost:  05de7d3270fa Downloading 38.8MB
    node-mattermost:  f5bfdc5b1f8b Downloading 39.85MB
    node-mattermost:  2ab09b027e7f Extracting 5B
    node-mattermost:  05de7d3270fa Downloading 38.8MB
    node-mattermost:  f5bfdc5b1f8b Downloading 39.85MB
    node-mattermost:  3531af2bc2a9 Extracting 4B
    node-mattermost:  2ab09b027e7f Extracting 6B
    node-mattermost:  4c7f2d7f4f80 Downloading 41.94MB
    node-mattermost:  05de7d3270fa Downloading 39.85MB
    node-mattermost:  f5bfdc5b1f8b Downloading 40.89MB
    node-mattermost:  2ab09b027e7f Extracting 6B
    node-mattermost:  05de7d3270fa Downloading 39.85MB
    node-mattermost:  f5bfdc5b1f8b Downloading 40.89MB
    node-mattermost:  2ab09b027e7f Extracting 6B
    node-mattermost:  05de7d3270fa Downloading 39.85MB
    node-mattermost:  f5bfdc5b1f8b Downloading 40.89MB
    node-mattermost:  2ab09b027e7f Extracting 6B
    node-mattermost:  3531af2bc2a9 Extracting 5B
    node-mattermost:  05de7d3270fa Downloading 40.89MB
    node-mattermost:  f5bfdc5b1f8b Downloading 41.87MB
    node-mattermost:  4c7f2d7f4f80 Downloading 42.99MB
    node-mattermost:  2ab09b027e7f Extracting 6B
    node-mattermost:  05de7d3270fa Downloading 41.94MB
    node-mattermost:  f5bfdc5b1f8b Downloading 41.94MB
    node-mattermost:  2ab09b027e7f Extracting 6B
    node-mattermost:  05de7d3270fa Downloading 44.04MB
    node-mattermost:  f5bfdc5b1f8b Downloading 42.99MB
    node-mattermost:  2ab09b027e7f Extracting 7B
    node-mattermost:  05de7d3270fa Downloading 44.98MB
    node-mattermost:  f5bfdc5b1f8b Downloading 42.99MB
    node-mattermost:  3531af2bc2a9 Extracting 5B
    node-mattermost:  2ab09b027e7f Extracting 7B
    node-mattermost:  4c7f2d7f4f80 Downloading 45.09MB
    node-mattermost:  05de7d3270fa Downloading 44.98MB
    node-mattermost:  f5bfdc5b1f8b Downloading 44.04MB
    node-mattermost:  2ab09b027e7f Extracting 7B
    node-mattermost:  05de7d3270fa Download complete 0B
    node-mattermost:  f5bfdc5b1f8b Downloading 45.09MB
    node-mattermost:  2ab09b027e7f Extracting 7B
    node-mattermost:  f5bfdc5b1f8b Downloading 46.14MB
    node-mattermost:  3531af2bc2a9 Extracting 6B
    node-mattermost:  2ab09b027e7f Extracting 7B
    node-mattermost:  4c7f2d7f4f80 Downloading 47.19MB
    node-mattermost:  f5bfdc5b1f8b Downloading 46.14MB
    node-mattermost:  2ab09b027e7f Extracting 7B
    node-mattermost:  f5bfdc5b1f8b Downloading 47.19MB
    node-mattermost:  2ab09b027e7f Extracting 7B
    node-mattermost:  f5bfdc5b1f8b Downloading 47.19MB
    node-mattermost:  3531af2bc2a9 Extracting 6B
    node-mattermost:  4c7f2d7f4f80 Downloading 47.19MB
    node-mattermost:  2ab09b027e7f Extracting 8B
    node-mattermost:  f5bfdc5b1f8b Downloading 47.19MB
    node-mattermost:  2ab09b027e7f Extracting 8B
    node-mattermost:  3531af2bc2a9 Extracting 6B
    node-mattermost:  f5bfdc5b1f8b Downloading 47.19MB
    node-mattermost:  4c7f2d7f4f80 Downloading 47.19MB
    node-mattermost:  2ab09b027e7f Extracting 8B
    node-mattermost:  f5bfdc5b1f8b Downloading 47.19MB
    node-mattermost:  2ab09b027e7f Extracting 8B
    node-mattermost:  3531af2bc2a9 Extracting 6B
    node-mattermost:  4c7f2d7f4f80 Downloading 47.19MB
    node-mattermost:  f5bfdc5b1f8b Downloading 47.19MB
    node-mattermost:  2ab09b027e7f Extracting 8B
    node-mattermost:  3531af2bc2a9 Extracting 7B
    node-mattermost:  4c7f2d7f4f80 Downloading 47.19MB
    node-mattermost:  f5bfdc5b1f8b Downloading 47.19MB
    node-mattermost:  2ab09b027e7f Extracting 8B
    node-mattermost:  f5bfdc5b1f8b Downloading 47.19MB
    node-mattermost:  2ab09b027e7f Extracting 8B
    node-mattermost:  f5bfdc5b1f8b Downloading 47.19MB
    node-mattermost:  3531af2bc2a9 Extracting 7B
    node-mattermost:  4c7f2d7f4f80 Downloading 48.23MB
    node-mattermost:  2ab09b027e7f Extracting 8B
    node-mattermost:  f5bfdc5b1f8b Downloading 47.19MB
    node-mattermost:  2ab09b027e7f Extracting 9B
    node-mattermost:  f5bfdc5b1f8b Downloading 48.23MB
    node-mattermost:  2ab09b027e7f Extracting 9B
    node-mattermost:  3531af2bc2a9 Extracting 7B
    node-mattermost:  f5bfdc5b1f8b Downloading 48.23MB
    node-mattermost:  4c7f2d7f4f80 Downloading 49.28MB
    node-mattermost:  2ab09b027e7f Extracting 9B
    node-mattermost:  f5bfdc5b1f8b Downloading 49.28MB
    node-mattermost:  2ab09b027e7f Extracting 9B
    node-mattermost:  f5bfdc5b1f8b Downloading 49.28MB
    node-mattermost:  2ab09b027e7f Extracting 9B
    node-mattermost:  f5bfdc5b1f8b Downloading 49.77MB
    node-mattermost:  3531af2bc2a9 Extracting 8B
    node-mattermost:  4c7f2d7f4f80 Downloading 51.38MB
    node-mattermost:  2ab09b027e7f Extracting 9B
    node-mattermost:  f5bfdc5b1f8b Downloading 50.33MB
    node-mattermost:  2ab09b027e7f Extracting 9B
    node-mattermost:  f5bfdc5b1f8b Downloading 51.38MB
    node-mattermost:  2ab09b027e7f Extracting 9B
    node-mattermost:  f5bfdc5b1f8b Downloading 51.38MB
    node-mattermost:  3531af2bc2a9 Extracting 8B
    node-mattermost:  4c7f2d7f4f80 Downloading 53.48MB
    node-mattermost:  2ab09b027e7f Extracting 10B
    node-mattermost:  f5bfdc5b1f8b Downloading 52.43MB
    node-mattermost:  2ab09b027e7f Extracting 10B
    node-mattermost:  f5bfdc5b1f8b Downloading 52.43MB
    node-mattermost:  2ab09b027e7f Extracting 10B
    node-mattermost:  f5bfdc5b1f8b Downloading 53.48MB
    node-mattermost:  3531af2bc2a9 Extracting 9B
    node-mattermost:  4c7f2d7f4f80 Downloading 54.53MB
    node-mattermost:  2ab09b027e7f Extracting 10B
    node-mattermost:  f5bfdc5b1f8b Downloading 53.48MB
    node-mattermost:  2ab09b027e7f Extracting 10B
    node-mattermost:  f5bfdc5b1f8b Downloading 53.48MB
    node-mattermost:  2ab09b027e7f Extracting 10B
    node-mattermost:  3531af2bc2a9 Extracting 9B
    node-mattermost:  f5bfdc5b1f8b Downloading 54.53MB
    node-mattermost:  4c7f2d7f4f80 Downloading 56.62MB
    node-mattermost:  2ab09b027e7f Extracting 10B
    node-mattermost:  f5bfdc5b1f8b Downloading 55.57MB
    node-mattermost:  2ab09b027e7f Extracting 11B
    node-mattermost:  f5bfdc5b1f8b Downloading 55.57MB
    node-mattermost:  2ab09b027e7f Extracting 11B
    node-mattermost:  3531af2bc2a9 Extracting 9B
    node-mattermost:  f5bfdc5b1f8b Downloading 55.57MB
    node-mattermost:  4c7f2d7f4f80 Downloading 57.67MB
    node-mattermost:  2ab09b027e7f Extracting 11B
    node-mattermost:  f5bfdc5b1f8b Downloading 55.57MB
    node-mattermost:  2ab09b027e7f Extracting 11B
    node-mattermost:  f5bfdc5b1f8b Downloading 56.62MB
    node-mattermost:  2ab09b027e7f Extracting 11B
    node-mattermost:  3531af2bc2a9 Extracting 10B
    node-mattermost:  4c7f2d7f4f80 Downloading 58.72MB
    node-mattermost:  f5bfdc5b1f8b Downloading 57.67MB
    node-mattermost:  2ab09b027e7f Extracting 11B
    node-mattermost:  f5bfdc5b1f8b Downloading 57.67MB
    node-mattermost:  2ab09b027e7f Extracting 12B
    node-mattermost:  f5bfdc5b1f8b Downloading 58.72MB
    node-mattermost:  3531af2bc2a9 Extracting 10B
    node-mattermost:  2ab09b027e7f Extracting 12B
    node-mattermost:  4c7f2d7f4f80 Downloading 61.87MB
    node-mattermost:  f5bfdc5b1f8b Downloading 59.77MB
    node-mattermost:  2ab09b027e7f Extracting 12B
    node-mattermost:  f5bfdc5b1f8b Downloading 60.82MB
    node-mattermost:  2ab09b027e7f Extracting 12B
    node-mattermost:  f5bfdc5b1f8b Downloading 60.82MB
    node-mattermost:  3531af2bc2a9 Extracting 11B
    node-mattermost:  4c7f2d7f4f80 Downloading 62.91MB
    node-mattermost:  2ab09b027e7f Extracting 12B
    node-mattermost:  f5bfdc5b1f8b Downloading 60.82MB
    node-mattermost:  2ab09b027e7f Extracting 12B
    node-mattermost:  f5bfdc5b1f8b Downloading 61.87MB
    node-mattermost:  2ab09b027e7f Extracting 12B
    node-mattermost:  f5bfdc5b1f8b Downloading 61.87MB
    node-mattermost:  3531af2bc2a9 Extracting 11B
    node-mattermost:  4c7f2d7f4f80 Downloading 63.96MB
    node-mattermost:  2ab09b027e7f Extracting 13B
    node-mattermost:  f5bfdc5b1f8b Downloading 62.91MB
    node-mattermost:  2ab09b027e7f Extracting 13B
    node-mattermost:  f5bfdc5b1f8b Downloading 62.91MB
    node-mattermost:  2ab09b027e7f Extracting 13B
    node-mattermost:  3531af2bc2a9 Extracting 12B
    node-mattermost:  f5bfdc5b1f8b Downloading 62.91MB
    node-mattermost:  4c7f2d7f4f80 Downloading 65.01MB
    node-mattermost:  2ab09b027e7f Extracting 13B
    node-mattermost:  f5bfdc5b1f8b Downloading 63.96MB
    node-mattermost:  2ab09b027e7f Extracting 13B
    node-mattermost:  f5bfdc5b1f8b Downloading 63.96MB
    node-mattermost:  3531af2bc2a9 Extracting 12B
    node-mattermost:  2ab09b027e7f Extracting 13B
    node-mattermost:  4c7f2d7f4f80 Downloading 66.06MB
    node-mattermost:  f5bfdc5b1f8b Downloading 65.01MB
    node-mattermost:  2ab09b027e7f Extracting 13B
    node-mattermost:  f5bfdc5b1f8b Downloading 65.01MB
    node-mattermost:  2ab09b027e7f Extracting 14B
    node-mattermost:  f5bfdc5b1f8b Downloading 65.01MB
    node-mattermost:  3531af2bc2a9 Extracting 12B
    node-mattermost:  2ab09b027e7f Extracting 14B
    node-mattermost:  4c7f2d7f4f80 Downloading 67.11MB
    node-mattermost:  f5bfdc5b1f8b Downloading 66.06MB
    node-mattermost:  2ab09b027e7f Extracting 14B
    node-mattermost:  f5bfdc5b1f8b Downloading 66.06MB
    node-mattermost:  2ab09b027e7f Extracting 14B
    node-mattermost:  3531af2bc2a9 Extracting 13B
    node-mattermost:  f5bfdc5b1f8b Downloading 67.11MB
    node-mattermost:  4c7f2d7f4f80 Downloading 69.21MB
    node-mattermost:  2ab09b027e7f Extracting 14B
    node-mattermost:  f5bfdc5b1f8b Downloading 67.11MB
    node-mattermost:  2ab09b027e7f Extracting 14B
    node-mattermost:  f5bfdc5b1f8b Downloading 68.16MB
    node-mattermost:  3531af2bc2a9 Extracting 13B
    node-mattermost:  2ab09b027e7f Extracting 14B
    node-mattermost:  4c7f2d7f4f80 Downloading 70.25MB
    node-mattermost:  f5bfdc5b1f8b Downloading 68.16MB
    node-mattermost:  2ab09b027e7f Extracting 15B
    node-mattermost:  f5bfdc5b1f8b Downloading 69.21MB
    node-mattermost:  2ab09b027e7f Extracting 15B
    node-mattermost:  f5bfdc5b1f8b Downloading 69.21MB
    node-mattermost:  3531af2bc2a9 Extracting 13B
    node-mattermost:  2ab09b027e7f Extracting 15B
    node-mattermost:  4c7f2d7f4f80 Downloading 71.3MB
    node-mattermost:  f5bfdc5b1f8b Downloading 70.25MB
    node-mattermost:  2ab09b027e7f Extracting 15B
    node-mattermost:  f5bfdc5b1f8b Downloading 70.25MB
    node-mattermost:  2ab09b027e7f Extracting 15B
    node-mattermost:  f5bfdc5b1f8b Downloading 70.25MB
    node-mattermost:  3531af2bc2a9 Extracting 14B
    node-mattermost:  4c7f2d7f4f80 Downloading 72.35MB
    node-mattermost:  2ab09b027e7f Extracting 15B
    node-mattermost:  f5bfdc5b1f8b Downloading 70.25MB
    node-mattermost:  2ab09b027e7f Extracting 15B
    node-mattermost:  f5bfdc5b1f8b Downloading 71.3MB
    node-mattermost:  2ab09b027e7f Extracting 16B
    node-mattermost:  3531af2bc2a9 Extracting 14B
    node-mattermost:  f5bfdc5b1f8b Downloading 72.35MB
    node-mattermost:  4c7f2d7f4f80 Downloading 74.45MB
    node-mattermost:  2ab09b027e7f Extracting 16B
    node-mattermost:  f5bfdc5b1f8b Downloading 74.45MB
    node-mattermost:  2ab09b027e7f Pull complete 0B
    node-mattermost:  f5bfdc5b1f8b Downloading 74.45MB
    node-mattermost:  3531af2bc2a9 Pull complete 0B
    node-mattermost:  4c7f2d7f4f80 Downloading 75.5MB
    node-mattermost:  05de7d3270fa Extracting 1B
    node-mattermost:  f5bfdc5b1f8b Downloading 74.45MB
    node-mattermost:  be67b9cdfb60 Pull complete 0B
    node-mattermost:  05de7d3270fa Extracting 1B
    node-mattermost:  f5bfdc5b1f8b Downloading 75.5MB
    node-mattermost:  05de7d3270fa Extracting 1B
    node-mattermost:  f5bfdc5b1f8b Downloading 75.5MB
    node-mattermost:  c375454b4ff0 Extracting 1B
    node-mattermost:  4c7f2d7f4f80 Downloading 77.59MB
    node-mattermost:  05de7d3270fa Extracting 1B
    node-mattermost:  f5bfdc5b1f8b Downloading 76.55MB
    node-mattermost:  05de7d3270fa Extracting 1B
    node-mattermost:  f5bfdc5b1f8b Downloading 76.55MB
    node-mattermost:  05de7d3270fa Extracting 1B
    node-mattermost:  f5bfdc5b1f8b Downloading 76.55MB
    node-mattermost:  c375454b4ff0 Extracting 1B
    node-mattermost:  4c7f2d7f4f80 Downloading 78.64MB
    node-mattermost:  05de7d3270fa Extracting 1B
    node-mattermost:  f5bfdc5b1f8b Downloading 77.59MB
    node-mattermost:  05de7d3270fa Extracting 2B
    node-mattermost:  f5bfdc5b1f8b Downloading 78.64MB
    node-mattermost:  05de7d3270fa Extracting 2B
    node-mattermost:  c375454b4ff0 Extracting 1B
    node-mattermost:  f5bfdc5b1f8b Downloading 78.64MB
    node-mattermost:  4c7f2d7f4f80 Downloading 79.69MB
    node-mattermost:  05de7d3270fa Extracting 2B
    node-mattermost:  f5bfdc5b1f8b Downloading 78.64MB
    node-mattermost:  05de7d3270fa Extracting 2B
    node-mattermost:  f5bfdc5b1f8b Downloading 79.69MB
    node-mattermost:  05de7d3270fa Extracting 2B
    node-mattermost:  c375454b4ff0 Extracting 2B
    node-mattermost:  f5bfdc5b1f8b Downloading 79.69MB
    node-mattermost:  4c7f2d7f4f80 Downloading 80.74MB
    node-mattermost:  05de7d3270fa Extracting 2B
    node-mattermost:  f5bfdc5b1f8b Downloading 79.69MB
    node-mattermost:  05de7d3270fa Extracting 2B
    node-mattermost:  f5bfdc5b1f8b Downloading 80.74MB
    node-mattermost:  c375454b4ff0 Extracting 2B
    node-mattermost:  05de7d3270fa Extracting 2B
    node-mattermost:  4c7f2d7f4f80 Downloading 81.79MB
    node-mattermost:  f5bfdc5b1f8b Downloading 80.74MB
    node-mattermost:  05de7d3270fa Extracting 3B
    node-mattermost:  f5bfdc5b1f8b Downloading 81.28MB
    node-mattermost:  05de7d3270fa Extracting 3B
    node-mattermost:  c375454b4ff0 Extracting 2B
    node-mattermost:  f5bfdc5b1f8b Downloading 82.84MB
    node-mattermost:  4c7f2d7f4f80 Downloading 82.84MB
    node-mattermost:  05de7d3270fa Extracting 3B
    node-mattermost:  f5bfdc5b1f8b Downloading 82.84MB
    node-mattermost:  05de7d3270fa Extracting 3B
    node-mattermost:  f5bfdc5b1f8b Downloading 83.89MB
    node-mattermost:  05de7d3270fa Extracting 3B
    node-mattermost:  c375454b4ff0 Extracting 3B
    node-mattermost:  f5bfdc5b1f8b Downloading 84.93MB
    node-mattermost:  4c7f2d7f4f80 Downloading 83.89MB
    node-mattermost:  05de7d3270fa Extracting 3B
    node-mattermost:  f5bfdc5b1f8b Downloading 84.93MB
    node-mattermost:  05de7d3270fa Extracting 3B
    node-mattermost:  f5bfdc5b1f8b Downloading 84.93MB
    node-mattermost:  05de7d3270fa Extracting 3B
    node-mattermost:  c375454b4ff0 Extracting 3B
    node-mattermost:  f5bfdc5b1f8b Downloading 84.93MB
    node-mattermost:  4c7f2d7f4f80 Downloading 83.89MB
    node-mattermost:  05de7d3270fa Extracting 3B
    node-mattermost:  f5bfdc5b1f8b Downloading 84.93MB
    node-mattermost:  05de7d3270fa Extracting 3B
    node-mattermost:  f5bfdc5b1f8b Downloading 85.98MB
    node-mattermost:  c375454b4ff0 Extracting 3B
    node-mattermost:  05de7d3270fa Extracting 4B
    node-mattermost:  4c7f2d7f4f80 Downloading 84.93MB
    node-mattermost:  f5bfdc5b1f8b Downloading 87.03MB
    node-mattermost:  05de7d3270fa Extracting 4B
    node-mattermost:  f5bfdc5b1f8b Downloading 88.08MB
    node-mattermost:  05de7d3270fa Extracting 4B
    node-mattermost:  f5bfdc5b1f8b Downloading 88.08MB
    node-mattermost:  c375454b4ff0 Pull complete 0B
    node-mattermost:  05de7d3270fa Extracting 4B
    node-mattermost:  f5bfdc5b1f8b Downloading 88.08MB
    node-mattermost:  4c7f2d7f4f80 Downloading 87.03MB
    node-mattermost:  05de7d3270fa Extracting 4B
    node-mattermost:  f5bfdc5b1f8b Downloading 88.08MB
    node-mattermost:  ff8482cd03b7 Extracting 1B
    node-mattermost:  05de7d3270fa Extracting 4B
    node-mattermost:  f5bfdc5b1f8b Downloading 89.13MB
    node-mattermost:  4c7f2d7f4f80 Downloading 88.08MB
    node-mattermost:  05de7d3270fa Extracting 4B
    node-mattermost:  f5bfdc5b1f8b Downloading 89.13MB
    node-mattermost:  05de7d3270fa Extracting 4B
    node-mattermost:  f5bfdc5b1f8b Downloading 89.13MB
    node-mattermost:  ff8482cd03b7 Extracting 1B
    node-mattermost:  05de7d3270fa Extracting 4B
    node-mattermost:  4c7f2d7f4f80 Downloading 88.08MB
    node-mattermost:  f5bfdc5b1f8b Downloading 89.13MB
    node-mattermost:  05de7d3270fa Extracting 5B
    node-mattermost:  f5bfdc5b1f8b Downloading 90.18MB
    node-mattermost:  ff8482cd03b7 Extracting 1B
    node-mattermost:  05de7d3270fa Extracting 5B
    node-mattermost:  f5bfdc5b1f8b Downloading 90.18MB
    node-mattermost:  4c7f2d7f4f80 Downloading 89.13MB
    node-mattermost:  05de7d3270fa Extracting 5B
    node-mattermost:  f5bfdc5b1f8b Downloading 90.18MB
    node-mattermost:  05de7d3270fa Extracting 5B
    node-mattermost:  ff8482cd03b7 Pull complete 0B
    node-mattermost:  f5bfdc5b1f8b Downloading 91.23MB
    node-mattermost:  ac28d232c7f3 Extracting 1B
    node-mattermost:  4c7f2d7f4f80 Downloading 89.13MB
    node-mattermost:  05de7d3270fa Extracting 5B
    node-mattermost:  f5bfdc5b1f8b Downloading 91.23MB
    node-mattermost:  05de7d3270fa Extracting 5B
    node-mattermost:  f5bfdc5b1f8b Downloading 92.27MB
    node-mattermost:  ac28d232c7f3 Extracting 1B
    node-mattermost:  05de7d3270fa Extracting 5B
    node-mattermost:  4c7f2d7f4f80 Downloading 90.18MB
    node-mattermost:  f5bfdc5b1f8b Downloading 92.27MB
    node-mattermost:  05de7d3270fa Extracting 5B
    node-mattermost:  f5bfdc5b1f8b Downloading 93.32MB
    node-mattermost:  ac28d232c7f3 Extracting 1B
    node-mattermost:  4c7f2d7f4f80 Downloading 91.23MB
    node-mattermost:  05de7d3270fa Extracting 5B
    node-mattermost:  f5bfdc5b1f8b Downloading 93.32MB
    node-mattermost:  05de7d3270fa Extracting 6B
    node-mattermost:  f5bfdc5b1f8b Downloading 93.32MB
    node-mattermost:  ac28d232c7f3 Extracting 1B
    node-mattermost:  4c7f2d7f4f80 Downloading 92.27MB
    node-mattermost:  05de7d3270fa Extracting 6B
    node-mattermost:  f5bfdc5b1f8b Downloading 94.37MB
    node-mattermost:  05de7d3270fa Extracting 6B
    node-mattermost:  f5bfdc5b1f8b Downloading 94.37MB
    node-mattermost:  05de7d3270fa Extracting 6B
    node-mattermost:  ac28d232c7f3 Extracting 1B
    node-mattermost:  4c7f2d7f4f80 Downloading 92.27MB
    node-mattermost:  f5bfdc5b1f8b Downloading 94.37MB
    node-mattermost:  05de7d3270fa Extracting 6B
    node-mattermost:  f5bfdc5b1f8b Downloading 95.42MB
    node-mattermost:  05de7d3270fa Extracting 6B
    node-mattermost:  ac28d232c7f3 Extracting 2B
    node-mattermost:  4c7f2d7f4f80 Downloading 93.32MB
    node-mattermost:  f5bfdc5b1f8b Downloading 96.47MB
    node-mattermost:  05de7d3270fa Extracting 6B
    node-mattermost:  f5bfdc5b1f8b Downloading 96.47MB
    node-mattermost:  05de7d3270fa Extracting 6B
    node-mattermost:  f5bfdc5b1f8b Downloading 96.47MB
    node-mattermost:  ac28d232c7f3 Extracting 2B
    node-mattermost:  4c7f2d7f4f80 Downloading 94.37MB
    node-mattermost:  05de7d3270fa Extracting 6B
    node-mattermost:  f5bfdc5b1f8b Downloading 96.47MB
    node-mattermost:  05de7d3270fa Extracting 7B
    node-mattermost:  f5bfdc5b1f8b Downloading 97.52MB
    node-mattermost:  05de7d3270fa Extracting 7B
    node-mattermost:  ac28d232c7f3 Extracting 2B
    node-mattermost:  4c7f2d7f4f80 Downloading 95.42MB
    node-mattermost:  f5bfdc5b1f8b Downloading 98.57MB
    node-mattermost:  05de7d3270fa Extracting 7B
    node-mattermost:  f5bfdc5b1f8b Downloading 98.57MB
    node-mattermost:  05de7d3270fa Extracting 7B
    node-mattermost:  f5bfdc5b1f8b Downloading 98.91MB
    node-mattermost:  ac28d232c7f3 Extracting 3B
    node-mattermost:  4c7f2d7f4f80 Downloading 97.2MB
    node-mattermost:  05de7d3270fa Extracting 7B
    node-mattermost:  f5bfdc5b1f8b Downloading 99.61MB
    node-mattermost:  05de7d3270fa Extracting 7B
    node-mattermost:  f5bfdc5b1f8b Downloading 99.61MB
    node-mattermost:  05de7d3270fa Extracting 7B
    node-mattermost:  ac28d232c7f3 Extracting 3B
    node-mattermost:  4c7f2d7f4f80 Downloading 97.52MB
    node-mattermost:  f5bfdc5b1f8b Downloading 99.61MB
    node-mattermost:  05de7d3270fa Extracting 7B
    node-mattermost:  f5bfdc5b1f8b Downloading 100.7MB
    node-mattermost:  05de7d3270fa Extracting 7B
    node-mattermost:  f5bfdc5b1f8b Downloading 100.7MB
    node-mattermost:  ac28d232c7f3 Extracting 3B
    node-mattermost:  4c7f2d7f4f80 Downloading 98.57MB
    node-mattermost:  05de7d3270fa Extracting 8B
    node-mattermost:  f5bfdc5b1f8b Downloading 100.7MB
    node-mattermost:  05de7d3270fa Extracting 8B
    node-mattermost:  f5bfdc5b1f8b Downloading 101.7MB
    node-mattermost:  05de7d3270fa Extracting 8B
    node-mattermost:  f5bfdc5b1f8b Downloading 101.7MB
    node-mattermost:  ac28d232c7f3 Extracting 3B
    node-mattermost:  4c7f2d7f4f80 Downloading 99.61MB
    node-mattermost:  05de7d3270fa Extracting 8B
    node-mattermost:  f5bfdc5b1f8b Downloading 101.7MB
    node-mattermost:  05de7d3270fa Extracting 8B
    node-mattermost:  f5bfdc5b1f8b Downloading 102.8MB
    node-mattermost:  ac28d232c7f3 Extracting 4B
    node-mattermost:  4c7f2d7f4f80 Downloading 100.7MB
    node-mattermost:  05de7d3270fa Extracting 8B
    node-mattermost:  f5bfdc5b1f8b Downloading 102.8MB
    node-mattermost:  05de7d3270fa Extracting 9B
    node-mattermost:  f5bfdc5b1f8b Downloading 103.8MB
    node-mattermost:  ac28d232c7f3 Extracting 4B
    node-mattermost:  05de7d3270fa Extracting 9B
    node-mattermost:  4c7f2d7f4f80 Downloading 101.7MB
    node-mattermost:  f5bfdc5b1f8b Downloading 103.8MB
    node-mattermost:  05de7d3270fa Extracting 9B
    node-mattermost:  f5bfdc5b1f8b Downloading 103.8MB
    node-mattermost:  05de7d3270fa Extracting 9B
    node-mattermost:  f5bfdc5b1f8b Downloading 104.9MB
    node-mattermost:  ac28d232c7f3 Extracting 5B
    node-mattermost:  4c7f2d7f4f80 Downloading 102.8MB
    node-mattermost:  05de7d3270fa Extracting 9B
    node-mattermost:  f5bfdc5b1f8b Downloading 104.9MB
    node-mattermost:  05de7d3270fa Extracting 9B
    node-mattermost:  f5bfdc5b1f8b Downloading 104.9MB
    node-mattermost:  05de7d3270fa Extracting 9B
    node-mattermost:  f5bfdc5b1f8b Downloading 107MB
    node-mattermost:  4c7f2d7f4f80 Downloading 103.8MB
    node-mattermost:  05de7d3270fa Extracting 9B
    node-mattermost:  f5bfdc5b1f8b Downloading 107MB
    node-mattermost:  05de7d3270fa Extracting 10B
    node-mattermost:  f5bfdc5b1f8b Downloading 107MB
    node-mattermost:  ac28d232c7f3 Pull complete 0B
    node-mattermost:  4c7f2d7f4f80 Downloading 104.9MB
    node-mattermost:  05de7d3270fa Extracting 10B
    node-mattermost:  f5bfdc5b1f8b Downloading 107MB
    node-mattermost:  05de7d3270fa Extracting 10B
    node-mattermost:  f5bfdc5b1f8b Downloading 108MB
    node-mattermost:  fa77b44f96d2 Extracting 1B
    node-mattermost:  05de7d3270fa Extracting 10B
    node-mattermost:  f5bfdc5b1f8b Downloading 109.1MB
    node-mattermost:  4c7f2d7f4f80 Downloading 105.9MB
    node-mattermost:  05de7d3270fa Extracting 10B
    node-mattermost:  f5bfdc5b1f8b Downloading 109.1MB
    node-mattermost:  05de7d3270fa Extracting 10B
    node-mattermost:  fa77b44f96d2 Pull complete 0B
    node-mattermost:  f5bfdc5b1f8b Downloading 110.1MB
    node-mattermost:  4c7f2d7f4f80 Downloading 110.1MB
    node-mattermost:  05de7d3270fa Extracting 11B
    node-mattermost:  f5bfdc5b1f8b Downloading 111.1MB
    node-mattermost:  05de7d3270fa Extracting 11B
    node-mattermost:  f5bfdc5b1f8b Downloading 111.1MB
    node-mattermost:  4c7f2d7f4f80 Download complete 0B
    node-mattermost:  05de7d3270fa Extracting 11B
    node-mattermost:  f5bfdc5b1f8b Downloading 112.2MB
    node-mattermost:  05de7d3270fa Extracting 11B
    node-mattermost:  f5bfdc5b1f8b Downloading 113.2MB
    node-mattermost:  05de7d3270fa Extracting 11B
    node-mattermost:  f5bfdc5b1f8b Downloading 114.3MB
    node-mattermost:  dd1cc88a000a Pull complete 0B
    node-mattermost:  05de7d3270fa Extracting 11B
    node-mattermost:  58e6420a0782 Extracting 1B
    node-mattermost:  f5bfdc5b1f8b Downloading 115.3MB
    node-mattermost:  05de7d3270fa Extracting 11B
    node-mattermost:  f5bfdc5b1f8b Downloading 115.3MB
    node-mattermost:  05de7d3270fa Extracting 11B
    node-mattermost:  f5bfdc5b1f8b Downloading 116.4MB
    node-mattermost:  58e6420a0782 Pull complete 0B
    node-mattermost:  05de7d3270fa Extracting 11B
    node-mattermost:  f5bfdc5b1f8b Downloading 116.4MB
    node-mattermost:  05de7d3270fa Extracting 12B
    node-mattermost:  f5bfdc5b1f8b Downloading 117.4MB
    node-mattermost:  4c7f2d7f4f80 Extracting 1B
    node-mattermost:  05de7d3270fa Extracting 12B
    node-mattermost:  f5bfdc5b1f8b Downloading 118.5MB
    node-mattermost:  05de7d3270fa Extracting 12B
    node-mattermost:  4c7f2d7f4f80 Extracting 1B
    node-mattermost:  f5bfdc5b1f8b Downloading 118.5MB
    node-mattermost:  05de7d3270fa Extracting 12B
    node-mattermost:  f5bfdc5b1f8b Downloading 120.6MB
    node-mattermost:  4c7f2d7f4f80 Extracting 1B
    node-mattermost:  05de7d3270fa Extracting 12B
    node-mattermost:  f5bfdc5b1f8b Downloading 120.6MB
    node-mattermost:  05de7d3270fa Extracting 12B
    node-mattermost:  f5bfdc5b1f8b Downloading 121.3MB
    node-mattermost:  4c7f2d7f4f80 Extracting 1B
    node-mattermost:  05de7d3270fa Extracting 12B
    node-mattermost:  f5bfdc5b1f8b Downloading 121.6MB
    node-mattermost:  4c7f2d7f4f80 Extracting 1B
    node-mattermost:  05de7d3270fa Extracting 12B
    node-mattermost:  f5bfdc5b1f8b Downloading 121.6MB
    node-mattermost:  05de7d3270fa Extracting 12B
    node-mattermost:  4c7f2d7f4f80 Extracting 1B
    node-mattermost:  f5bfdc5b1f8b Downloading 122.7MB
    node-mattermost:  05de7d3270fa Extracting 12B
    node-mattermost:  f5bfdc5b1f8b Downloading 123.7MB
    node-mattermost:  4c7f2d7f4f80 Extracting 1B
    node-mattermost:  05de7d3270fa Extracting 12B
    node-mattermost:  f5bfdc5b1f8b Downloading 123.7MB
    node-mattermost:  05de7d3270fa Extracting 13B
    node-mattermost:  4c7f2d7f4f80 Extracting 1B
    node-mattermost:  f5bfdc5b1f8b Downloading 124.8MB
    node-mattermost:  05de7d3270fa Extracting 13B
    node-mattermost:  4c7f2d7f4f80 Extracting 2B
    node-mattermost:  f5bfdc5b1f8b Downloading 125.8MB
    node-mattermost:  05de7d3270fa Extracting 13B
    node-mattermost:  f5bfdc5b1f8b Downloading 125.8MB
    node-mattermost:  4c7f2d7f4f80 Extracting 2B
    node-mattermost:  05de7d3270fa Extracting 13B
    node-mattermost:  f5bfdc5b1f8b Downloading 125.8MB
    node-mattermost:  4c7f2d7f4f80 Extracting 2B
    node-mattermost:  05de7d3270fa Extracting 13B
    node-mattermost:  f5bfdc5b1f8b Downloading 126.9MB
    node-mattermost:  05de7d3270fa Extracting 13B
    node-mattermost:  f5bfdc5b1f8b Downloading 127.4MB
    node-mattermost:  4c7f2d7f4f80 Extracting 2B
    node-mattermost:  05de7d3270fa Extracting 13B
    node-mattermost:  4c7f2d7f4f80 Extracting 2B
    node-mattermost:  f5bfdc5b1f8b Downloading 127.9MB
    node-mattermost:  05de7d3270fa Extracting 13B
    node-mattermost:  f5bfdc5b1f8b Downloading 129MB
    node-mattermost:  4c7f2d7f4f80 Extracting 2B
    node-mattermost:  05de7d3270fa Extracting 13B
    node-mattermost:  f5bfdc5b1f8b Downloading 129MB
    node-mattermost:  05de7d3270fa Extracting 13B
    node-mattermost:  4c7f2d7f4f80 Extracting 2B
    node-mattermost:  4c7f2d7f4f80 Extracting 2B
    node-mattermost:  f5bfdc5b1f8b Downloading 130MB
    node-mattermost:  05de7d3270fa Extracting 14B
    node-mattermost:  4c7f2d7f4f80 Extracting 2B
    node-mattermost:  f5bfdc5b1f8b Downloading 130MB
    node-mattermost:  05de7d3270fa Extracting 14B
    node-mattermost:  f5bfdc5b1f8b Downloading 131.1MB
    node-mattermost:  4c7f2d7f4f80 Extracting 3B
    node-mattermost:  05de7d3270fa Extracting 14B
    node-mattermost:  f5bfdc5b1f8b Downloading 131.1MB
    node-mattermost:  05de7d3270fa Extracting 14B
    node-mattermost:  f5bfdc5b1f8b Downloading 131.1MB
    node-mattermost:  4c7f2d7f4f80 Extracting 3B
    node-mattermost:  05de7d3270fa Extracting 14B
    node-mattermost:  f5bfdc5b1f8b Downloading 132.1MB
    node-mattermost:  05de7d3270fa Extracting 14B
    node-mattermost:  4c7f2d7f4f80 Extracting 3B
    node-mattermost:  f5bfdc5b1f8b Downloading 132.1MB
    node-mattermost:  05de7d3270fa Extracting 14B
    node-mattermost:  4c7f2d7f4f80 Extracting 3B
    node-mattermost:  f5bfdc5b1f8b Downloading 133.2MB
    node-mattermost:  05de7d3270fa Extracting 14B
    node-mattermost:  4c7f2d7f4f80 Extracting 3B
    node-mattermost:  f5bfdc5b1f8b Downloading 133.2MB
    node-mattermost:  05de7d3270fa Extracting 14B
    node-mattermost:  f5bfdc5b1f8b Downloading 134.2MB
    node-mattermost:  4c7f2d7f4f80 Extracting 3B
    node-mattermost:  05de7d3270fa Extracting 14B
    node-mattermost:  f5bfdc5b1f8b Downloading 134.2MB
    node-mattermost:  4c7f2d7f4f80 Extracting 3B
    node-mattermost:  05de7d3270fa Extracting 15B
    node-mattermost:  f5bfdc5b1f8b Downloading 135.3MB
    node-mattermost:  05de7d3270fa Extracting 15B
    node-mattermost:  f5bfdc5b1f8b Downloading 135.3MB
    node-mattermost:  4c7f2d7f4f80 Extracting 4B
    node-mattermost:  05de7d3270fa Extracting 15B
    node-mattermost:  f5bfdc5b1f8b Downloading 135.7MB
    node-mattermost:  4c7f2d7f4f80 Extracting 4B
    node-mattermost:  05de7d3270fa Extracting 15B
    node-mattermost:  4c7f2d7f4f80 Extracting 4B
    node-mattermost:  f5bfdc5b1f8b Downloading 136.3MB
    node-mattermost:  05de7d3270fa Extracting 15B
    node-mattermost:  f5bfdc5b1f8b Downloading 137.4MB
    node-mattermost:  4c7f2d7f4f80 Extracting 4B
    node-mattermost:  05de7d3270fa Extracting 15B
    node-mattermost:  f5bfdc5b1f8b Downloading 137.4MB
    node-mattermost:  05de7d3270fa Extracting 15B
    node-mattermost:  4c7f2d7f4f80 Extracting 4B
    node-mattermost:  f5bfdc5b1f8b Downloading 138.4MB
    node-mattermost:  05de7d3270fa Extracting 15B
    node-mattermost:  4c7f2d7f4f80 Extracting 4B
    node-mattermost:  f5bfdc5b1f8b Downloading 138.4MB
    node-mattermost:  05de7d3270fa Extracting 15B
    node-mattermost:  f5bfdc5b1f8b Downloading 139.5MB
    node-mattermost:  4c7f2d7f4f80 Extracting 4B
    node-mattermost:  05de7d3270fa Extracting 15B
    node-mattermost:  f5bfdc5b1f8b Downloading 140.5MB
    node-mattermost:  4c7f2d7f4f80 Extracting 4B
    node-mattermost:  05de7d3270fa Extracting 16B
    node-mattermost:  f5bfdc5b1f8b Downloading 140.5MB
    node-mattermost:  05de7d3270fa Extracting 16B
    node-mattermost:  f5bfdc5b1f8b Downloading 141.6MB
    node-mattermost:  4c7f2d7f4f80 Extracting 5B
    node-mattermost:  05de7d3270fa Extracting 16B
    node-mattermost:  f5bfdc5b1f8b Downloading 141.6MB
    node-mattermost:  4c7f2d7f4f80 Extracting 5B
    node-mattermost:  05de7d3270fa Extracting 16B
    node-mattermost:  f5bfdc5b1f8b Downloading 142.6MB
    node-mattermost:  05de7d3270fa Extracting 16B
    node-mattermost:  4c7f2d7f4f80 Extracting 5B
    node-mattermost:  f5bfdc5b1f8b Downloading 142.6MB
    node-mattermost:  05de7d3270fa Extracting 16B
    node-mattermost:  f5bfdc5b1f8b Downloading 143.7MB
    node-mattermost:  05de7d3270fa Extracting 16B
    node-mattermost:  4c7f2d7f4f80 Extracting 5B
    node-mattermost:  f5bfdc5b1f8b Downloading 144.7MB
    node-mattermost:  05de7d3270fa Extracting 16B
    node-mattermost:  4c7f2d7f4f80 Extracting 5B
    node-mattermost:  f5bfdc5b1f8b Downloading 144.7MB
    node-mattermost:  05de7d3270fa Extracting 16B
    node-mattermost:  4c7f2d7f4f80 Extracting 5B
    node-mattermost:  4c7f2d7f4f80 Extracting 5B
    node-mattermost:  f5bfdc5b1f8b Downloading 145.8MB
    node-mattermost:  05de7d3270fa Extracting 16B
    node-mattermost:  f5bfdc5b1f8b Downloading 145.8MB
    node-mattermost:  4c7f2d7f4f80 Extracting 5B
    node-mattermost:  05de7d3270fa Extracting 17B
    node-mattermost:  f5bfdc5b1f8b Downloading 146.8MB
    node-mattermost:  4c7f2d7f4f80 Extracting 6B
    node-mattermost:  05de7d3270fa Extracting 17B
    node-mattermost:  f5bfdc5b1f8b Downloading 146.8MB
    node-mattermost:  05de7d3270fa Extracting 17B
    node-mattermost:  4c7f2d7f4f80 Extracting 6B
    node-mattermost:  f5bfdc5b1f8b Downloading 147.8MB
    node-mattermost:  05de7d3270fa Extracting 17B
    node-mattermost:  f5bfdc5b1f8b Downloading 147.8MB
    node-mattermost:  4c7f2d7f4f80 Extracting 6B
    node-mattermost:  05de7d3270fa Extracting 17B
    node-mattermost:  f5bfdc5b1f8b Downloading 148.9MB
    node-mattermost:  05de7d3270fa Extracting 17B
    node-mattermost:  f5bfdc5b1f8b Downloading 148.9MB
    node-mattermost:  4c7f2d7f4f80 Extracting 6B
    node-mattermost:  05de7d3270fa Extracting 17B
    node-mattermost:  f5bfdc5b1f8b Downloading 149.9MB
    node-mattermost:  05de7d3270fa Extracting 17B
    node-mattermost:  4c7f2d7f4f80 Extracting 6B
    node-mattermost:  f5bfdc5b1f8b Downloading 149.9MB
    node-mattermost:  05de7d3270fa Extracting 17B
    node-mattermost:  f5bfdc5b1f8b Downloading 151MB
    node-mattermost:  05de7d3270fa Extracting 17B
    node-mattermost:  4c7f2d7f4f80 Extracting 6B
    node-mattermost:  f5bfdc5b1f8b Downloading 151.8MB
    node-mattermost:  05de7d3270fa Extracting 18B
    node-mattermost:  f5bfdc5b1f8b Downloading 152MB
    node-mattermost:  4c7f2d7f4f80 Extracting 7B
    node-mattermost:  05de7d3270fa Extracting 18B
    node-mattermost:  f5bfdc5b1f8b Downloading 152MB
    node-mattermost:  4c7f2d7f4f80 Extracting 7B
    node-mattermost:  05de7d3270fa Extracting 18B
    node-mattermost:  f5bfdc5b1f8b Downloading 153.1MB
    node-mattermost:  05de7d3270fa Extracting 18B
    node-mattermost:  4c7f2d7f4f80 Extracting 7B
    node-mattermost:  f5bfdc5b1f8b Downloading 154.1MB
    node-mattermost:  05de7d3270fa Extracting 18B
    node-mattermost:  4c7f2d7f4f80 Extracting 7B
    node-mattermost:  f5bfdc5b1f8b Downloading 154.1MB
    node-mattermost:  05de7d3270fa Extracting 18B
    node-mattermost:  f5bfdc5b1f8b Downloading 155.2MB
    node-mattermost:  4c7f2d7f4f80 Extracting 7B
    node-mattermost:  05de7d3270fa Extracting 18B
    node-mattermost:  f5bfdc5b1f8b Downloading 155.2MB
    node-mattermost:  05de7d3270fa Extracting 18B
    node-mattermost:  f5bfdc5b1f8b Downloading 156.2MB
    node-mattermost:  4c7f2d7f4f80 Extracting 7B
    node-mattermost:  05de7d3270fa Extracting 18B
    node-mattermost:  f5bfdc5b1f8b Downloading 156.2MB
    node-mattermost:  05de7d3270fa Extracting 18B
    node-mattermost:  4c7f2d7f4f80 Extracting 7B
    node-mattermost:  f5bfdc5b1f8b Downloading 156.2MB
    node-mattermost:  05de7d3270fa Extracting 19B
    node-mattermost:  f5bfdc5b1f8b Downloading 157.3MB
    node-mattermost:  4c7f2d7f4f80 Extracting 8B
    node-mattermost:  05de7d3270fa Extracting 19B
    node-mattermost:  f5bfdc5b1f8b Downloading 158.3MB
    node-mattermost:  4c7f2d7f4f80 Extracting 8B
    node-mattermost:  05de7d3270fa Extracting 19B
    node-mattermost:  f5bfdc5b1f8b Downloading 158.3MB
    node-mattermost:  05de7d3270fa Extracting 19B
    node-mattermost:  f5bfdc5b1f8b Downloading 158.3MB
    node-mattermost:  4c7f2d7f4f80 Extracting 8B
    node-mattermost:  05de7d3270fa Extracting 19B
    node-mattermost:  f5bfdc5b1f8b Downloading 159.4MB
    node-mattermost:  05de7d3270fa Extracting 19B
    node-mattermost:  4c7f2d7f4f80 Extracting 8B
    node-mattermost:  f5bfdc5b1f8b Downloading 159.4MB
    node-mattermost:  05de7d3270fa Extracting 19B
    node-mattermost:  4c7f2d7f4f80 Extracting 8B
    node-mattermost:  f5bfdc5b1f8b Downloading 160.4MB
    node-mattermost:  05de7d3270fa Extracting 19B
    node-mattermost:  4c7f2d7f4f80 Extracting 8B
    node-mattermost:  f5bfdc5b1f8b Downloading 160.4MB
    node-mattermost:  05de7d3270fa Extracting 19B
    node-mattermost:  f5bfdc5b1f8b Downloading 161.5MB
    node-mattermost:  05de7d3270fa Extracting 19B
    node-mattermost:  4c7f2d7f4f80 Extracting 8B
    node-mattermost:  f5bfdc5b1f8b Downloading 162.5MB
    node-mattermost:  4c7f2d7f4f80 Extracting 9B
    node-mattermost:  05de7d3270fa Extracting 20B
    node-mattermost:  f5bfdc5b1f8b Downloading 162.5MB
    node-mattermost:  05de7d3270fa Extracting 20B
    node-mattermost:  f5bfdc5b1f8b Downloading 163.6MB
    node-mattermost:  4c7f2d7f4f80 Extracting 9B
    node-mattermost:  05de7d3270fa Extracting 20B
    node-mattermost:  f5bfdc5b1f8b Downloading 163.6MB
    node-mattermost:  05de7d3270fa Extracting 20B
    node-mattermost:  4c7f2d7f4f80 Extracting 9B
    node-mattermost:  f5bfdc5b1f8b Downloading 165.7MB
    node-mattermost:  05de7d3270fa Extracting 20B
    node-mattermost:  f5bfdc5b1f8b Downloading 165.7MB
    node-mattermost:  4c7f2d7f4f80 Extracting 9B
    node-mattermost:  05de7d3270fa Extracting 20B
    node-mattermost:  f5bfdc5b1f8b Downloading 166.7MB
    node-mattermost:  05de7d3270fa Extracting 20B
    node-mattermost:  f5bfdc5b1f8b Downloading 166.7MB
    node-mattermost:  4c7f2d7f4f80 Extracting 9B
    node-mattermost:  05de7d3270fa Extracting 20B
    node-mattermost:  f5bfdc5b1f8b Downloading 167.8MB
    node-mattermost:  05de7d3270fa Extracting 20B
    node-mattermost:  4c7f2d7f4f80 Extracting 9B
    node-mattermost:  f5bfdc5b1f8b Downloading 167.8MB
    node-mattermost:  05de7d3270fa Extracting 20B
    node-mattermost:  f5bfdc5b1f8b Downloading 167.8MB
    node-mattermost:  4c7f2d7f4f80 Extracting 9B
    node-mattermost:  05de7d3270fa Extracting 21B
    node-mattermost:  4c7f2d7f4f80 Extracting 9B
    node-mattermost:  f5bfdc5b1f8b Downloading 168.8MB
    node-mattermost:  05de7d3270fa Extracting 21B
    node-mattermost:  f5bfdc5b1f8b Downloading 168.8MB
    node-mattermost:  4c7f2d7f4f80 Extracting 10B
    node-mattermost:  05de7d3270fa Extracting 21B
    node-mattermost:  f5bfdc5b1f8b Downloading 169.9MB
    node-mattermost:  05de7d3270fa Extracting 21B
    node-mattermost:  4c7f2d7f4f80 Extracting 10B
    node-mattermost:  f5bfdc5b1f8b Downloading 169.9MB
    node-mattermost:  05de7d3270fa Extracting 21B
    node-mattermost:  f5bfdc5b1f8b Downloading 170.9MB
    node-mattermost:  4c7f2d7f4f80 Extracting 10B
    node-mattermost:  05de7d3270fa Extracting 21B
    node-mattermost:  f5bfdc5b1f8b Downloading 170.9MB
    node-mattermost:  4c7f2d7f4f80 Extracting 10B
    node-mattermost:  05de7d3270fa Extracting 21B
    node-mattermost:  f5bfdc5b1f8b Downloading 172MB
    node-mattermost:  4c7f2d7f4f80 Extracting 10B
    node-mattermost:  05de7d3270fa Extracting 21B
    node-mattermost:  f5bfdc5b1f8b Downloading 173MB
    node-mattermost:  05de7d3270fa Extracting 21B
    node-mattermost:  f5bfdc5b1f8b Downloading 173MB
    node-mattermost:  4c7f2d7f4f80 Extracting 10B
    node-mattermost:  05de7d3270fa Extracting 21B
    node-mattermost:  f5bfdc5b1f8b Downloading 173MB
    node-mattermost:  05de7d3270fa Extracting 22B
    node-mattermost:  4c7f2d7f4f80 Extracting 10B
    node-mattermost:  f5bfdc5b1f8b Downloading 174.1MB
    node-mattermost:  05de7d3270fa Extracting 22B
    node-mattermost:  f5bfdc5b1f8b Downloading 175.1MB
    node-mattermost:  4c7f2d7f4f80 Extracting 11B
    node-mattermost:  05de7d3270fa Extracting 22B
    node-mattermost:  f5bfdc5b1f8b Downloading 175.1MB
    node-mattermost:  4c7f2d7f4f80 Extracting 11B
    node-mattermost:  05de7d3270fa Extracting 22B
    node-mattermost:  4c7f2d7f4f80 Extracting 11B
    node-mattermost:  f5bfdc5b1f8b Downloading 176.1MB
    node-mattermost:  05de7d3270fa Extracting 22B
    node-mattermost:  f5bfdc5b1f8b Downloading 176.2MB
    node-mattermost:  4c7f2d7f4f80 Extracting 11B
    node-mattermost:  05de7d3270fa Extracting 22B
    node-mattermost:  f5bfdc5b1f8b Downloading 176.2MB
    node-mattermost:  05de7d3270fa Extracting 22B
    node-mattermost:  f5bfdc5b1f8b Downloading 177.2MB
    node-mattermost:  4c7f2d7f4f80 Extracting 11B
    node-mattermost:  05de7d3270fa Extracting 22B
    node-mattermost:  f5bfdc5b1f8b Downloading 177.2MB
    node-mattermost:  05de7d3270fa Extracting 22B
    node-mattermost:  4c7f2d7f4f80 Extracting 11B
    node-mattermost:  f5bfdc5b1f8b Downloading 177.2MB
    node-mattermost:  05de7d3270fa Extracting 23B
    node-mattermost:  f5bfdc5b1f8b Downloading 178.3MB
    node-mattermost:  05de7d3270fa Extracting 23B
    node-mattermost:  4c7f2d7f4f80 Extracting 11B
    node-mattermost:  f5bfdc5b1f8b Downloading 178.3MB
    node-mattermost:  05de7d3270fa Extracting 23B
    node-mattermost:  4c7f2d7f4f80 Extracting 12B
    node-mattermost:  f5bfdc5b1f8b Downloading 179.3MB
    node-mattermost:  05de7d3270fa Extracting 23B
    node-mattermost:  f5bfdc5b1f8b Downloading 179.3MB
    node-mattermost:  05de7d3270fa Extracting 23B
    node-mattermost:  4c7f2d7f4f80 Extracting 12B
    node-mattermost:  f5bfdc5b1f8b Downloading 179.3MB
    node-mattermost:  05de7d3270fa Extracting 23B
    node-mattermost:  f5bfdc5b1f8b Downloading 180.4MB
    node-mattermost:  05de7d3270fa Extracting 23B
    node-mattermost:  f5bfdc5b1f8b Downloading 180.4MB
    node-mattermost:  4c7f2d7f4f80 Extracting 12B
    node-mattermost:  05de7d3270fa Extracting 23B
    node-mattermost:  f5bfdc5b1f8b Downloading 181.4MB
    node-mattermost:  05de7d3270fa Extracting 23B
    node-mattermost:  4c7f2d7f4f80 Extracting 12B
    node-mattermost:  f5bfdc5b1f8b Downloading 182.5MB
    node-mattermost:  05de7d3270fa Extracting 23B
    node-mattermost:  f5bfdc5b1f8b Downloading 183.5MB
    node-mattermost:  4c7f2d7f4f80 Extracting 12B
    node-mattermost:  05de7d3270fa Extracting 24B
    node-mattermost:  f5bfdc5b1f8b Downloading 183.5MB
    node-mattermost:  05de7d3270fa Extracting 24B
    node-mattermost:  f5bfdc5b1f8b Downloading 184.5MB
    node-mattermost:  4c7f2d7f4f80 Extracting 13B
    node-mattermost:  05de7d3270fa Extracting 24B
    node-mattermost:  f5bfdc5b1f8b Downloading 184.5MB
    node-mattermost:  05de7d3270fa Extracting 24B
    node-mattermost:  4c7f2d7f4f80 Extracting 13B
    node-mattermost:  f5bfdc5b1f8b Downloading 184.5MB
    node-mattermost:  05de7d3270fa Extracting 24B
    node-mattermost:  f5bfdc5b1f8b Downloading 185.6MB
    node-mattermost:  4c7f2d7f4f80 Extracting 13B
    node-mattermost:  05de7d3270fa Extracting 24B
    node-mattermost:  f5bfdc5b1f8b Downloading 185.6MB
    node-mattermost:  05de7d3270fa Extracting 24B
    node-mattermost:  f5bfdc5b1f8b Downloading 185.6MB
    node-mattermost:  4c7f2d7f4f80 Extracting 13B
    node-mattermost:  05de7d3270fa Extracting 24B
    node-mattermost:  4c7f2d7f4f80 Extracting 13B
    node-mattermost:  f5bfdc5b1f8b Downloading 185.9MB
    node-mattermost:  05de7d3270fa Extracting 24B
    node-mattermost:  4c7f2d7f4f80 Extracting 13B
    node-mattermost:  f5bfdc5b1f8b Downloading 186.6MB
    node-mattermost:  05de7d3270fa Extracting 24B
    node-mattermost:  f5bfdc5b1f8b Downloading 186.6MB
    node-mattermost:  4c7f2d7f4f80 Extracting 13B
    node-mattermost:  05de7d3270fa Extracting 25B
    node-mattermost:  f5bfdc5b1f8b Downloading 187.7MB
    node-mattermost:  05de7d3270fa Extracting 25B
    node-mattermost:  f5bfdc5b1f8b Downloading 188.7MB
    node-mattermost:  4c7f2d7f4f80 Extracting 14B
    node-mattermost:  f5bfdc5b1f8b Downloading 189.8MB
    node-mattermost:  05de7d3270fa Pull complete 0B
    node-mattermost:  4c7f2d7f4f80 Extracting 14B
    node-mattermost:  f5bfdc5b1f8b Downloading 190.8MB
    node-mattermost:  4c7f2d7f4f80 Extracting 14B
    node-mattermost:  f5bfdc5b1f8b Downloading 190.8MB
    node-mattermost:  4c7f2d7f4f80 Extracting 14B
    node-mattermost:  4c7f2d7f4f80 Extracting 14B
    node-mattermost:  f5bfdc5b1f8b Downloading 191.9MB
    node-mattermost:  4c7f2d7f4f80 Extracting 14B
    node-mattermost:  f5bfdc5b1f8b Downloading 191.9MB
    node-mattermost:  4c7f2d7f4f80 Extracting 14B
    node-mattermost:  f5bfdc5b1f8b Downloading 192.9MB
    node-mattermost:  4c7f2d7f4f80 Extracting 14B
    node-mattermost:  f5bfdc5b1f8b Downloading 192.9MB
    node-mattermost:  4c7f2d7f4f80 Extracting 14B
    node-mattermost:  f5bfdc5b1f8b Downloading 194MB
    node-mattermost:  4c7f2d7f4f80 Extracting 15B
    node-mattermost:  f5bfdc5b1f8b Downloading 195MB
    node-mattermost:  f5bfdc5b1f8b Downloading 196.1MB
    node-mattermost:  4c7f2d7f4f80 Extracting 15B
    node-mattermost:  4c7f2d7f4f80 Extracting 15B
    node-mattermost:  f5bfdc5b1f8b Downloading 196.1MB
    node-mattermost:  f5bfdc5b1f8b Downloading 197.1MB
    node-mattermost:  4c7f2d7f4f80 Extracting 15B
    node-mattermost:  4c7f2d7f4f80 Extracting 15B
    node-mattermost:  f5bfdc5b1f8b Downloading 197.1MB
    node-mattermost:  f5bfdc5b1f8b Downloading 198.2MB
    node-mattermost:  4c7f2d7f4f80 Extracting 15B
    node-mattermost:  4c7f2d7f4f80 Extracting 15B
    node-mattermost:  f5bfdc5b1f8b Downloading 199.2MB
    node-mattermost:  4c7f2d7f4f80 Extracting 15B
    node-mattermost:  f5bfdc5b1f8b Downloading 199.2MB
    node-mattermost:  f5bfdc5b1f8b Downloading 200.3MB
    node-mattermost:  4c7f2d7f4f80 Extracting 15B
    node-mattermost:  f5bfdc5b1f8b Downloading 201.3MB
    node-mattermost:  4c7f2d7f4f80 Extracting 16B
    node-mattermost:  f5bfdc5b1f8b Downloading 202.4MB
    node-mattermost:  4c7f2d7f4f80 Extracting 16B
    node-mattermost:  f5bfdc5b1f8b Downloading 202.4MB
    node-mattermost:  f5bfdc5b1f8b Downloading 202.4MB
    node-mattermost:  4c7f2d7f4f80 Extracting 16B
    node-mattermost:  f5bfdc5b1f8b Downloading 202.4MB
    node-mattermost:  f5bfdc5b1f8b Downloading 203.4MB
    node-mattermost:  4c7f2d7f4f80 Extracting 16B
    node-mattermost:  4c7f2d7f4f80 Extracting 16B
    node-mattermost:  f5bfdc5b1f8b Downloading 204.5MB
    node-mattermost:  f5bfdc5b1f8b Downloading 204.5MB
    node-mattermost:  4c7f2d7f4f80 Extracting 16B
    node-mattermost:  f5bfdc5b1f8b Downloading 205.5MB
    node-mattermost:  4c7f2d7f4f80 Extracting 16B
    node-mattermost:  f5bfdc5b1f8b Downloading 205.5MB
    node-mattermost:  4c7f2d7f4f80 Extracting 16B
    node-mattermost:  f5bfdc5b1f8b Downloading 206.6MB
    node-mattermost:  4c7f2d7f4f80 Extracting 17B
    node-mattermost:  f5bfdc5b1f8b Downloading 206.6MB
    node-mattermost:  4c7f2d7f4f80 Extracting 17B
    node-mattermost:  f5bfdc5b1f8b Downloading 207.6MB
    node-mattermost:  4c7f2d7f4f80 Extracting 17B
    node-mattermost:  f5bfdc5b1f8b Downloading 207.6MB
    node-mattermost:  4c7f2d7f4f80 Extracting 17B
    node-mattermost:  f5bfdc5b1f8b Downloading 208.7MB
    node-mattermost:  4c7f2d7f4f80 Extracting 17B
    node-mattermost:  f5bfdc5b1f8b Downloading 209.7MB
    node-mattermost:  4c7f2d7f4f80 Extracting 17B
    node-mattermost:  f5bfdc5b1f8b Downloading 209.7MB
    node-mattermost:  4c7f2d7f4f80 Extracting 17B
    node-mattermost:  f5bfdc5b1f8b Downloading 210.8MB
    node-mattermost:  f5bfdc5b1f8b Downloading 210.8MB
    node-mattermost:  4c7f2d7f4f80 Extracting 17B
    node-mattermost:  4c7f2d7f4f80 Extracting 17B
    node-mattermost:  f5bfdc5b1f8b Downloading 211.8MB
    node-mattermost:  4c7f2d7f4f80 Extracting 17B
    node-mattermost:  f5bfdc5b1f8b Downloading 211.8MB
    node-mattermost:  4c7f2d7f4f80 Extracting 18B
    node-mattermost:  f5bfdc5b1f8b Downloading 212.9MB
    node-mattermost:  4c7f2d7f4f80 Extracting 18B
    node-mattermost:  f5bfdc5b1f8b Downloading 213.9MB
    node-mattermost:  f5bfdc5b1f8b Downloading 213.9MB
    node-mattermost:  4c7f2d7f4f80 Extracting 18B
    node-mattermost:  f5bfdc5b1f8b Downloading 215MB
    node-mattermost:  4c7f2d7f4f80 Extracting 18B
    node-mattermost:  4c7f2d7f4f80 Extracting 18B
    node-mattermost:  f5bfdc5b1f8b Downloading 215MB
    node-mattermost:  4c7f2d7f4f80 Extracting 18B
    node-mattermost:  f5bfdc5b1f8b Downloading 216MB
    node-mattermost:  4c7f2d7f4f80 Extracting 18B
    node-mattermost:  f5bfdc5b1f8b Downloading 217.1MB
    node-mattermost:  f5bfdc5b1f8b Downloading 217.1MB
    node-mattermost:  4c7f2d7f4f80 Extracting 18B
    node-mattermost:  f5bfdc5b1f8b Downloading 217.1MB
    node-mattermost:  f5bfdc5b1f8b Downloading 218.1MB
    node-mattermost:  4c7f2d7f4f80 Extracting 19B
    node-mattermost:  f5bfdc5b1f8b Downloading 218.1MB
    node-mattermost:  4c7f2d7f4f80 Extracting 19B
    node-mattermost:  f5bfdc5b1f8b Downloading 219.2MB
    node-mattermost:  4c7f2d7f4f80 Extracting 19B
    node-mattermost:  4c7f2d7f4f80 Extracting 19B
    node-mattermost:  f5bfdc5b1f8b Downloading 220.2MB
    node-mattermost:  4c7f2d7f4f80 Extracting 19B
    node-mattermost:  f5bfdc5b1f8b Downloading 220.2MB
    node-mattermost:  4c7f2d7f4f80 Extracting 19B
    node-mattermost:  f5bfdc5b1f8b Downloading 221.2MB
    node-mattermost:  4c7f2d7f4f80 Extracting 19B
    node-mattermost:  f5bfdc5b1f8b Downloading 221.9MB
    node-mattermost:  4c7f2d7f4f80 Extracting 19B
    node-mattermost:  f5bfdc5b1f8b Downloading 222.3MB
    node-mattermost:  f5bfdc5b1f8b Downloading 223.3MB
    node-mattermost:  4c7f2d7f4f80 Extracting 19B
    node-mattermost:  f5bfdc5b1f8b Downloading 223.3MB
    node-mattermost:  4c7f2d7f4f80 Extracting 19B
    node-mattermost:  4c7f2d7f4f80 Extracting 19B
    node-mattermost:  f5bfdc5b1f8b Downloading 224.4MB
    node-mattermost:  4c7f2d7f4f80 Extracting 20B
    node-mattermost:  f5bfdc5b1f8b Downloading 224.4MB
    node-mattermost:  4c7f2d7f4f80 Extracting 20B
    node-mattermost:  f5bfdc5b1f8b Downloading 225.4MB
    node-mattermost:  4c7f2d7f4f80 Extracting 20B
    node-mattermost:  f5bfdc5b1f8b Downloading 226.5MB
    node-mattermost:  4c7f2d7f4f80 Extracting 20B
    node-mattermost:  f5bfdc5b1f8b Downloading 226.5MB
    node-mattermost:  f5bfdc5b1f8b Downloading 227.5MB
    node-mattermost:  4c7f2d7f4f80 Extracting 20B
    node-mattermost:  f5bfdc5b1f8b Downloading 228.6MB
    node-mattermost:  4c7f2d7f4f80 Extracting 20B
    node-mattermost:  f5bfdc5b1f8b Downloading 228.6MB
    node-mattermost:  4c7f2d7f4f80 Extracting 20B
    node-mattermost:  f5bfdc5b1f8b Downloading 229.6MB
    node-mattermost:  4c7f2d7f4f80 Extracting 20B
    node-mattermost:  f5bfdc5b1f8b Downloading 229.6MB
    node-mattermost:  4c7f2d7f4f80 Extracting 20B
    node-mattermost:  f5bfdc5b1f8b Downloading 229.6MB
    node-mattermost:  4c7f2d7f4f80 Extracting 21B
    node-mattermost:  f5bfdc5b1f8b Downloading 230.7MB
    node-mattermost:  4c7f2d7f4f80 Extracting 21B
    node-mattermost:  f5bfdc5b1f8b Downloading 230.8MB
    node-mattermost:  4c7f2d7f4f80 Extracting 21B
    node-mattermost:  f5bfdc5b1f8b Downloading 231.7MB
    node-mattermost:  4c7f2d7f4f80 Extracting 21B
    node-mattermost:  f5bfdc5b1f8b Downloading 232.8MB
    node-mattermost:  4c7f2d7f4f80 Extracting 21B
    node-mattermost:  f5bfdc5b1f8b Downloading 232.8MB
    node-mattermost:  4c7f2d7f4f80 Extracting 21B
    node-mattermost:  f5bfdc5b1f8b Downloading 233.8MB
    node-mattermost:  f5bfdc5b1f8b Downloading 233.8MB
    node-mattermost:  4c7f2d7f4f80 Extracting 21B
    node-mattermost:  f5bfdc5b1f8b Downloading 234.9MB
    node-mattermost:  4c7f2d7f4f80 Extracting 21B
    node-mattermost:  f5bfdc5b1f8b Downloading 234.9MB
    node-mattermost:  4c7f2d7f4f80 Extracting 21B
    node-mattermost:  f5bfdc5b1f8b Downloading 235.9MB
    node-mattermost:  4c7f2d7f4f80 Extracting 22B
    node-mattermost:  f5bfdc5b1f8b Downloading 235.9MB
    node-mattermost:  4c7f2d7f4f80 Extracting 22B
    node-mattermost:  4c7f2d7f4f80 Extracting 22B
    node-mattermost:  f5bfdc5b1f8b Downloading 237MB
    node-mattermost:  4c7f2d7f4f80 Extracting 22B
    node-mattermost:  f5bfdc5b1f8b Downloading 237MB
    node-mattermost:  f5bfdc5b1f8b Downloading 238MB
    node-mattermost:  4c7f2d7f4f80 Extracting 22B
    node-mattermost:  f5bfdc5b1f8b Downloading 239.1MB
    node-mattermost:  4c7f2d7f4f80 Extracting 22B
    node-mattermost:  4c7f2d7f4f80 Extracting 22B
    node-mattermost:  f5bfdc5b1f8b Downloading 239.1MB
    node-mattermost:  f5bfdc5b1f8b Downloading 240.1MB
    node-mattermost:  4c7f2d7f4f80 Extracting 22B
    node-mattermost:  f5bfdc5b1f8b Downloading 240.1MB
    node-mattermost:  4c7f2d7f4f80 Extracting 22B
    node-mattermost:  f5bfdc5b1f8b Downloading 241.2MB
    node-mattermost:  4c7f2d7f4f80 Extracting 22B
    node-mattermost:  f5bfdc5b1f8b Downloading 241.2MB
    node-mattermost:  4c7f2d7f4f80 Extracting 23B
    node-mattermost:  f5bfdc5b1f8b Downloading 242.2MB
    node-mattermost:  4c7f2d7f4f80 Extracting 23B
    node-mattermost:  f5bfdc5b1f8b Downloading 243.7MB
    node-mattermost:  4c7f2d7f4f80 Extracting 23B
    node-mattermost:  f5bfdc5b1f8b Downloading 244.3MB
    node-mattermost:  f5bfdc5b1f8b Downloading 245.4MB
    node-mattermost:  4c7f2d7f4f80 Extracting 23B
    node-mattermost:  4c7f2d7f4f80 Extracting 23B
    node-mattermost:  f5bfdc5b1f8b Downloading 245.4MB
    node-mattermost:  4c7f2d7f4f80 Extracting 23B
    node-mattermost:  f5bfdc5b1f8b Downloading 246.4MB
    node-mattermost:  4c7f2d7f4f80 Extracting 23B
    node-mattermost:  f5bfdc5b1f8b Downloading 246.4MB
    node-mattermost:  f5bfdc5b1f8b Downloading 247.5MB
    node-mattermost:  4c7f2d7f4f80 Extracting 23B
    node-mattermost:  f5bfdc5b1f8b Downloading 247.5MB
    node-mattermost:  4c7f2d7f4f80 Extracting 23B
    node-mattermost:  f5bfdc5b1f8b Downloading 248.5MB
    node-mattermost:  4c7f2d7f4f80 Extracting 24B
    node-mattermost:  f5bfdc5b1f8b Downloading 249.6MB
    node-mattermost:  4c7f2d7f4f80 Extracting 24B
    node-mattermost:  f5bfdc5b1f8b Downloading 249.6MB
    node-mattermost:  4c7f2d7f4f80 Extracting 24B
    node-mattermost:  f5bfdc5b1f8b Downloading 250.6MB
    node-mattermost:  f5bfdc5b1f8b Downloading 250.6MB
    node-mattermost:  4c7f2d7f4f80 Extracting 24B
    node-mattermost:  f5bfdc5b1f8b Downloading 251.7MB
    node-mattermost:  4c7f2d7f4f80 Extracting 24B
    node-mattermost:  f5bfdc5b1f8b Downloading 251.7MB
    node-mattermost:  4c7f2d7f4f80 Extracting 24B
    node-mattermost:  f5bfdc5b1f8b Downloading 252.7MB
    node-mattermost:  4c7f2d7f4f80 Extracting 24B
    node-mattermost:  f5bfdc5b1f8b Downloading 253.8MB
    node-mattermost:  4c7f2d7f4f80 Extracting 24B
    node-mattermost:  f5bfdc5b1f8b Downloading 253.8MB
    node-mattermost:  4c7f2d7f4f80 Extracting 24B
    node-mattermost:  f5bfdc5b1f8b Downloading 254.8MB
    node-mattermost:  4c7f2d7f4f80 Extracting 25B
    node-mattermost:  f5bfdc5b1f8b Downloading 254.8MB
    node-mattermost:  f5bfdc5b1f8b Downloading 255.9MB
    node-mattermost:  4c7f2d7f4f80 Extracting 25B
    node-mattermost:  f5bfdc5b1f8b Downloading 256.9MB
    node-mattermost:  4c7f2d7f4f80 Extracting 25B
    node-mattermost:  f5bfdc5b1f8b Downloading 256.9MB
    node-mattermost:  4c7f2d7f4f80 Extracting 25B
    node-mattermost:  f5bfdc5b1f8b Downloading 257.9MB
    node-mattermost:  4c7f2d7f4f80 Extracting 25B
    node-mattermost:  f5bfdc5b1f8b Downloading 257.9MB
    node-mattermost:  4c7f2d7f4f80 Extracting 25B
    node-mattermost:  f5bfdc5b1f8b Downloading 259MB
    node-mattermost:  4c7f2d7f4f80 Extracting 25B
    node-mattermost:  f5bfdc5b1f8b Downloading 260MB
    node-mattermost:  4c7f2d7f4f80 Extracting 25B
    node-mattermost:  f5bfdc5b1f8b Downloading 260MB
    node-mattermost:  4c7f2d7f4f80 Extracting 25B
    node-mattermost:  f5bfdc5b1f8b Downloading 260MB
    node-mattermost:  f5bfdc5b1f8b Downloading 261.1MB
    node-mattermost:  4c7f2d7f4f80 Extracting 26B
    node-mattermost:  f5bfdc5b1f8b Downloading 261.1MB
    node-mattermost:  4c7f2d7f4f80 Extracting 26B
    node-mattermost:  f5bfdc5b1f8b Downloading 262.1MB
    node-mattermost:  4c7f2d7f4f80 Extracting 26B
    node-mattermost:  f5bfdc5b1f8b Downloading 262.1MB
    node-mattermost:  4c7f2d7f4f80 Extracting 26B
    node-mattermost:  f5bfdc5b1f8b Downloading 263.2MB
    node-mattermost:  4c7f2d7f4f80 Extracting 26B
    node-mattermost:  f5bfdc5b1f8b Downloading 264.2MB
    node-mattermost:  4c7f2d7f4f80 Extracting 26B
    node-mattermost:  f5bfdc5b1f8b Downloading 264.2MB
    node-mattermost:  4c7f2d7f4f80 Extracting 26B
    node-mattermost:  f5bfdc5b1f8b Downloading 265.3MB
    node-mattermost:  4c7f2d7f4f80 Extracting 26B
    node-mattermost:  f5bfdc5b1f8b Downloading 266.3MB
    node-mattermost:  4c7f2d7f4f80 Extracting 27B
    node-mattermost:  f5bfdc5b1f8b Downloading 266.3MB
    node-mattermost:  4c7f2d7f4f80 Extracting 27B
    node-mattermost:  f5bfdc5b1f8b Downloading 267.4MB
    node-mattermost:  f5bfdc5b1f8b Downloading 267.4MB
    node-mattermost:  4c7f2d7f4f80 Extracting 27B
    node-mattermost:  f5bfdc5b1f8b Downloading 268.4MB
    node-mattermost:  4c7f2d7f4f80 Extracting 27B
    node-mattermost:  f5bfdc5b1f8b Downloading 268.4MB
    node-mattermost:  4c7f2d7f4f80 Extracting 27B
    node-mattermost:  4c7f2d7f4f80 Extracting 27B
    node-mattermost:  f5bfdc5b1f8b Downloading 269.5MB
    node-mattermost:  4c7f2d7f4f80 Extracting 27B
    node-mattermost:  f5bfdc5b1f8b Downloading 269.5MB
    node-mattermost:  f5bfdc5b1f8b Downloading 270.5MB
    node-mattermost:  4c7f2d7f4f80 Extracting 27B
    node-mattermost:  f5bfdc5b1f8b Downloading 270.5MB
    node-mattermost:  4c7f2d7f4f80 Extracting 27B
    node-mattermost:  f5bfdc5b1f8b Downloading 271.6MB
    node-mattermost:  4c7f2d7f4f80 Extracting 27B
    node-mattermost:  f5bfdc5b1f8b Downloading 272.4MB
    node-mattermost:  4c7f2d7f4f80 Extracting 27B
    node-mattermost:  4c7f2d7f4f80 Extracting 28B
    node-mattermost:  f5bfdc5b1f8b Downloading 272.6MB
    node-mattermost:  f5bfdc5b1f8b Downloading 273.7MB
    node-mattermost:  4c7f2d7f4f80 Extracting 28B
    node-mattermost:  f5bfdc5b1f8b Downloading 273.7MB
    node-mattermost:  4c7f2d7f4f80 Extracting 28B
    node-mattermost:  f5bfdc5b1f8b Downloading 274.7MB
    node-mattermost:  f5bfdc5b1f8b Downloading 274.7MB
    node-mattermost:  4c7f2d7f4f80 Extracting 28B
    node-mattermost:  4c7f2d7f4f80 Extracting 28B
    node-mattermost:  f5bfdc5b1f8b Downloading 275.8MB
    node-mattermost:  f5bfdc5b1f8b Downloading 275.8MB
    node-mattermost:  4c7f2d7f4f80 Extracting 28B
    node-mattermost:  f5bfdc5b1f8b Downloading 276.8MB
    node-mattermost:  4c7f2d7f4f80 Extracting 28B
    node-mattermost:  f5bfdc5b1f8b Downloading 277.9MB
    node-mattermost:  4c7f2d7f4f80 Extracting 29B
    node-mattermost:  f5bfdc5b1f8b Downloading 277.9MB
    node-mattermost:  f5bfdc5b1f8b Downloading 277.9MB
    node-mattermost:  4c7f2d7f4f80 Extracting 29B
    node-mattermost:  f5bfdc5b1f8b Downloading 278.9MB
    node-mattermost:  4c7f2d7f4f80 Extracting 29B
    node-mattermost:  4c7f2d7f4f80 Extracting 29B
    node-mattermost:  f5bfdc5b1f8b Downloading 280MB
    node-mattermost:  f5bfdc5b1f8b Downloading 280MB
    node-mattermost:  4c7f2d7f4f80 Extracting 29B
    node-mattermost:  f5bfdc5b1f8b Downloading 281MB
    node-mattermost:  f5bfdc5b1f8b Downloading 282.1MB
    node-mattermost:  4c7f2d7f4f80 Pull complete 0B
    node-mattermost:  f5bfdc5b1f8b Downloading 282.1MB
    node-mattermost:  3e0c43622abe Extracting 1B
    node-mattermost:  f5bfdc5b1f8b Downloading 282.1MB
    node-mattermost:  3e0c43622abe Pull complete 0B
    node-mattermost:  f5bfdc5b1f8b Downloading 283.1MB
    node-mattermost:  0892560966bb Pull complete 0B
    node-mattermost:  f5bfdc5b1f8b Downloading 284.2MB
    node-mattermost:  f5bfdc5b1f8b Downloading 284.2MB
    node-mattermost:  9fa019823549 Pull complete 0B
    node-mattermost:  f5bfdc5b1f8b Downloading 285.2MB
    node-mattermost:  00da1877cea6 Extracting 1B
    node-mattermost:  f5bfdc5b1f8b Downloading 286.3MB
    node-mattermost:  00da1877cea6 Pull complete 0B
    node-mattermost:  f5bfdc5b1f8b Downloading 287.3MB
    node-mattermost:  26803cb302a4 Pull complete 0B
    node-mattermost:  f5bfdc5b1f8b Downloading 287.3MB
    node-mattermost:  f5bfdc5b1f8b Downloading 288.4MB
    node-mattermost:  f5bfdc5b1f8b Downloading 289.4MB
    node-mattermost:  Image postgres:15 Pulled
    node-mattermost:  f5bfdc5b1f8b Downloading 289.4MB
    node-mattermost:  f5bfdc5b1f8b Downloading 289.4MB
    node-mattermost:  f5bfdc5b1f8b Downloading 290.5MB
    node-mattermost:  f5bfdc5b1f8b Downloading 291.5MB
    node-mattermost:  f5bfdc5b1f8b Downloading 291.5MB
    node-mattermost:  f5bfdc5b1f8b Downloading 292.6MB
    node-mattermost:  f5bfdc5b1f8b Downloading 292.6MB
    node-mattermost:  f5bfdc5b1f8b Downloading 292.6MB
    node-mattermost:  f5bfdc5b1f8b Downloading 293.6MB
    node-mattermost:  f5bfdc5b1f8b Downloading 293.6MB
    node-mattermost:  f5bfdc5b1f8b Downloading 294.6MB
    node-mattermost:  f5bfdc5b1f8b Downloading 295.7MB
    node-mattermost:  f5bfdc5b1f8b Downloading 296.7MB
    node-mattermost:  f5bfdc5b1f8b Downloading 297.8MB
    node-mattermost:  f5bfdc5b1f8b Downloading 298.8MB
    node-mattermost:  f5bfdc5b1f8b Downloading 299.9MB
    node-mattermost:  f5bfdc5b1f8b Downloading 300.9MB
    node-mattermost:  f5bfdc5b1f8b Downloading 302MB
    node-mattermost:  f5bfdc5b1f8b Downloading 303MB
    node-mattermost:  f5bfdc5b1f8b Downloading 304.1MB
    node-mattermost:  f5bfdc5b1f8b Downloading 305.1MB
    node-mattermost:  f5bfdc5b1f8b Downloading 306.2MB
    node-mattermost:  f5bfdc5b1f8b Downloading 307.2MB
    node-mattermost:  f5bfdc5b1f8b Downloading 308.3MB
    node-mattermost:  f5bfdc5b1f8b Downloading 309.3MB
    node-mattermost:  f5bfdc5b1f8b Downloading 310.4MB
    node-mattermost:  f5bfdc5b1f8b Downloading 311.4MB
    node-mattermost:  f5bfdc5b1f8b Downloading 312.5MB
    node-mattermost:  f5bfdc5b1f8b Downloading 313.5MB
    node-mattermost:  f5bfdc5b1f8b Downloading 314.6MB
    node-mattermost:  f5bfdc5b1f8b Downloading 315.6MB
    node-mattermost:  f5bfdc5b1f8b Downloading 316.7MB
    node-mattermost:  f5bfdc5b1f8b Downloading 317.7MB
    node-mattermost:  f5bfdc5b1f8b Downloading 318.8MB
    node-mattermost:  f5bfdc5b1f8b Downloading 319.8MB
    node-mattermost:  f5bfdc5b1f8b Downloading 320.9MB
    node-mattermost:  f5bfdc5b1f8b Downloading 321.9MB
    node-mattermost:  f5bfdc5b1f8b Downloading 323MB
    node-mattermost:  f5bfdc5b1f8b Downloading 323MB
    node-mattermost:  f5bfdc5b1f8b Downloading 325.1MB
    node-mattermost:  f5bfdc5b1f8b Downloading 326.1MB
    node-mattermost:  f5bfdc5b1f8b Downloading 328.2MB
    node-mattermost:  f5bfdc5b1f8b Downloading 328.2MB
    node-mattermost:  f5bfdc5b1f8b Downloading 330.3MB
    node-mattermost:  f5bfdc5b1f8b Downloading 330.3MB
    node-mattermost:  f5bfdc5b1f8b Downloading 331.4MB
    node-mattermost:  f5bfdc5b1f8b Downloading 332.4MB
    node-mattermost:  f5bfdc5b1f8b Downloading 333.4MB
    node-mattermost:  f5bfdc5b1f8b Downloading 334.5MB
    node-mattermost:  f5bfdc5b1f8b Downloading 335.5MB
    node-mattermost:  f5bfdc5b1f8b Downloading 336.6MB
    node-mattermost:  f5bfdc5b1f8b Downloading 337.6MB
    node-mattermost:  f5bfdc5b1f8b Downloading 338.7MB
    node-mattermost:  f5bfdc5b1f8b Downloading 339.7MB
    node-mattermost:  f5bfdc5b1f8b Downloading 341.8MB
    node-mattermost:  f5bfdc5b1f8b Downloading 342.9MB
    node-mattermost:  f5bfdc5b1f8b Downloading 343.9MB
    node-mattermost:  f5bfdc5b1f8b Downloading 345MB
    node-mattermost:  f5bfdc5b1f8b Downloading 347.1MB
    node-mattermost:  f5bfdc5b1f8b Downloading 348.1MB
    node-mattermost:  f5bfdc5b1f8b Downloading 348.1MB
    node-mattermost:  f5bfdc5b1f8b Downloading 349.2MB
    node-mattermost:  f5bfdc5b1f8b Downloading 350.2MB
    node-mattermost:  f5bfdc5b1f8b Downloading 351.3MB
    node-mattermost:  f5bfdc5b1f8b Downloading 352.3MB
    node-mattermost:  f5bfdc5b1f8b Downloading 353.4MB
    node-mattermost:  f5bfdc5b1f8b Downloading 354.4MB
    node-mattermost:  f5bfdc5b1f8b Downloading 355.5MB
    node-mattermost:  f5bfdc5b1f8b Downloading 357.6MB
    node-mattermost:  f5bfdc5b1f8b Downloading 358.6MB
    node-mattermost:  f5bfdc5b1f8b Downloading 359.7MB
    node-mattermost:  f5bfdc5b1f8b Downloading 360.7MB
    node-mattermost:  f5bfdc5b1f8b Downloading 361.8MB
    node-mattermost:  f5bfdc5b1f8b Downloading 362.8MB
    node-mattermost:  f5bfdc5b1f8b Downloading 363.9MB
    node-mattermost:  f5bfdc5b1f8b Downloading 364.9MB
    node-mattermost:  f5bfdc5b1f8b Downloading 366MB
    node-mattermost:  f5bfdc5b1f8b Downloading 367MB
    node-mattermost:  f5bfdc5b1f8b Downloading 368.1MB
    node-mattermost:  f5bfdc5b1f8b Downloading 369.1MB
    node-mattermost:  f5bfdc5b1f8b Downloading 370.1MB
    node-mattermost:  f5bfdc5b1f8b Downloading 371.2MB
    node-mattermost:  f5bfdc5b1f8b Downloading 372.2MB
    node-mattermost:  f5bfdc5b1f8b Downloading 373.3MB
    node-mattermost:  f5bfdc5b1f8b Downloading 374.3MB
    node-mattermost:  f5bfdc5b1f8b Downloading 375.4MB
    node-mattermost:  f5bfdc5b1f8b Downloading 377.5MB
    node-mattermost:  f5bfdc5b1f8b Downloading 378.5MB
    node-mattermost:  f5bfdc5b1f8b Downloading 379.6MB
    node-mattermost:  f5bfdc5b1f8b Downloading 381.7MB
    node-mattermost:  f5bfdc5b1f8b Downloading 381.7MB
    node-mattermost:  f5bfdc5b1f8b Downloading 382.7MB
    node-mattermost:  f5bfdc5b1f8b Downloading 383.8MB
    node-mattermost:  f5bfdc5b1f8b Downloading 384.8MB
    node-mattermost:  f5bfdc5b1f8b Downloading 385.9MB
    node-mattermost:  f5bfdc5b1f8b Downloading 386.9MB
    node-mattermost:  f5bfdc5b1f8b Downloading 388MB
    node-mattermost:  f5bfdc5b1f8b Downloading 389MB
    node-mattermost:  f5bfdc5b1f8b Downloading 390.1MB
    node-mattermost:  f5bfdc5b1f8b Downloading 392.2MB
    node-mattermost:  f5bfdc5b1f8b Downloading 393.2MB
    node-mattermost:  f5bfdc5b1f8b Downloading 394.3MB
    node-mattermost:  f5bfdc5b1f8b Downloading 395.3MB
    node-mattermost:  f5bfdc5b1f8b Downloading 396.4MB
    node-mattermost:  f5bfdc5b1f8b Downloading 397.4MB
    node-mattermost:  f5bfdc5b1f8b Downloading 398.5MB
    node-mattermost:  f5bfdc5b1f8b Downloading 400.6MB
    node-mattermost:  f5bfdc5b1f8b Downloading 401.6MB
    node-mattermost:  f5bfdc5b1f8b Downloading 402.7MB
    node-mattermost:  f5bfdc5b1f8b Downloading 403.7MB
    node-mattermost:  f5bfdc5b1f8b Downloading 404.8MB
    node-mattermost:  f5bfdc5b1f8b Downloading 404.8MB
    node-mattermost:  f5bfdc5b1f8b Downloading 406.8MB
    node-mattermost:  f5bfdc5b1f8b Downloading 406.8MB
    node-mattermost:  f5bfdc5b1f8b Downloading 407.9MB
    node-mattermost:  f5bfdc5b1f8b Downloading 408.9MB
    node-mattermost:  f5bfdc5b1f8b Downloading 410MB
    node-mattermost:  f5bfdc5b1f8b Downloading 411MB
    node-mattermost:  f5bfdc5b1f8b Downloading 412.1MB
    node-mattermost:  f5bfdc5b1f8b Downloading 413.1MB
    node-mattermost:  f5bfdc5b1f8b Downloading 414.2MB
    node-mattermost:  f5bfdc5b1f8b Downloading 415.2MB
    node-mattermost:  f5bfdc5b1f8b Downloading 417.3MB
    node-mattermost:  f5bfdc5b1f8b Downloading 417.3MB
    node-mattermost:  f5bfdc5b1f8b Downloading 418.4MB
    node-mattermost:  f5bfdc5b1f8b Downloading 419.4MB
    node-mattermost:  f5bfdc5b1f8b Downloading 420.5MB
    node-mattermost:  f5bfdc5b1f8b Downloading 421.5MB
    node-mattermost:  f5bfdc5b1f8b Downloading 422.6MB
    node-mattermost:  f5bfdc5b1f8b Downloading 424.7MB
    node-mattermost:  f5bfdc5b1f8b Downloading 425.7MB
    node-mattermost:  f5bfdc5b1f8b Downloading 426.8MB
    node-mattermost:  f5bfdc5b1f8b Downloading 427.8MB
    node-mattermost:  f5bfdc5b1f8b Downloading 427.8MB
    node-mattermost:  f5bfdc5b1f8b Downloading 429.9MB
    node-mattermost:  f5bfdc5b1f8b Downloading 431MB
    node-mattermost:  f5bfdc5b1f8b Downloading 432MB
    node-mattermost:  f5bfdc5b1f8b Downloading 434.1MB
    node-mattermost:  f5bfdc5b1f8b Downloading 435.2MB
    node-mattermost:  f5bfdc5b1f8b Downloading 436.2MB
    node-mattermost:  f5bfdc5b1f8b Downloading 437.3MB
    node-mattermost:  f5bfdc5b1f8b Downloading 438.3MB
    node-mattermost:  f5bfdc5b1f8b Downloading 440.4MB
    node-mattermost:  f5bfdc5b1f8b Downloading 442.5MB
    node-mattermost:  f5bfdc5b1f8b Downloading 443.5MB
    node-mattermost:  f5bfdc5b1f8b Downloading 444.6MB
    node-mattermost:  f5bfdc5b1f8b Downloading 446.7MB
    node-mattermost:  f5bfdc5b1f8b Downloading 447.7MB
    node-mattermost:  f5bfdc5b1f8b Download complete 0B
    node-mattermost:  f5bfdc5b1f8b Extracting 1B
    node-mattermost:  f5bfdc5b1f8b Extracting 1B
    node-mattermost:  f5bfdc5b1f8b Extracting 1B
    node-mattermost:  f5bfdc5b1f8b Extracting 1B
    node-mattermost:  f5bfdc5b1f8b Extracting 1B
    node-mattermost:  f5bfdc5b1f8b Extracting 1B
    node-mattermost:  f5bfdc5b1f8b Extracting 1B
    node-mattermost:  f5bfdc5b1f8b Extracting 1B
    node-mattermost:  f5bfdc5b1f8b Extracting 1B
    node-mattermost:  f5bfdc5b1f8b Extracting 1B
    node-mattermost:  f5bfdc5b1f8b Extracting 2B
    node-mattermost:  f5bfdc5b1f8b Extracting 2B
    node-mattermost:  f5bfdc5b1f8b Extracting 2B
    node-mattermost:  f5bfdc5b1f8b Extracting 2B
    node-mattermost:  f5bfdc5b1f8b Extracting 2B
    node-mattermost:  f5bfdc5b1f8b Extracting 2B
    node-mattermost:  f5bfdc5b1f8b Extracting 2B
    node-mattermost:  f5bfdc5b1f8b Extracting 2B
    node-mattermost:  f5bfdc5b1f8b Extracting 2B
    node-mattermost:  f5bfdc5b1f8b Extracting 2B
    node-mattermost:  f5bfdc5b1f8b Extracting 2B
    node-mattermost:  f5bfdc5b1f8b Extracting 3B
    node-mattermost:  f5bfdc5b1f8b Extracting 3B
    node-mattermost:  f5bfdc5b1f8b Extracting 3B
    node-mattermost:  f5bfdc5b1f8b Extracting 3B
    node-mattermost:  f5bfdc5b1f8b Extracting 3B
    node-mattermost:  f5bfdc5b1f8b Extracting 3B
    node-mattermost:  f5bfdc5b1f8b Extracting 3B
    node-mattermost:  f5bfdc5b1f8b Extracting 3B
    node-mattermost:  f5bfdc5b1f8b Extracting 3B
    node-mattermost:  f5bfdc5b1f8b Extracting 3B
    node-mattermost:  f5bfdc5b1f8b Extracting 4B
    node-mattermost:  f5bfdc5b1f8b Extracting 4B
    node-mattermost:  f5bfdc5b1f8b Extracting 4B
    node-mattermost:  f5bfdc5b1f8b Extracting 4B
    node-mattermost:  f5bfdc5b1f8b Extracting 4B
    node-mattermost:  f5bfdc5b1f8b Extracting 4B
    node-mattermost:  f5bfdc5b1f8b Extracting 4B
    node-mattermost:  f5bfdc5b1f8b Extracting 4B
    node-mattermost:  f5bfdc5b1f8b Extracting 4B
    node-mattermost:  f5bfdc5b1f8b Extracting 4B
    node-mattermost:  f5bfdc5b1f8b Extracting 5B
    node-mattermost:  f5bfdc5b1f8b Extracting 5B
    node-mattermost:  f5bfdc5b1f8b Extracting 5B
    node-mattermost:  f5bfdc5b1f8b Extracting 5B
    node-mattermost:  f5bfdc5b1f8b Extracting 5B
    node-mattermost:  f5bfdc5b1f8b Extracting 5B
    node-mattermost:  f5bfdc5b1f8b Extracting 5B
    node-mattermost:  f5bfdc5b1f8b Extracting 5B
    node-mattermost:  f5bfdc5b1f8b Extracting 5B
    node-mattermost:  f5bfdc5b1f8b Extracting 6B
    node-mattermost:  f5bfdc5b1f8b Extracting 6B
    node-mattermost:  f5bfdc5b1f8b Extracting 6B
    node-mattermost:  f5bfdc5b1f8b Extracting 6B
    node-mattermost:  f5bfdc5b1f8b Extracting 6B
    node-mattermost:  f5bfdc5b1f8b Extracting 6B
    node-mattermost:  f5bfdc5b1f8b Extracting 6B
    node-mattermost:  f5bfdc5b1f8b Extracting 6B
    node-mattermost:  f5bfdc5b1f8b Extracting 6B
    node-mattermost:  f5bfdc5b1f8b Extracting 6B
    node-mattermost:  f5bfdc5b1f8b Extracting 6B
    node-mattermost:  f5bfdc5b1f8b Extracting 7B
    node-mattermost:  f5bfdc5b1f8b Extracting 7B
    node-mattermost:  f5bfdc5b1f8b Extracting 7B
    node-mattermost:  f5bfdc5b1f8b Extracting 7B
    node-mattermost:  f5bfdc5b1f8b Extracting 7B
    node-mattermost:  f5bfdc5b1f8b Extracting 7B
    node-mattermost:  f5bfdc5b1f8b Extracting 7B
    node-mattermost:  f5bfdc5b1f8b Extracting 7B
    node-mattermost:  f5bfdc5b1f8b Extracting 7B
    node-mattermost:  f5bfdc5b1f8b Extracting 8B
    node-mattermost:  f5bfdc5b1f8b Extracting 8B
    node-mattermost:  f5bfdc5b1f8b Extracting 8B
    node-mattermost:  f5bfdc5b1f8b Extracting 8B
    node-mattermost:  f5bfdc5b1f8b Extracting 8B
    node-mattermost:  f5bfdc5b1f8b Extracting 8B
    node-mattermost:  f5bfdc5b1f8b Extracting 8B
    node-mattermost:  f5bfdc5b1f8b Extracting 8B
    node-mattermost:  f5bfdc5b1f8b Extracting 8B
    node-mattermost:  f5bfdc5b1f8b Extracting 8B
    node-mattermost:  f5bfdc5b1f8b Extracting 8B
    node-mattermost:  f5bfdc5b1f8b Extracting 9B
    node-mattermost:  f5bfdc5b1f8b Extracting 9B
    node-mattermost:  f5bfdc5b1f8b Extracting 9B
    node-mattermost:  f5bfdc5b1f8b Extracting 9B
    node-mattermost:  f5bfdc5b1f8b Extracting 9B
    node-mattermost:  f5bfdc5b1f8b Extracting 9B
    node-mattermost:  f5bfdc5b1f8b Extracting 9B
    node-mattermost:  f5bfdc5b1f8b Extracting 9B
    node-mattermost:  f5bfdc5b1f8b Extracting 9B
    node-mattermost:  f5bfdc5b1f8b Extracting 10B
    node-mattermost:  f5bfdc5b1f8b Extracting 10B
    node-mattermost:  f5bfdc5b1f8b Extracting 10B
    node-mattermost:  f5bfdc5b1f8b Extracting 10B
    node-mattermost:  f5bfdc5b1f8b Extracting 10B
    node-mattermost:  f5bfdc5b1f8b Extracting 10B
    node-mattermost:  f5bfdc5b1f8b Extracting 10B
    node-mattermost:  f5bfdc5b1f8b Extracting 10B
    node-mattermost:  f5bfdc5b1f8b Extracting 10B
    node-mattermost:  f5bfdc5b1f8b Extracting 10B
    node-mattermost:  f5bfdc5b1f8b Extracting 10B
    node-mattermost:  f5bfdc5b1f8b Extracting 11B
    node-mattermost:  f5bfdc5b1f8b Extracting 11B
    node-mattermost:  f5bfdc5b1f8b Extracting 11B
    node-mattermost:  f5bfdc5b1f8b Extracting 11B
    node-mattermost:  f5bfdc5b1f8b Extracting 11B
    node-mattermost:  f5bfdc5b1f8b Extracting 11B
    node-mattermost:  f5bfdc5b1f8b Extracting 11B
    node-mattermost:  f5bfdc5b1f8b Extracting 11B
    node-mattermost:  f5bfdc5b1f8b Extracting 11B
    node-mattermost:  f5bfdc5b1f8b Extracting 11B
    node-mattermost:  f5bfdc5b1f8b Extracting 12B
    node-mattermost:  f5bfdc5b1f8b Extracting 12B
    node-mattermost:  f5bfdc5b1f8b Extracting 12B
    node-mattermost:  f5bfdc5b1f8b Extracting 12B
    node-mattermost:  f5bfdc5b1f8b Extracting 12B
    node-mattermost:  f5bfdc5b1f8b Extracting 12B
    node-mattermost:  f5bfdc5b1f8b Extracting 12B
    node-mattermost:  f5bfdc5b1f8b Extracting 12B
    node-mattermost:  f5bfdc5b1f8b Extracting 12B
    node-mattermost:  f5bfdc5b1f8b Extracting 13B
    node-mattermost:  f5bfdc5b1f8b Extracting 13B
    node-mattermost:  f5bfdc5b1f8b Extracting 13B
    node-mattermost:  f5bfdc5b1f8b Extracting 13B
    node-mattermost:  f5bfdc5b1f8b Extracting 13B
    node-mattermost:  f5bfdc5b1f8b Extracting 13B
    node-mattermost:  f5bfdc5b1f8b Extracting 13B
    node-mattermost:  f5bfdc5b1f8b Extracting 13B
    node-mattermost:  f5bfdc5b1f8b Extracting 13B
    node-mattermost:  f5bfdc5b1f8b Extracting 13B
    node-mattermost:  f5bfdc5b1f8b Extracting 14B
    node-mattermost:  f5bfdc5b1f8b Extracting 14B
    node-mattermost:  f5bfdc5b1f8b Extracting 14B
    node-mattermost:  f5bfdc5b1f8b Extracting 14B
    node-mattermost:  f5bfdc5b1f8b Extracting 14B
    node-mattermost:  f5bfdc5b1f8b Extracting 14B
    node-mattermost:  f5bfdc5b1f8b Extracting 14B
    node-mattermost:  d05f6d8a1f1a Pull complete 0B
    node-mattermost:  f5bfdc5b1f8b Pull complete 0B
    node-mattermost:  4f4fb700ef54 Pull complete 0B
    node-mattermost:  Image mattermost/mattermost-team-edition:9.5 Pulled
    node-mattermost:  Network mattermost_default Creating
    node-mattermost:  Network mattermost_default Created
    node-mattermost:  Container mm-db Creating
    node-mattermost:  Container mm-db Created
    node-mattermost:  Container mattermost Creating
    node-mattermost:  Container mattermost Created
    node-mattermost:  Container mm-db Starting
    node-mattermost:  Container mm-db Started
    node-mattermost:  Container mattermost Starting
    node-mattermost:  Container mattermost Started
    node-mattermost: [node-mattermost] waiting for Mattermost...
    node-mattermost: ....[node-mattermost] Mattermost up (5*10s)
    node-mattermost: 
    node-mattermost: [node-mattermost] done: scenario=broken https=false
==> node-control: Importing base box 'ubuntu/jammy64'...

[K==> node-control: Matching MAC address for NAT networking...
==> node-control: Setting the name of the VM: node-control
==> node-control: Fixed port collision for 22 => 2222. Now on port 2202.
==> node-control: Clearing any previously set network interfaces...
==> node-control: Preparing network interfaces based on configuration...
    node-control: Adapter 1: nat
    node-control: Adapter 2: hostonly
==> node-control: Forwarding ports...
    node-control: 22 (guest) => 2202 (host) (adapter 1)
==> node-control: Running 'pre-boot' VM customizations...
==> node-control: Booting VM...
==> node-control: Waiting for machine to boot. This may take a few minutes...
    node-control: SSH address: 127.0.0.1:2202
    node-control: SSH username: vagrant
    node-control: SSH auth method: private key
    node-control: Warning: Connection reset. Retrying...
    node-control: 
    node-control: Vagrant insecure key detected. Vagrant will automatically replace
    node-control: this with a newly generated keypair for better security.
    node-control: 
    node-control: Inserting generated public key within guest...
    node-control: Removing insecure key from the guest if it's present...
    node-control: Key inserted! Disconnecting and reconnecting using new SSH key...
==> node-control: Machine booted and ready!
==> node-control: Checking for guest additions in VM...
    node-control: The guest additions on this VM do not match the installed version of
    node-control: VirtualBox! In most cases this is fine, but in rare cases it can
    node-control: prevent things such as shared folders from working properly. If you see
    node-control: shared folder errors, please make sure the guest additions within the
    node-control: virtual machine match the version of VirtualBox you have installed on
    node-control: your host and reload your VM.
    node-control: 
    node-control: Guest Additions Version: 6.0.0 r127566
    node-control: VirtualBox Version: 7.2
==> node-control: Setting hostname...
==> node-control: Configuring and enabling network interfaces...
==> node-control: Running provisioner: file...
    node-control: ../../playbooks => /tmp/playbooks
==> node-control: Running provisioner: shell...
    node-control: Running: C:/Users/176D~1/AppData/Local/Temp/vagrant-shell20260429-37596-9k0bd5.sh
    node-control: Reading package lists...
    node-control: Building dependency tree...
    node-control: Reading state information...
    node-control: The following additional packages will be installed:
    node-control:   build-essential bzip2 cpp cpp-11 dpkg-dev fakeroot fontconfig-config
    node-control:   fonts-dejavu-core g++ g++-11 gcc gcc-11 gcc-11-base gcc-12-base ieee-data
    node-control:   javascript-common libalgorithm-diff-perl libalgorithm-diff-xs-perl
    node-control:   libalgorithm-merge-perl libasan6 libatomic1 libc-dev-bin libc-devtools libc6
    node-control:   libc6-dev libcc1-0 libcrypt-dev libdeflate0 libdpkg-perl libexpat1
    node-control:   libexpat1-dev libfakeroot libfile-fcntllock-perl libfontconfig1
    node-control:   libgcc-11-dev libgcc-s1 libgd3 libgomp1 libisl23 libitm1 libjbig0
    node-control:   libjpeg-turbo8 libjpeg8 libjs-jquery libjs-sphinxdoc libjs-underscore
    node-control:   liblsan0 libmpc3 libnsl-dev libpython3-dev libpython3.10 libpython3.10-dev
    node-control:   libpython3.10-minimal libpython3.10-stdlib libquadmath0 libstdc++-11-dev
    node-control:   libstdc++6 libtiff5 libtirpc-dev libtsan0 libubsan1 libwebp7 libxpm4
    node-control:   linux-libc-dev lto-disabled-list make manpages-dev python3-argcomplete
    node-control:   python3-dev python3-dnspython python3-jmespath python3-kerberos
    node-control:   python3-libcloud python3-lockfile python3-netaddr python3-ntlm-auth
    node-control:   python3-pycryptodome python3-requests-kerberos python3-requests-ntlm
    node-control:   python3-requests-toolbelt python3-selinux python3-simplejson python3-wheel
    node-control:   python3-winrm python3-xmltodict python3.10 python3.10-dev python3.10-minimal
    node-control:   rpcsvc-proto zlib1g-dev
    node-control: Suggested packages:
    node-control:   cowsay bzip2-doc cpp-doc gcc-11-locales debian-keyring g++-multilib
    node-control:   g++-11-multilib gcc-11-doc gcc-multilib autoconf automake libtool flex bison
    node-control:   gdb gcc-doc gcc-11-multilib apache2 | lighttpd | httpd glibc-doc bzr
    node-control:   libgd-tools libstdc++-11-doc make-doc python3-sniffio python3-trio
    node-control:   python-lockfile-doc ipython3 python-netaddr-docs python3.10-venv
    node-control:   python3.10-doc binfmt-support
    node-control: Recommended packages:
    node-control:   libnss-nis libnss-nisplus
    node-control: The following NEW packages will be installed:
    node-control:   ansible build-essential bzip2 cpp cpp-11 dpkg-dev fakeroot fontconfig-config
    node-control:   fonts-dejavu-core g++ g++-11 gcc gcc-11 gcc-11-base ieee-data
    node-control:   javascript-common libalgorithm-diff-perl libalgorithm-diff-xs-perl
    node-control:   libalgorithm-merge-perl libasan6 libatomic1 libc-dev-bin libc-devtools
    node-control:   libc6-dev libcc1-0 libcrypt-dev libdeflate0 libdpkg-perl libexpat1-dev
    node-control:   libfakeroot libfile-fcntllock-perl libfontconfig1 libgcc-11-dev libgd3
    node-control:   libgomp1 libisl23 libitm1 libjbig0 libjpeg-turbo8 libjpeg8 libjs-jquery
    node-control:   libjs-sphinxdoc libjs-underscore liblsan0 libmpc3 libnsl-dev libpython3-dev
    node-control:   libpython3.10-dev libquadmath0 libstdc++-11-dev libtiff5 libtirpc-dev
    node-control:   libtsan0 libubsan1 libwebp7 libxpm4 linux-libc-dev lto-disabled-list make
    node-control:   manpages-dev python3-argcomplete python3-dev python3-dnspython
    node-control:   python3-jmespath python3-kerberos python3-libcloud python3-lockfile
    node-control:   python3-netaddr python3-ntlm-auth python3-pip python3-pycryptodome
    node-control:   python3-requests-kerberos python3-requests-ntlm python3-requests-toolbelt
    node-control:   python3-selinux python3-simplejson python3-wheel python3-winrm
    node-control:   python3-xmltodict python3.10-dev rpcsvc-proto sshpass zlib1g-dev
    node-control: The following packages will be upgraded:
    node-control:   gcc-12-base libc6 libexpat1 libgcc-s1 libpython3.10 libpython3.10-minimal
    node-control:   libpython3.10-stdlib libstdc++6 python3.10 python3.10-minimal
    node-control: 10 upgraded, 83 newly installed, 0 to remove and 137 not upgraded.
    node-control: Need to get 106 MB of archives.
    node-control: After this operation, 483 MB of additional disk space will be used.
    node-control: Get:1 http://archive.ubuntu.com/ubuntu jammy-updates/main amd64 gcc-12-base amd64 12.3.0-1ubuntu1~22.04.3 [216 kB]
    node-control: Get:2 http://archive.ubuntu.com/ubuntu jammy-updates/main amd64 libgcc-s1 amd64 12.3.0-1ubuntu1~22.04.3 [53.9 kB]
    node-control: Get:3 http://archive.ubuntu.com/ubuntu jammy-updates/main amd64 libstdc++6 amd64 12.3.0-1ubuntu1~22.04.3 [699 kB]
    node-control: Get:4 http://archive.ubuntu.com/ubuntu jammy-updates/main amd64 libc6 amd64 2.35-0ubuntu3.13 [3235 kB]
    node-control: Get:5 http://archive.ubuntu.com/ubuntu jammy-updates/main amd64 libexpat1 amd64 2.4.7-1ubuntu0.7 [92.1 kB]
    node-control: Get:6 http://archive.ubuntu.com/ubuntu jammy-updates/main amd64 libpython3.10 amd64 3.10.12-1~22.04.15 [1949 kB]
    node-control: Get:7 http://archive.ubuntu.com/ubuntu jammy-updates/main amd64 python3.10 amd64 3.10.12-1~22.04.15 [508 kB]
    node-control: Get:8 http://archive.ubuntu.com/ubuntu jammy-updates/main amd64 libpython3.10-stdlib amd64 3.10.12-1~22.04.15 [1850 kB]
    node-control: Get:9 http://archive.ubuntu.com/ubuntu jammy-updates/main amd64 python3.10-minimal amd64 3.10.12-1~22.04.15 [2275 kB]
    node-control: Get:10 http://archive.ubuntu.com/ubuntu jammy-updates/main amd64 libpython3.10-minimal amd64 3.10.12-1~22.04.15 [816 kB]
    node-control: Get:11 http://archive.ubuntu.com/ubuntu jammy-updates/main amd64 python3-pycryptodome amd64 3.11.0+dfsg1-3ubuntu0.1 [1029 kB]
    node-control: Get:12 http://archive.ubuntu.com/ubuntu jammy/main amd64 python3-dnspython all 2.1.0-1ubuntu1 [123 kB]
    node-control: Get:13 http://archive.ubuntu.com/ubuntu jammy/main amd64 ieee-data all 20210605.1 [1887 kB]
    node-control: Get:14 http://archive.ubuntu.com/ubuntu jammy/main amd64 python3-netaddr all 0.8.0-2 [309 kB]
    node-control: Get:15 http://archive.ubuntu.com/ubuntu jammy/universe amd64 ansible all 2.10.7+merged+base+2.10.8+dfsg-1 [17.5 MB]
    node-control: Get:16 http://archive.ubuntu.com/ubuntu jammy-updates/main amd64 libc-dev-bin amd64 2.35-0ubuntu3.13 [20.3 kB]
    node-control: Get:17 http://archive.ubuntu.com/ubuntu jammy-updates/main amd64 linux-libc-dev amd64 5.15.0-176.186 [1327 kB]
    node-control: Get:18 http://archive.ubuntu.com/ubuntu jammy/main amd64 libcrypt-dev amd64 1:4.4.27-1 [112 kB]
    node-control: Get:19 http://archive.ubuntu.com/ubuntu jammy/main amd64 rpcsvc-proto amd64 1.4.2-0ubuntu6 [68.5 kB]
    node-control: Get:20 http://archive.ubuntu.com/ubuntu jammy-updates/main amd64 libtirpc-dev amd64 1.3.2-2ubuntu0.1 [192 kB]
    node-control: Get:21 http://archive.ubuntu.com/ubuntu jammy/main amd64 libnsl-dev amd64 1.3.0-2build2 [71.3 kB]
    node-control: Get:22 http://archive.ubuntu.com/ubuntu jammy-updates/main amd64 libc6-dev amd64 2.35-0ubuntu3.13 [2101 kB]
    node-control: Get:23 http://archive.ubuntu.com/ubuntu jammy-updates/main amd64 gcc-11-base amd64 11.4.0-1ubuntu1~22.04.3 [216 kB]
    node-control: Get:24 http://archive.ubuntu.com/ubuntu jammy/main amd64 libisl23 amd64 0.24-2build1 [727 kB]
    node-control: Get:25 http://archive.ubuntu.com/ubuntu jammy/main amd64 libmpc3 amd64 1.2.1-2build1 [46.9 kB]
    node-control: Get:26 http://archive.ubuntu.com/ubuntu jammy-updates/main amd64 cpp-11 amd64 11.4.0-1ubuntu1~22.04.3 [10.0 MB]
    node-control: Get:27 http://archive.ubuntu.com/ubuntu jammy/main amd64 cpp amd64 4:11.2.0-1ubuntu1 [27.7 kB]
    node-control: Get:28 http://archive.ubuntu.com/ubuntu jammy-updates/main amd64 libcc1-0 amd64 12.3.0-1ubuntu1~22.04.3 [48.3 kB]
    node-control: Get:29 http://archive.ubuntu.com/ubuntu jammy-updates/main amd64 libgomp1 amd64 12.3.0-1ubuntu1~22.04.3 [127 kB]
    node-control: Get:30 http://archive.ubuntu.com/ubuntu jammy-updates/main amd64 libitm1 amd64 12.3.0-1ubuntu1~22.04.3 [30.2 kB]
    node-control: Get:31 http://archive.ubuntu.com/ubuntu jammy-updates/main amd64 libatomic1 amd64 12.3.0-1ubuntu1~22.04.3 [10.5 kB]
    node-control: Get:32 http://archive.ubuntu.com/ubuntu jammy-updates/main amd64 libasan6 amd64 11.4.0-1ubuntu1~22.04.3 [2283 kB]
    node-control: Get:33 http://archive.ubuntu.com/ubuntu jammy-updates/main amd64 liblsan0 amd64 12.3.0-1ubuntu1~22.04.3 [1069 kB]
    node-control: Get:34 http://archive.ubuntu.com/ubuntu jammy-updates/main amd64 libtsan0 amd64 11.4.0-1ubuntu1~22.04.3 [2260 kB]
    node-control: Get:35 http://archive.ubuntu.com/ubuntu jammy-updates/main amd64 libubsan1 amd64 12.3.0-1ubuntu1~22.04.3 [976 kB]
    node-control: Get:36 http://archive.ubuntu.com/ubuntu jammy-updates/main amd64 libquadmath0 amd64 12.3.0-1ubuntu1~22.04.3 [154 kB]
    node-control: Get:37 http://archive.ubuntu.com/ubuntu jammy-updates/main amd64 libgcc-11-dev amd64 11.4.0-1ubuntu1~22.04.3 [2517 kB]
    node-control: Get:38 http://archive.ubuntu.com/ubuntu jammy-updates/main amd64 gcc-11 amd64 11.4.0-1ubuntu1~22.04.3 [20.1 MB]
    node-control: Get:39 http://archive.ubuntu.com/ubuntu jammy/main amd64 gcc amd64 4:11.2.0-1ubuntu1 [5112 B]
    node-control: Get:40 http://archive.ubuntu.com/ubuntu jammy-updates/main amd64 libstdc++-11-dev amd64 11.4.0-1ubuntu1~22.04.3 [2101 kB]
    node-control: Get:41 http://archive.ubuntu.com/ubuntu jammy-updates/main amd64 g++-11 amd64 11.4.0-1ubuntu1~22.04.3 [11.4 MB]
    node-control: Get:42 http://archive.ubuntu.com/ubuntu jammy/main amd64 g++ amd64 4:11.2.0-1ubuntu1 [1412 B]
    node-control: Get:43 http://archive.ubuntu.com/ubuntu jammy/main amd64 make amd64 4.3-4.1build1 [180 kB]
    node-control: Get:44 http://archive.ubuntu.com/ubuntu jammy-updates/main amd64 libdpkg-perl all 1.21.1ubuntu2.6 [237 kB]
    node-control: Get:45 http://archive.ubuntu.com/ubuntu jammy/main amd64 bzip2 amd64 1.0.8-5build1 [34.8 kB]
    node-control: Get:46 http://archive.ubuntu.com/ubuntu jammy/main amd64 lto-disabled-list all 24 [12.5 kB]
    node-control: Get:47 http://archive.ubuntu.com/ubuntu jammy-updates/main amd64 dpkg-dev all 1.21.1ubuntu2.6 [922 kB]
    node-control: Get:48 http://archive.ubuntu.com/ubuntu jammy/main amd64 build-essential amd64 12.9ubuntu3 [4744 B]
    node-control: Get:49 http://archive.ubuntu.com/ubuntu jammy/main amd64 libfakeroot amd64 1.28-1ubuntu1 [31.5 kB]
    node-control: Get:50 http://archive.ubuntu.com/ubuntu jammy/main amd64 fakeroot amd64 1.28-1ubuntu1 [60.4 kB]
    node-control: Get:51 http://archive.ubuntu.com/ubuntu jammy/main amd64 fonts-dejavu-core all 2.37-2build1 [1041 kB]
    node-control: Get:52 http://archive.ubuntu.com/ubuntu jammy/main amd64 fontconfig-config all 2.13.1-4.2ubuntu5 [29.1 kB]
    node-control: Get:53 http://archive.ubuntu.com/ubuntu jammy/main amd64 javascript-common all 11+nmu1 [5936 B]
    node-control: Get:54 http://archive.ubuntu.com/ubuntu jammy/main amd64 libalgorithm-diff-perl all 1.201-1 [41.8 kB]
    node-control: Get:55 http://archive.ubuntu.com/ubuntu jammy/main amd64 libalgorithm-diff-xs-perl amd64 0.04-6build3 [11.9 kB]
    node-control: Get:56 http://archive.ubuntu.com/ubuntu jammy/main amd64 libalgorithm-merge-perl all 0.08-3 [12.0 kB]
    node-control: Get:57 http://archive.ubuntu.com/ubuntu jammy/main amd64 libfontconfig1 amd64 2.13.1-4.2ubuntu5 [131 kB]
    node-control: Get:58 http://archive.ubuntu.com/ubuntu jammy/main amd64 libjpeg-turbo8 amd64 2.1.2-0ubuntu1 [134 kB]
    node-control: Get:59 http://archive.ubuntu.com/ubuntu jammy/main amd64 libjpeg8 amd64 8c-2ubuntu10 [2264 B]
    node-control: Get:60 http://archive.ubuntu.com/ubuntu jammy/main amd64 libdeflate0 amd64 1.10-2 [70.9 kB]
    node-control: Get:61 http://archive.ubuntu.com/ubuntu jammy-updates/main amd64 libjbig0 amd64 2.1-3.1ubuntu0.22.04.1 [29.2 kB]
    node-control: Get:62 http://archive.ubuntu.com/ubuntu jammy-updates/main amd64 libwebp7 amd64 1.2.2-2ubuntu0.22.04.2 [206 kB]
    node-control: Get:63 http://archive.ubuntu.com/ubuntu jammy-updates/main amd64 libtiff5 amd64 4.3.0-6ubuntu0.13 [185 kB]
    node-control: Get:64 http://archive.ubuntu.com/ubuntu jammy-updates/main amd64 libxpm4 amd64 1:3.5.12-1ubuntu0.22.04.2 [36.7 kB]
    node-control: Get:65 http://archive.ubuntu.com/ubuntu jammy-updates/main amd64 libgd3 amd64 2.3.0-2ubuntu2.3 [129 kB]
    node-control: Get:66 http://archive.ubuntu.com/ubuntu jammy-updates/main amd64 libc-devtools amd64 2.35-0ubuntu3.13 [29.0 kB]
    node-control: Get:67 http://archive.ubuntu.com/ubuntu jammy-updates/main amd64 libexpat1-dev amd64 2.4.7-1ubuntu0.7 [148 kB]
    node-control: Get:68 http://archive.ubuntu.com/ubuntu jammy/main amd64 libfile-fcntllock-perl amd64 0.22-3build7 [33.9 kB]
    node-control: Get:69 http://archive.ubuntu.com/ubuntu jammy/main amd64 libjs-jquery all 3.6.0+dfsg+~3.5.13-1 [321 kB]
    node-control: Get:70 http://archive.ubuntu.com/ubuntu jammy/main amd64 libjs-underscore all 1.13.2~dfsg-2 [118 kB]
    node-control: Get:71 http://archive.ubuntu.com/ubuntu jammy/main amd64 libjs-sphinxdoc all 4.3.2-1 [139 kB]
    node-control: Get:72 http://archive.ubuntu.com/ubuntu jammy-updates/main amd64 zlib1g-dev amd64 1:1.2.11.dfsg-2ubuntu9.2 [164 kB]
    node-control: Get:73 http://archive.ubuntu.com/ubuntu jammy-updates/main amd64 libpython3.10-dev amd64 3.10.12-1~22.04.15 [4764 kB]
    node-control: Get:74 http://archive.ubuntu.com/ubuntu jammy-updates/main amd64 libpython3-dev amd64 3.10.6-1~22.04.1 [7064 B]
    node-control: Get:75 http://archive.ubuntu.com/ubuntu jammy/main amd64 manpages-dev all 5.10-1ubuntu1 [2309 kB]
    node-control: Get:76 http://archive.ubuntu.com/ubuntu jammy/universe amd64 python3-argcomplete all 1.8.1-1.5 [27.2 kB]
    node-control: Get:77 http://archive.ubuntu.com/ubuntu jammy-updates/main amd64 python3.10-dev amd64 3.10.12-1~22.04.15 [508 kB]
    node-control: Get:78 http://archive.ubuntu.com/ubuntu jammy-updates/main amd64 python3-dev amd64 3.10.6-1~22.04.1 [26.0 kB]
    node-control: Get:79 http://archive.ubuntu.com/ubuntu jammy/main amd64 python3-jmespath all 0.10.0-1 [21.7 kB]
    node-control: Get:80 http://archive.ubuntu.com/ubuntu jammy/universe amd64 python3-kerberos amd64 1.1.14-3.1build5 [23.0 kB]
    node-control: Get:81 http://archive.ubuntu.com/ubuntu jammy/main amd64 python3-lockfile all 1:0.12.2-2.2 [14.6 kB]
    node-control: Get:82 http://archive.ubuntu.com/ubuntu jammy/main amd64 python3-simplejson amd64 3.17.6-1build1 [54.7 kB]
    node-control: Get:83 http://archive.ubuntu.com/ubuntu jammy/universe amd64 python3-libcloud all 3.2.0-2 [1554 kB]
    node-control: Get:84 http://archive.ubuntu.com/ubuntu jammy/universe amd64 python3-ntlm-auth all 1.4.0-1 [20.4 kB]
    node-control: Get:85 http://archive.ubuntu.com/ubuntu jammy-updates/universe amd64 python3-wheel all 0.37.1-2ubuntu0.22.04.1 [32.0 kB]
    node-control: Get:86 http://archive.ubuntu.com/ubuntu jammy-updates/universe amd64 python3-pip all 22.0.2+dfsg-1ubuntu0.7 [1306 kB]
    node-control: Get:87 http://archive.ubuntu.com/ubuntu jammy/universe amd64 python3-requests-kerberos all 0.12.0-2 [11.9 kB]
    node-control: Get:88 http://archive.ubuntu.com/ubuntu jammy/universe amd64 python3-requests-ntlm all 1.1.0-1.1 [6160 B]
    node-control: Get:89 http://archive.ubuntu.com/ubuntu jammy/main amd64 python3-requests-toolbelt all 0.9.1-1 [38.0 kB]
    node-control: Get:90 http://archive.ubuntu.com/ubuntu jammy/universe amd64 python3-selinux amd64 3.3-1build2 [159 kB]
    node-control: Get:91 http://archive.ubuntu.com/ubuntu jammy/universe amd64 python3-xmltodict all 0.12.0-2 [12.6 kB]
    node-control: Get:92 http://archive.ubuntu.com/ubuntu jammy/universe amd64 python3-winrm all 0.3.0-2 [21.7 kB]
    node-control: Get:93 http://archive.ubuntu.com/ubuntu jammy/universe amd64 sshpass amd64 1.09-1 [11.7 kB]
    node-control: Preconfiguring packages ...
    node-control: Fetched 106 MB in 9s (11.9 MB/s)
    node-control: (Reading database ... 
(Reading database ... 5%
(Reading database ... 10%
(Reading database ... 15%
(Reading database ... 20%
(Reading database ... 25%
(Reading database ... 30%
(Reading database ... 35%
(Reading database ... 40%
(Reading database ... 45%
(Reading database ... 50%
(Reading database ... 55%
(Reading database ... 60%
(Reading database ... 65%
(Reading database ... 70%
(Reading database ... 75%
(Reading database ... 80%
(Reading database ... 85%
(Reading database ... 90%
(Reading database ... 95%
(Reading database ... 100%
(Reading database ... 64257 files and directories currently installed.)
    node-control: Preparing to unpack .../gcc-12-base_12.3.0-1ubuntu1~22.04.3_amd64.deb ...
    node-control: Unpacking gcc-12-base:amd64 (12.3.0-1ubuntu1~22.04.3) over (12.3.0-1ubuntu1~22.04) ...
    node-control: Setting up gcc-12-base:amd64 (12.3.0-1ubuntu1~22.04.3) ...
    node-control: (Reading database ... 
(Reading database ... 5%
(Reading database ... 10%
(Reading database ... 15%
(Reading database ... 20%
(Reading database ... 25%
(Reading database ... 30%
(Reading database ... 35%
(Reading database ... 40%
(Reading database ... 45%
(Reading database ... 50%
(Reading database ... 55%
(Reading database ... 60%
(Reading database ... 65%
(Reading database ... 70%
(Reading database ... 75%
(Reading database ... 80%
(Reading database ... 85%
(Reading database ... 90%
(Reading database ... 95%
(Reading database ... 100%
(Reading database ... 64257 files and directories currently installed.)
    node-control: Preparing to unpack .../libgcc-s1_12.3.0-1ubuntu1~22.04.3_amd64.deb ...
    node-control: Unpacking libgcc-s1:amd64 (12.3.0-1ubuntu1~22.04.3) over (12.3.0-1ubuntu1~22.04) ...
    node-control: Setting up libgcc-s1:amd64 (12.3.0-1ubuntu1~22.04.3) ...
    node-control: (Reading database ... 
(Reading database ... 5%
(Reading database ... 10%
(Reading database ... 15%
(Reading database ... 20%
(Reading database ... 25%
(Reading database ... 30%
(Reading database ... 35%
(Reading database ... 40%
(Reading database ... 45%
(Reading database ... 50%
(Reading database ... 55%
(Reading database ... 60%
(Reading database ... 65%
(Reading database ... 70%
(Reading database ... 75%
(Reading database ... 80%
(Reading database ... 85%
(Reading database ... 90%
(Reading database ... 95%
(Reading database ... 100%
(Reading database ... 64257 files and directories currently installed.)
    node-control: Preparing to unpack .../libstdc++6_12.3.0-1ubuntu1~22.04.3_amd64.deb ...
    node-control: Unpacking libstdc++6:amd64 (12.3.0-1ubuntu1~22.04.3) over (12.3.0-1ubuntu1~22.04) ...
    node-control: Setting up libstdc++6:amd64 (12.3.0-1ubuntu1~22.04.3) ...
    node-control: (Reading database ... 
(Reading database ... 5%
(Reading database ... 10%
(Reading database ... 15%
(Reading database ... 20%
(Reading database ... 25%
(Reading database ... 30%
(Reading database ... 35%
(Reading database ... 40%
(Reading database ... 45%
(Reading database ... 50%
(Reading database ... 55%
(Reading database ... 60%
(Reading database ... 65%
(Reading database ... 70%
(Reading database ... 75%
(Reading database ... 80%
(Reading database ... 85%
(Reading database ... 90%
(Reading database ... 95%
(Reading database ... 100%
(Reading database ... 64257 files and directories currently installed.)
    node-control: Preparing to unpack .../libc6_2.35-0ubuntu3.13_amd64.deb ...
    node-control: Unpacking libc6:amd64 (2.35-0ubuntu3.13) over (2.35-0ubuntu3.10) ...
    node-control: Setting up libc6:amd64 (2.35-0ubuntu3.13) ...
    node-control: (Reading database ... 
(Reading database ... 5%
(Reading database ... 10%
(Reading database ... 15%
(Reading database ... 20%
(Reading database ... 25%
(Reading database ... 30%
(Reading database ... 35%
(Reading database ... 40%
(Reading database ... 45%
(Reading database ... 50%
(Reading database ... 55%
(Reading database ... 60%
(Reading database ... 65%
(Reading database ... 70%
(Reading database ... 75%
(Reading database ... 80%
(Reading database ... 85%
(Reading database ... 90%
(Reading database ... 95%
(Reading database ... 100%
(Reading database ... 64257 files and directories currently installed.)
    node-control: Preparing to unpack .../00-libexpat1_2.4.7-1ubuntu0.7_amd64.deb ...
    node-control: Unpacking libexpat1:amd64 (2.4.7-1ubuntu0.7) over (2.4.7-1ubuntu0.6) ...
    node-control: Preparing to unpack .../01-libpython3.10_3.10.12-1~22.04.15_amd64.deb ...
    node-control: Unpacking libpython3.10:amd64 (3.10.12-1~22.04.15) over (3.10.12-1~22.04.10) ...
    node-control: Preparing to unpack .../02-python3.10_3.10.12-1~22.04.15_amd64.deb ...
    node-control: Unpacking python3.10 (3.10.12-1~22.04.15) over (3.10.12-1~22.04.10) ...
    node-control: Preparing to unpack .../03-libpython3.10-stdlib_3.10.12-1~22.04.15_amd64.deb ...
    node-control: Unpacking libpython3.10-stdlib:amd64 (3.10.12-1~22.04.15) over (3.10.12-1~22.04.10) ...
    node-control: Preparing to unpack .../04-python3.10-minimal_3.10.12-1~22.04.15_amd64.deb ...
    node-control: Unpacking python3.10-minimal (3.10.12-1~22.04.15) over (3.10.12-1~22.04.10) ...
    node-control: Preparing to unpack .../05-libpython3.10-minimal_3.10.12-1~22.04.15_amd64.deb ...
    node-control: Unpacking libpython3.10-minimal:amd64 (3.10.12-1~22.04.15) over (3.10.12-1~22.04.10) ...
    node-control: Selecting previously unselected package python3-pycryptodome.
    node-control: Preparing to unpack .../06-python3-pycryptodome_3.11.0+dfsg1-3ubuntu0.1_amd64.deb ...
    node-control: Unpacking python3-pycryptodome (3.11.0+dfsg1-3ubuntu0.1) ...
    node-control: Selecting previously unselected package python3-dnspython.
    node-control: Preparing to unpack .../07-python3-dnspython_2.1.0-1ubuntu1_all.deb ...
    node-control: Unpacking python3-dnspython (2.1.0-1ubuntu1) ...
    node-control: Selecting previously unselected package ieee-data.
    node-control: Preparing to unpack .../08-ieee-data_20210605.1_all.deb ...
    node-control: Unpacking ieee-data (20210605.1) ...
    node-control: Selecting previously unselected package python3-netaddr.
    node-control: Preparing to unpack .../09-python3-netaddr_0.8.0-2_all.deb ...
    node-control: Unpacking python3-netaddr (0.8.0-2) ...
    node-control: Selecting previously unselected package ansible.
    node-control: Preparing to unpack .../10-ansible_2.10.7+merged+base+2.10.8+dfsg-1_all.deb ...
    node-control: Unpacking ansible (2.10.7+merged+base+2.10.8+dfsg-1) ...
    node-control: Selecting previously unselected package libc-dev-bin.
    node-control: Preparing to unpack .../11-libc-dev-bin_2.35-0ubuntu3.13_amd64.deb ...
    node-control: Unpacking libc-dev-bin (2.35-0ubuntu3.13) ...
    node-control: Selecting previously unselected package linux-libc-dev:amd64.
    node-control: Preparing to unpack .../12-linux-libc-dev_5.15.0-176.186_amd64.deb ...
    node-control: Unpacking linux-libc-dev:amd64 (5.15.0-176.186) ...
    node-control: Selecting previously unselected package libcrypt-dev:amd64.
    node-control: Preparing to unpack .../13-libcrypt-dev_1%3a4.4.27-1_amd64.deb ...
    node-control: Unpacking libcrypt-dev:amd64 (1:4.4.27-1) ...
    node-control: Selecting previously unselected package rpcsvc-proto.
    node-control: Preparing to unpack .../14-rpcsvc-proto_1.4.2-0ubuntu6_amd64.deb ...
    node-control: Unpacking rpcsvc-proto (1.4.2-0ubuntu6) ...
    node-control: Selecting previously unselected package libtirpc-dev:amd64.
    node-control: Preparing to unpack .../15-libtirpc-dev_1.3.2-2ubuntu0.1_amd64.deb ...
    node-control: Unpacking libtirpc-dev:amd64 (1.3.2-2ubuntu0.1) ...
    node-control: Selecting previously unselected package libnsl-dev:amd64.
    node-control: Preparing to unpack .../16-libnsl-dev_1.3.0-2build2_amd64.deb ...
    node-control: Unpacking libnsl-dev:amd64 (1.3.0-2build2) ...
    node-control: Selecting previously unselected package libc6-dev:amd64.
    node-control: Preparing to unpack .../17-libc6-dev_2.35-0ubuntu3.13_amd64.deb ...
    node-control: Unpacking libc6-dev:amd64 (2.35-0ubuntu3.13) ...
    node-control: Selecting previously unselected package gcc-11-base:amd64.
    node-control: Preparing to unpack .../18-gcc-11-base_11.4.0-1ubuntu1~22.04.3_amd64.deb ...
    node-control: Unpacking gcc-11-base:amd64 (11.4.0-1ubuntu1~22.04.3) ...
    node-control: Selecting previously unselected package libisl23:amd64.
    node-control: Preparing to unpack .../19-libisl23_0.24-2build1_amd64.deb ...
    node-control: Unpacking libisl23:amd64 (0.24-2build1) ...
    node-control: Selecting previously unselected package libmpc3:amd64.
    node-control: Preparing to unpack .../20-libmpc3_1.2.1-2build1_amd64.deb ...
    node-control: Unpacking libmpc3:amd64 (1.2.1-2build1) ...
    node-control: Selecting previously unselected package cpp-11.
    node-control: Preparing to unpack .../21-cpp-11_11.4.0-1ubuntu1~22.04.3_amd64.deb ...
    node-control: Unpacking cpp-11 (11.4.0-1ubuntu1~22.04.3) ...
    node-control: Selecting previously unselected package cpp.
    node-control: Preparing to unpack .../22-cpp_4%3a11.2.0-1ubuntu1_amd64.deb ...
    node-control: Unpacking cpp (4:11.2.0-1ubuntu1) ...
    node-control: Selecting previously unselected package libcc1-0:amd64.
    node-control: Preparing to unpack .../23-libcc1-0_12.3.0-1ubuntu1~22.04.3_amd64.deb ...
    node-control: Unpacking libcc1-0:amd64 (12.3.0-1ubuntu1~22.04.3) ...
    node-control: Selecting previously unselected package libgomp1:amd64.
    node-control: Preparing to unpack .../24-libgomp1_12.3.0-1ubuntu1~22.04.3_amd64.deb ...
    node-control: Unpacking libgomp1:amd64 (12.3.0-1ubuntu1~22.04.3) ...
    node-control: Selecting previously unselected package libitm1:amd64.
    node-control: Preparing to unpack .../25-libitm1_12.3.0-1ubuntu1~22.04.3_amd64.deb ...
    node-control: Unpacking libitm1:amd64 (12.3.0-1ubuntu1~22.04.3) ...
    node-control: Selecting previously unselected package libatomic1:amd64.
    node-control: Preparing to unpack .../26-libatomic1_12.3.0-1ubuntu1~22.04.3_amd64.deb ...
    node-control: Unpacking libatomic1:amd64 (12.3.0-1ubuntu1~22.04.3) ...
    node-control: Selecting previously unselected package libasan6:amd64.
    node-control: Preparing to unpack .../27-libasan6_11.4.0-1ubuntu1~22.04.3_amd64.deb ...
    node-control: Unpacking libasan6:amd64 (11.4.0-1ubuntu1~22.04.3) ...
    node-control: Selecting previously unselected package liblsan0:amd64.
    node-control: Preparing to unpack .../28-liblsan0_12.3.0-1ubuntu1~22.04.3_amd64.deb ...
    node-control: Unpacking liblsan0:amd64 (12.3.0-1ubuntu1~22.04.3) ...
    node-control: Selecting previously unselected package libtsan0:amd64.
    node-control: Preparing to unpack .../29-libtsan0_11.4.0-1ubuntu1~22.04.3_amd64.deb ...
    node-control: Unpacking libtsan0:amd64 (11.4.0-1ubuntu1~22.04.3) ...
    node-control: Selecting previously unselected package libubsan1:amd64.
    node-control: Preparing to unpack .../30-libubsan1_12.3.0-1ubuntu1~22.04.3_amd64.deb ...
    node-control: Unpacking libubsan1:amd64 (12.3.0-1ubuntu1~22.04.3) ...
    node-control: Selecting previously unselected package libquadmath0:amd64.
    node-control: Preparing to unpack .../31-libquadmath0_12.3.0-1ubuntu1~22.04.3_amd64.deb ...
    node-control: Unpacking libquadmath0:amd64 (12.3.0-1ubuntu1~22.04.3) ...
    node-control: Selecting previously unselected package libgcc-11-dev:amd64.
    node-control: Preparing to unpack .../32-libgcc-11-dev_11.4.0-1ubuntu1~22.04.3_amd64.deb ...
    node-control: Unpacking libgcc-11-dev:amd64 (11.4.0-1ubuntu1~22.04.3) ...
    node-control: Selecting previously unselected package gcc-11.
    node-control: Preparing to unpack .../33-gcc-11_11.4.0-1ubuntu1~22.04.3_amd64.deb ...
    node-control: Unpacking gcc-11 (11.4.0-1ubuntu1~22.04.3) ...
    node-control: Selecting previously unselected package gcc.
    node-control: Preparing to unpack .../34-gcc_4%3a11.2.0-1ubuntu1_amd64.deb ...
    node-control: Unpacking gcc (4:11.2.0-1ubuntu1) ...
    node-control: Selecting previously unselected package libstdc++-11-dev:amd64.
    node-control: Preparing to unpack .../35-libstdc++-11-dev_11.4.0-1ubuntu1~22.04.3_amd64.deb ...
    node-control: Unpacking libstdc++-11-dev:amd64 (11.4.0-1ubuntu1~22.04.3) ...
    node-control: Selecting previously unselected package g++-11.
    node-control: Preparing to unpack .../36-g++-11_11.4.0-1ubuntu1~22.04.3_amd64.deb ...
    node-control: Unpacking g++-11 (11.4.0-1ubuntu1~22.04.3) ...
    node-control: Selecting previously unselected package g++.
    node-control: Preparing to unpack .../37-g++_4%3a11.2.0-1ubuntu1_amd64.deb ...
    node-control: Unpacking g++ (4:11.2.0-1ubuntu1) ...
    node-control: Selecting previously unselected package make.
    node-control: Preparing to unpack .../38-make_4.3-4.1build1_amd64.deb ...
    node-control: Unpacking make (4.3-4.1build1) ...
    node-control: Selecting previously unselected package libdpkg-perl.
    node-control: Preparing to unpack .../39-libdpkg-perl_1.21.1ubuntu2.6_all.deb ...
    node-control: Unpacking libdpkg-perl (1.21.1ubuntu2.6) ...
    node-control: Selecting previously unselected package bzip2.
    node-control: Preparing to unpack .../40-bzip2_1.0.8-5build1_amd64.deb ...
    node-control: Unpacking bzip2 (1.0.8-5build1) ...
    node-control: Selecting previously unselected package lto-disabled-list.
    node-control: Preparing to unpack .../41-lto-disabled-list_24_all.deb ...
    node-control: Unpacking lto-disabled-list (24) ...
    node-control: Selecting previously unselected package dpkg-dev.
    node-control: Preparing to unpack .../42-dpkg-dev_1.21.1ubuntu2.6_all.deb ...
    node-control: Unpacking dpkg-dev (1.21.1ubuntu2.6) ...
    node-control: Selecting previously unselected package build-essential.
    node-control: Preparing to unpack .../43-build-essential_12.9ubuntu3_amd64.deb ...
    node-control: Unpacking build-essential (12.9ubuntu3) ...
    node-control: Selecting previously unselected package libfakeroot:amd64.
    node-control: Preparing to unpack .../44-libfakeroot_1.28-1ubuntu1_amd64.deb ...
    node-control: Unpacking libfakeroot:amd64 (1.28-1ubuntu1) ...
    node-control: Selecting previously unselected package fakeroot.
    node-control: Preparing to unpack .../45-fakeroot_1.28-1ubuntu1_amd64.deb ...
    node-control: Unpacking fakeroot (1.28-1ubuntu1) ...
    node-control: Selecting previously unselected package fonts-dejavu-core.
    node-control: Preparing to unpack .../46-fonts-dejavu-core_2.37-2build1_all.deb ...
    node-control: Unpacking fonts-dejavu-core (2.37-2build1) ...
    node-control: Selecting previously unselected package fontconfig-config.
    node-control: Preparing to unpack .../47-fontconfig-config_2.13.1-4.2ubuntu5_all.deb ...
    node-control: Unpacking fontconfig-config (2.13.1-4.2ubuntu5) ...
    node-control: Selecting previously unselected package javascript-common.
    node-control: Preparing to unpack .../48-javascript-common_11+nmu1_all.deb ...
    node-control: Unpacking javascript-common (11+nmu1) ...
    node-control: Selecting previously unselected package libalgorithm-diff-perl.
    node-control: Preparing to unpack .../49-libalgorithm-diff-perl_1.201-1_all.deb ...
    node-control: Unpacking libalgorithm-diff-perl (1.201-1) ...
    node-control: Selecting previously unselected package libalgorithm-diff-xs-perl.
    node-control: Preparing to unpack .../50-libalgorithm-diff-xs-perl_0.04-6build3_amd64.deb ...
    node-control: Unpacking libalgorithm-diff-xs-perl (0.04-6build3) ...
    node-control: Selecting previously unselected package libalgorithm-merge-perl.
    node-control: Preparing to unpack .../51-libalgorithm-merge-perl_0.08-3_all.deb ...
    node-control: Unpacking libalgorithm-merge-perl (0.08-3) ...
    node-control: Selecting previously unselected package libfontconfig1:amd64.
    node-control: Preparing to unpack .../52-libfontconfig1_2.13.1-4.2ubuntu5_amd64.deb ...
    node-control: Unpacking libfontconfig1:amd64 (2.13.1-4.2ubuntu5) ...
    node-control: Selecting previously unselected package libjpeg-turbo8:amd64.
    node-control: Preparing to unpack .../53-libjpeg-turbo8_2.1.2-0ubuntu1_amd64.deb ...
    node-control: Unpacking libjpeg-turbo8:amd64 (2.1.2-0ubuntu1) ...
    node-control: Selecting previously unselected package libjpeg8:amd64.
    node-control: Preparing to unpack .../54-libjpeg8_8c-2ubuntu10_amd64.deb ...
    node-control: Unpacking libjpeg8:amd64 (8c-2ubuntu10) ...
    node-control: Selecting previously unselected package libdeflate0:amd64.
    node-control: Preparing to unpack .../55-libdeflate0_1.10-2_amd64.deb ...
    node-control: Unpacking libdeflate0:amd64 (1.10-2) ...
    node-control: Selecting previously unselected package libjbig0:amd64.
    node-control: Preparing to unpack .../56-libjbig0_2.1-3.1ubuntu0.22.04.1_amd64.deb ...
    node-control: Unpacking libjbig0:amd64 (2.1-3.1ubuntu0.22.04.1) ...
    node-control: Selecting previously unselected package libwebp7:amd64.
    node-control: Preparing to unpack .../57-libwebp7_1.2.2-2ubuntu0.22.04.2_amd64.deb ...
    node-control: Unpacking libwebp7:amd64 (1.2.2-2ubuntu0.22.04.2) ...
    node-control: Selecting previously unselected package libtiff5:amd64.
    node-control: Preparing to unpack .../58-libtiff5_4.3.0-6ubuntu0.13_amd64.deb ...
    node-control: Unpacking libtiff5:amd64 (4.3.0-6ubuntu0.13) ...
    node-control: Selecting previously unselected package libxpm4:amd64.
    node-control: Preparing to unpack .../59-libxpm4_1%3a3.5.12-1ubuntu0.22.04.2_amd64.deb ...
    node-control: Unpacking libxpm4:amd64 (1:3.5.12-1ubuntu0.22.04.2) ...
    node-control: Selecting previously unselected package libgd3:amd64.
    node-control: Preparing to unpack .../60-libgd3_2.3.0-2ubuntu2.3_amd64.deb ...
    node-control: Unpacking libgd3:amd64 (2.3.0-2ubuntu2.3) ...
    node-control: Selecting previously unselected package libc-devtools.
    node-control: Preparing to unpack .../61-libc-devtools_2.35-0ubuntu3.13_amd64.deb ...
    node-control: Unpacking libc-devtools (2.35-0ubuntu3.13) ...
    node-control: Selecting previously unselected package libexpat1-dev:amd64.
    node-control: Preparing to unpack .../62-libexpat1-dev_2.4.7-1ubuntu0.7_amd64.deb ...
    node-control: Unpacking libexpat1-dev:amd64 (2.4.7-1ubuntu0.7) ...
    node-control: Selecting previously unselected package libfile-fcntllock-perl.
    node-control: Preparing to unpack .../63-libfile-fcntllock-perl_0.22-3build7_amd64.deb ...
    node-control: Unpacking libfile-fcntllock-perl (0.22-3build7) ...
    node-control: Selecting previously unselected package libjs-jquery.
    node-control: Preparing to unpack .../64-libjs-jquery_3.6.0+dfsg+~3.5.13-1_all.deb ...
    node-control: Unpacking libjs-jquery (3.6.0+dfsg+~3.5.13-1) ...
    node-control: Selecting previously unselected package libjs-underscore.
    node-control: Preparing to unpack .../65-libjs-underscore_1.13.2~dfsg-2_all.deb ...
    node-control: Unpacking libjs-underscore (1.13.2~dfsg-2) ...
    node-control: Selecting previously unselected package libjs-sphinxdoc.
    node-control: Preparing to unpack .../66-libjs-sphinxdoc_4.3.2-1_all.deb ...
    node-control: Unpacking libjs-sphinxdoc (4.3.2-1) ...
    node-control: Selecting previously unselected package zlib1g-dev:amd64.
    node-control: Preparing to unpack .../67-zlib1g-dev_1%3a1.2.11.dfsg-2ubuntu9.2_amd64.deb ...
    node-control: Unpacking zlib1g-dev:amd64 (1:1.2.11.dfsg-2ubuntu9.2) ...
    node-control: Selecting previously unselected package libpython3.10-dev:amd64.
    node-control: Preparing to unpack .../68-libpython3.10-dev_3.10.12-1~22.04.15_amd64.deb ...
    node-control: Unpacking libpython3.10-dev:amd64 (3.10.12-1~22.04.15) ...
    node-control: Selecting previously unselected package libpython3-dev:amd64.
    node-control: Preparing to unpack .../69-libpython3-dev_3.10.6-1~22.04.1_amd64.deb ...
    node-control: Unpacking libpython3-dev:amd64 (3.10.6-1~22.04.1) ...
    node-control: Selecting previously unselected package manpages-dev.
    node-control: Preparing to unpack .../70-manpages-dev_5.10-1ubuntu1_all.deb ...
    node-control: Unpacking manpages-dev (5.10-1ubuntu1) ...
    node-control: Selecting previously unselected package python3-argcomplete.
    node-control: Preparing to unpack .../71-python3-argcomplete_1.8.1-1.5_all.deb ...
    node-control: Unpacking python3-argcomplete (1.8.1-1.5) ...
    node-control: Selecting previously unselected package python3.10-dev.
    node-control: Preparing to unpack .../72-python3.10-dev_3.10.12-1~22.04.15_amd64.deb ...
    node-control: Unpacking python3.10-dev (3.10.12-1~22.04.15) ...
    node-control: Selecting previously unselected package python3-dev.
    node-control: Preparing to unpack .../73-python3-dev_3.10.6-1~22.04.1_amd64.deb ...
    node-control: Unpacking python3-dev (3.10.6-1~22.04.1) ...
    node-control: Selecting previously unselected package python3-jmespath.
    node-control: Preparing to unpack .../74-python3-jmespath_0.10.0-1_all.deb ...
    node-control: Unpacking python3-jmespath (0.10.0-1) ...
    node-control: Selecting previously unselected package python3-kerberos.
    node-control: Preparing to unpack .../75-python3-kerberos_1.1.14-3.1build5_amd64.deb ...
    node-control: Unpacking python3-kerberos (1.1.14-3.1build5) ...
    node-control: Selecting previously unselected package python3-lockfile.
    node-control: Preparing to unpack .../76-python3-lockfile_1%3a0.12.2-2.2_all.deb ...
    node-control: Unpacking python3-lockfile (1:0.12.2-2.2) ...
    node-control: Selecting previously unselected package python3-simplejson.
    node-control: Preparing to unpack .../77-python3-simplejson_3.17.6-1build1_amd64.deb ...
    node-control: Unpacking python3-simplejson (3.17.6-1build1) ...
    node-control: Selecting previously unselected package python3-libcloud.
    node-control: Preparing to unpack .../78-python3-libcloud_3.2.0-2_all.deb ...
    node-control: Unpacking python3-libcloud (3.2.0-2) ...
    node-control: Selecting previously unselected package python3-ntlm-auth.
    node-control: Preparing to unpack .../79-python3-ntlm-auth_1.4.0-1_all.deb ...
    node-control: Unpacking python3-ntlm-auth (1.4.0-1) ...
    node-control: Selecting previously unselected package python3-wheel.
    node-control: Preparing to unpack .../80-python3-wheel_0.37.1-2ubuntu0.22.04.1_all.deb ...
    node-control: Unpacking python3-wheel (0.37.1-2ubuntu0.22.04.1) ...
    node-control: Selecting previously unselected package python3-pip.
    node-control: Preparing to unpack .../81-python3-pip_22.0.2+dfsg-1ubuntu0.7_all.deb ...
    node-control: Unpacking python3-pip (22.0.2+dfsg-1ubuntu0.7) ...
    node-control: Selecting previously unselected package python3-requests-kerberos.
    node-control: Preparing to unpack .../82-python3-requests-kerberos_0.12.0-2_all.deb ...
    node-control: Unpacking python3-requests-kerberos (0.12.0-2) ...
    node-control: Selecting previously unselected package python3-requests-ntlm.
    node-control: Preparing to unpack .../83-python3-requests-ntlm_1.1.0-1.1_all.deb ...
    node-control: Unpacking python3-requests-ntlm (1.1.0-1.1) ...
    node-control: Selecting previously unselected package python3-requests-toolbelt.
    node-control: Preparing to unpack .../84-python3-requests-toolbelt_0.9.1-1_all.deb ...
    node-control: Unpacking python3-requests-toolbelt (0.9.1-1) ...
    node-control: Selecting previously unselected package python3-selinux.
    node-control: Preparing to unpack .../85-python3-selinux_3.3-1build2_amd64.deb ...
    node-control: Unpacking python3-selinux (3.3-1build2) ...
    node-control: Selecting previously unselected package python3-xmltodict.
    node-control: Preparing to unpack .../86-python3-xmltodict_0.12.0-2_all.deb ...
    node-control: Unpacking python3-xmltodict (0.12.0-2) ...
    node-control: Selecting previously unselected package python3-winrm.
    node-control: Preparing to unpack .../87-python3-winrm_0.3.0-2_all.deb ...
    node-control: Unpacking python3-winrm (0.3.0-2) ...
    node-control: Selecting previously unselected package sshpass.
    node-control: Preparing to unpack .../88-sshpass_1.09-1_amd64.deb ...
    node-control: Unpacking sshpass (1.09-1) ...
    node-control: Setting up libexpat1:amd64 (2.4.7-1ubuntu0.7) ...
    node-control: Setting up javascript-common (11+nmu1) ...
    node-control: Setting up python3-lockfile (1:0.12.2-2.2) ...
    node-control: Setting up gcc-11-base:amd64 (11.4.0-1ubuntu1~22.04.3) ...
    node-control: Setting up manpages-dev (5.10-1ubuntu1) ...
    node-control: Setting up lto-disabled-list (24) ...
    node-control: Setting up python3-requests-toolbelt (0.9.1-1) ...
    node-control: Setting up libxpm4:amd64 (1:3.5.12-1ubuntu0.22.04.2) ...
    node-control: Setting up libfile-fcntllock-perl (0.22-3build7) ...
    node-control: Setting up libalgorithm-diff-perl (1.201-1) ...
    node-control: Setting up python3-ntlm-auth (1.4.0-1) ...
    node-control: Setting up python3-pycryptodome (3.11.0+dfsg1-3ubuntu0.1) ...
    node-control: Setting up libdeflate0:amd64 (1.10-2) ...
    node-control: Setting up linux-libc-dev:amd64 (5.15.0-176.186) ...
    node-control: Setting up python3-kerberos (1.1.14-3.1build5) ...
    node-control: Setting up libgomp1:amd64 (12.3.0-1ubuntu1~22.04.3) ...
    node-control: Setting up bzip2 (1.0.8-5build1) ...
    node-control: Setting up sshpass (1.09-1) ...
    node-control: Setting up python3-wheel (0.37.1-2ubuntu0.22.04.1) ...
    node-control: Setting up libjbig0:amd64 (2.1-3.1ubuntu0.22.04.1) ...
    node-control: Setting up libfakeroot:amd64 (1.28-1ubuntu1) ...
    node-control: Setting up libasan6:amd64 (11.4.0-1ubuntu1~22.04.3) ...
    node-control: Setting up fakeroot (1.28-1ubuntu1) ...
    node-control: update-alternatives: using /usr/bin/fakeroot-sysv to provide /usr/bin/fakeroot (fakeroot) in auto mode
    node-control: Setting up python3-simplejson (3.17.6-1build1) ...
    node-control: Setting up python3-xmltodict (0.12.0-2) ...
    node-control: Setting up libtirpc-dev:amd64 (1.3.2-2ubuntu0.1) ...
    node-control: Setting up rpcsvc-proto (1.4.2-0ubuntu6) ...
    node-control: Setting up make (4.3-4.1build1) ...
    node-control: Setting up python3-jmespath (0.10.0-1) ...
    node-control: Setting up libquadmath0:amd64 (12.3.0-1ubuntu1~22.04.3) ...
    node-control: Setting up libmpc3:amd64 (1.2.1-2build1) ...
    node-control: Setting up libatomic1:amd64 (12.3.0-1ubuntu1~22.04.3) ...
    node-control: Setting up libpython3.10-minimal:amd64 (3.10.12-1~22.04.15) ...
    node-control: Setting up fonts-dejavu-core (2.37-2build1) ...
    node-control: Setting up python3-pip (22.0.2+dfsg-1ubuntu0.7) ...
    node-control: Setting up libjpeg-turbo8:amd64 (2.1.2-0ubuntu1) ...
    node-control: Setting up libdpkg-perl (1.21.1ubuntu2.6) ...
    node-control: Setting up libwebp7:amd64 (1.2.2-2ubuntu0.22.04.2) ...
    node-control: Setting up libubsan1:amd64 (12.3.0-1ubuntu1~22.04.3) ...
    node-control: Setting up python3-requests-kerberos (0.12.0-2) ...
    node-control: Setting up ieee-data (20210605.1) ...
    node-control: Setting up libnsl-dev:amd64 (1.3.0-2build2) ...
    node-control: Setting up python3-dnspython (2.1.0-1ubuntu1) ...
    node-control: Setting up libcrypt-dev:amd64 (1:4.4.27-1) ...
    node-control: Setting up python3-selinux (3.3-1build2) ...
    node-control: Setting up libjs-jquery (3.6.0+dfsg+~3.5.13-1) ...
    node-control: Setting up libisl23:amd64 (0.24-2build1) ...
    node-control: Setting up libc-dev-bin (2.35-0ubuntu3.13) ...
    node-control: Setting up python3-argcomplete (1.8.1-1.5) ...
    node-control: Setting up libalgorithm-diff-xs-perl (0.04-6build3) ...
    node-control: Setting up libcc1-0:amd64 (12.3.0-1ubuntu1~22.04.3) ...
    node-control: Setting up liblsan0:amd64 (12.3.0-1ubuntu1~22.04.3) ...
    node-control: Setting up libitm1:amd64 (12.3.0-1ubuntu1~22.04.3) ...
    node-control: Setting up libjs-underscore (1.13.2~dfsg-2) ...
    node-control: Setting up libalgorithm-merge-perl (0.08-3) ...
    node-control: Setting up libtsan0:amd64 (11.4.0-1ubuntu1~22.04.3) ...
    node-control: Setting up libjpeg8:amd64 (8c-2ubuntu10) ...
    node-control: Setting up cpp-11 (11.4.0-1ubuntu1~22.04.3) ...
    node-control: Setting up python3-requests-ntlm (1.1.0-1.1) ...
    node-control: Setting up fontconfig-config (2.13.1-4.2ubuntu5) ...
    node-control: Setting up python3-libcloud (3.2.0-2) ...
    node-control: Setting up python3.10-minimal (3.10.12-1~22.04.15) ...
    node-control: Setting up dpkg-dev (1.21.1ubuntu2.6) ...
    node-control: Setting up libpython3.10-stdlib:amd64 (3.10.12-1~22.04.15) ...
    node-control: Setting up libjs-sphinxdoc (4.3.2-1) ...
    node-control: Setting up libgcc-11-dev:amd64 (11.4.0-1ubuntu1~22.04.3) ...
    node-control: Setting up python3-netaddr (0.8.0-2) ...
    node-control: Setting up gcc-11 (11.4.0-1ubuntu1~22.04.3) ...
    node-control: Setting up cpp (4:11.2.0-1ubuntu1) ...
    node-control: Setting up libc6-dev:amd64 (2.35-0ubuntu3.13) ...
    node-control: Setting up python3-winrm (0.3.0-2) ...
    node-control: Setting up libtiff5:amd64 (4.3.0-6ubuntu0.13) ...
    node-control: Setting up libfontconfig1:amd64 (2.13.1-4.2ubuntu5) ...
    node-control: Setting up ansible (2.10.7+merged+base+2.10.8+dfsg-1) ...
    node-control: Setting up libpython3.10:amd64 (3.10.12-1~22.04.15) ...
    node-control: Setting up python3.10 (3.10.12-1~22.04.15) ...
    node-control: Setting up gcc (4:11.2.0-1ubuntu1) ...
    node-control: Setting up libexpat1-dev:amd64 (2.4.7-1ubuntu0.7) ...
    node-control: Setting up libgd3:amd64 (2.3.0-2ubuntu2.3) ...
    node-control: Setting up libstdc++-11-dev:amd64 (11.4.0-1ubuntu1~22.04.3) ...
    node-control: Setting up zlib1g-dev:amd64 (1:1.2.11.dfsg-2ubuntu9.2) ...
    node-control: Setting up libc-devtools (2.35-0ubuntu3.13) ...
    node-control: Setting up g++-11 (11.4.0-1ubuntu1~22.04.3) ...
    node-control: Setting up libpython3.10-dev:amd64 (3.10.12-1~22.04.15) ...
    node-control: Setting up python3.10-dev (3.10.12-1~22.04.15) ...
    node-control: Setting up g++ (4:11.2.0-1ubuntu1) ...
    node-control: update-alternatives: using /usr/bin/g++ to provide /usr/bin/c++ (c++) in auto mode
    node-control: Setting up build-essential (12.9ubuntu3) ...
    node-control: Setting up libpython3-dev:amd64 (3.10.6-1~22.04.1) ...
    node-control: Setting up python3-dev (3.10.6-1~22.04.1) ...
    node-control: Processing triggers for man-db (2.10.2-1) ...
    node-control: Processing triggers for libc-bin (2.35-0ubuntu3.10) ...
    node-control: NEEDRESTART-VER: 3.5
    node-control: NEEDRESTART-KCUR: 5.15.0-144-generic
    node-control: NEEDRESTART-KEXP: 5.15.0-144-generic
    node-control: NEEDRESTART-KSTA: 1
    node-control: NEEDRESTART-SVC: cron.service
    node-control: NEEDRESTART-SVC: dbus.service
    node-control: NEEDRESTART-SVC: getty@tty1.service
    node-control: NEEDRESTART-SVC: multipathd.service
    node-control: NEEDRESTART-SVC: networkd-dispatcher.service
    node-control: NEEDRESTART-SVC: packagekit.service
    node-control: NEEDRESTART-SVC: polkit.service
    node-control: NEEDRESTART-SVC: rsyslog.service
    node-control: NEEDRESTART-SVC: serial-getty@ttyS0.service
    node-control: NEEDRESTART-SVC: ssh.service
    node-control: NEEDRESTART-SVC: systemd-journald.service
    node-control: NEEDRESTART-SVC: systemd-logind.service
    node-control: NEEDRESTART-SVC: systemd-networkd.service
    node-control: NEEDRESTART-SVC: systemd-resolved.service
    node-control: NEEDRESTART-SVC: systemd-timesyncd.service
    node-control: NEEDRESTART-SVC: systemd-udevd.service
    node-control: NEEDRESTART-SVC: unattended-upgrades.service
    node-control: NEEDRESTART-SVC: user@1000.service
    node-control: WARNING: Running pip as the 'root' user can result in broken permissions and conflicting behaviour with the system package manager. It is recommended to use a virtual environment instead: https://pip.pypa.io/warnings/venv
    node-control: Распространение SSH-ключа на 192.168.56.10...
    node-control: Now try logging into the machine, with:   "ssh -o 'StrictHostKeyChecking=no' -o 'UserKnownHostsFile=/dev/null' 'demo@192.168.56.10'"
    node-control: and check to make sure that only the key(s) you wanted were added.
    node-control: 
    node-control: Распространение SSH-ключа на 192.168.56.20...
    node-control: Now try logging into the machine, with:   "ssh -o 'StrictHostKeyChecking=no' -o 'UserKnownHostsFile=/dev/null' 'demo@192.168.56.20'"
    node-control: and check to make sure that only the key(s) you wanted were added.
    node-control: 
    node-control: Распространение SSH-ключа на 192.168.56.30...
    node-control: Now try logging into the machine, with:   "ssh -o 'StrictHostKeyChecking=no' -o 'UserKnownHostsFile=/dev/null' 'demo@192.168.56.30'"
    node-control: and check to make sure that only the key(s) you wanted were added.
    node-control: 
    node-control: Плейбуки скопированы (20 yml-файлов)
    node-control: 
    node-control: === Ansible connectivity test ===
    node-control: node-gitlab | SUCCESS => {
    node-control:     "changed": false,
    node-control:     "ping": "pong"
    node-control: }
    node-control: node-mattermost | SUCCESS => {
    node-control:     "changed": false,
    node-control:     "ping": "pong"
    node-control: }
    node-control: node-redmine | SUCCESS => {
    node-control:     "changed": false,
    node-control:     "ping": "pong"
    node-control: }
    node-control: 
    node-control: [node-control] provisioning done — cluster-base scenario=broken

==> node-gitlab: Machine 'node-gitlab' has a post `vagrant up` message. This is a message
==> node-gitlab: from the creator of the Vagrantfile, and not from Vagrant itself:
==> node-gitlab: 
==> node-gitlab: node-gitlab (192.168.56.10) — GitLab CE [scenario=broken]

==> node-redmine: Machine 'node-redmine' has a post `vagrant up` message. This is a message
==> node-redmine: from the creator of the Vagrantfile, and not from Vagrant itself:
==> node-redmine: 
==> node-redmine: node-redmine (192.168.56.20) — Redmine + PostgreSQL [scenario=broken]

==> node-mattermost: Machine 'node-mattermost' has a post `vagrant up` message. This is a message
==> node-mattermost: from the creator of the Vagrantfile, and not from Vagrant itself:
==> node-mattermost: 
==> node-mattermost: node-mattermost (192.168.56.30) — Mattermost + PostgreSQL [scenario=broken]

==> node-control: Machine 'node-control' has a post `vagrant up` message. This is a message
==> node-control: from the creator of the Vagrantfile, and not from Vagrant itself:
==> node-control: 
==> node-control: node-control (192.168.56.5) — Ansible control-node [scenario=broken]
