Bringing machine 'node-gitlab' up with 'virtualbox' provider...
Bringing machine 'node-redmine' up with 'virtualbox' provider...
Bringing machine 'node-mattermost' up with 'virtualbox' provider...
Bringing machine 'node-control' up with 'virtualbox' provider...
==> node-gitlab: Importing base box 'ubuntu/jammy64'...

[K==> node-gitlab: Matching MAC address for NAT networking...
==> node-gitlab: Setting the name of the VM: node-gitlab
==> node-gitlab: Clearing any previously set network interfaces...
==> node-gitlab: Preparing network interfaces based on configuration...
    node-gitlab: Adapter 1: nat
    node-gitlab: Adapter 2: hostonly
==> node-gitlab: Forwarding ports...
    node-gitlab: 22 (guest) => 2222 (host) (adapter 1)
==> node-gitlab: Running 'pre-boot' VM customizations...
==> node-gitlab: Booting VM...
==> node-gitlab: Waiting for machine to boot. This may take a few minutes...
    node-gitlab: SSH address: 127.0.0.1:2222
    node-gitlab: SSH username: vagrant
    node-gitlab: SSH auth method: private key
    node-gitlab: Warning: Connection reset. Retrying...
    node-gitlab: 
    node-gitlab: Vagrant insecure key detected. Vagrant will automatically replace
    node-gitlab: this with a newly generated keypair for better security.
    node-gitlab: 
    node-gitlab: Inserting generated public key within guest...
    node-gitlab: Removing insecure key from the guest if it's present...
    node-gitlab: Key inserted! Disconnecting and reconnecting using new SSH key...
==> node-gitlab: Machine booted and ready!
==> node-gitlab: Checking for guest additions in VM...
    node-gitlab: The guest additions on this VM do not match the installed version of
    node-gitlab: VirtualBox! In most cases this is fine, but in rare cases it can
    node-gitlab: prevent things such as shared folders from working properly. If you see
    node-gitlab: shared folder errors, please make sure the guest additions within the
    node-gitlab: virtual machine match the version of VirtualBox you have installed on
    node-gitlab: your host and reload your VM.
    node-gitlab: 
    node-gitlab: Guest Additions Version: 6.0.0 r127566
    node-gitlab: VirtualBox Version: 7.2
==> node-gitlab: Setting hostname...
==> node-gitlab: Configuring and enabling network interfaces...
==> node-gitlab: Running provisioner: shell...
    node-gitlab: Running: C:/Users/176D~1/AppData/Local/Temp/vagrant-shell20260428-30580-cwpamk.sh
    node-gitlab: [node-gitlab] scenario=broken
    node-gitlab: Reading package lists...
    node-gitlab: Building dependency tree...
    node-gitlab: Reading state information...
    node-gitlab: lsb-release is already the newest version (11.1.0ubuntu4).
    node-gitlab: lsb-release set to manually installed.
    node-gitlab: ca-certificates is already the newest version (20240203~22.04.1).
    node-gitlab: ca-certificates set to manually installed.
    node-gitlab: ufw is already the newest version (0.36.1-4ubuntu0.1).
    node-gitlab: ufw set to manually installed.
    node-gitlab: The following additional packages will be installed:
    node-gitlab:   dirmngr gnupg-l10n gnupg-utils gpg gpg-agent gpg-wks-client gpg-wks-server
    node-gitlab:   gpgconf gpgsm gpgv libcurl4
    node-gitlab: Suggested packages:
    node-gitlab:   pinentry-gnome3 tor parcimonie xloadimage scdaemon
    node-gitlab: The following packages will be upgraded:
    node-gitlab:   curl dirmngr gnupg gnupg-l10n gnupg-utils gpg gpg-agent gpg-wks-client
    node-gitlab:   gpg-wks-server gpgconf gpgsm gpgv libcurl4
    node-gitlab: 13 upgraded, 0 newly installed, 0 to remove and 133 not upgraded.
    node-gitlab: Need to get 2732 kB of archives.
    node-gitlab: After this operation, 0 B of additional disk space will be used.
    node-gitlab: Get:1 http://archive.ubuntu.com/ubuntu jammy-updates/main amd64 gpg-wks-client amd64 2.2.27-3ubuntu2.5 [62.7 kB]
    node-gitlab: Get:2 http://archive.ubuntu.com/ubuntu jammy-updates/main amd64 dirmngr amd64 2.2.27-3ubuntu2.5 [293 kB]
    node-gitlab: Get:3 http://archive.ubuntu.com/ubuntu jammy-updates/main amd64 gpg-wks-server amd64 2.2.27-3ubuntu2.5 [57.6 kB]
    node-gitlab: Get:4 http://archive.ubuntu.com/ubuntu jammy-updates/main amd64 gnupg-utils amd64 2.2.27-3ubuntu2.5 [309 kB]
    node-gitlab: Get:5 http://archive.ubuntu.com/ubuntu jammy-updates/main amd64 gpg-agent amd64 2.2.27-3ubuntu2.5 [209 kB]
    node-gitlab: Get:6 http://archive.ubuntu.com/ubuntu jammy-updates/main amd64 gpg amd64 2.2.27-3ubuntu2.5 [519 kB]
    node-gitlab: Get:7 http://archive.ubuntu.com/ubuntu jammy-updates/main amd64 gpgconf amd64 2.2.27-3ubuntu2.5 [94.3 kB]
    node-gitlab: Get:8 http://archive.ubuntu.com/ubuntu jammy-updates/main amd64 gnupg-l10n all 2.2.27-3ubuntu2.5 [54.5 kB]
    node-gitlab: Get:9 http://archive.ubuntu.com/ubuntu jammy-updates/main amd64 gnupg all 2.2.27-3ubuntu2.5 [315 kB]
    node-gitlab: Get:10 http://archive.ubuntu.com/ubuntu jammy-updates/main amd64 gpgsm amd64 2.2.27-3ubuntu2.5 [197 kB]
    node-gitlab: Get:11 http://archive.ubuntu.com/ubuntu jammy-updates/main amd64 gpgv amd64 2.2.27-3ubuntu2.5 [137 kB]
    node-gitlab: Get:12 http://archive.ubuntu.com/ubuntu jammy-updates/main amd64 curl amd64 7.81.0-1ubuntu1.23 [194 kB]
    node-gitlab: Get:13 http://archive.ubuntu.com/ubuntu jammy-updates/main amd64 libcurl4 amd64 7.81.0-1ubuntu1.23 [290 kB]
    node-gitlab: Fetched 2732 kB in 1s (2954 kB/s)
    node-gitlab: (Reading database ... 
(Reading database ... 5%
(Reading database ... 10%
(Reading database ... 15%
(Reading database ... 20%
(Reading database ... 25%
(Reading database ... 30%
(Reading database ... 35%
(Reading database ... 40%
(Reading database ... 45%
(Reading database ... 50%
(Reading database ... 55%
(Reading database ... 60%
(Reading database ... 65%
(Reading database ... 70%
(Reading database ... 75%
(Reading database ... 80%
(Reading database ... 85%
(Reading database ... 90%
(Reading database ... 95%
(Reading database ... 100%
(Reading database ... 64257 files and directories currently installed.)
    node-gitlab: Preparing to unpack .../00-gpg-wks-client_2.2.27-3ubuntu2.5_amd64.deb ...
    node-gitlab: Unpacking gpg-wks-client (2.2.27-3ubuntu2.5) over (2.2.27-3ubuntu2.4) ...
    node-gitlab: Preparing to unpack .../01-dirmngr_2.2.27-3ubuntu2.5_amd64.deb ...
    node-gitlab: Unpacking dirmngr (2.2.27-3ubuntu2.5) over (2.2.27-3ubuntu2.4) ...
    node-gitlab: Preparing to unpack .../02-gpg-wks-server_2.2.27-3ubuntu2.5_amd64.deb ...
    node-gitlab: Unpacking gpg-wks-server (2.2.27-3ubuntu2.5) over (2.2.27-3ubuntu2.4) ...
    node-gitlab: Preparing to unpack .../03-gnupg-utils_2.2.27-3ubuntu2.5_amd64.deb ...
    node-gitlab: Unpacking gnupg-utils (2.2.27-3ubuntu2.5) over (2.2.27-3ubuntu2.4) ...
    node-gitlab: Preparing to unpack .../04-gpg-agent_2.2.27-3ubuntu2.5_amd64.deb ...
    node-gitlab: Unpacking gpg-agent (2.2.27-3ubuntu2.5) over (2.2.27-3ubuntu2.4) ...
    node-gitlab: Preparing to unpack .../05-gpg_2.2.27-3ubuntu2.5_amd64.deb ...
    node-gitlab: Unpacking gpg (2.2.27-3ubuntu2.5) over (2.2.27-3ubuntu2.4) ...
    node-gitlab: Preparing to unpack .../06-gpgconf_2.2.27-3ubuntu2.5_amd64.deb ...
    node-gitlab: Unpacking gpgconf (2.2.27-3ubuntu2.5) over (2.2.27-3ubuntu2.4) ...
    node-gitlab: Preparing to unpack .../07-gnupg-l10n_2.2.27-3ubuntu2.5_all.deb ...
    node-gitlab: Unpacking gnupg-l10n (2.2.27-3ubuntu2.5) over (2.2.27-3ubuntu2.4) ...
    node-gitlab: Preparing to unpack .../08-gnupg_2.2.27-3ubuntu2.5_all.deb ...
    node-gitlab: Unpacking gnupg (2.2.27-3ubuntu2.5) over (2.2.27-3ubuntu2.4) ...
    node-gitlab: Preparing to unpack .../09-gpgsm_2.2.27-3ubuntu2.5_amd64.deb ...
    node-gitlab: Unpacking gpgsm (2.2.27-3ubuntu2.5) over (2.2.27-3ubuntu2.4) ...
    node-gitlab: Preparing to unpack .../10-gpgv_2.2.27-3ubuntu2.5_amd64.deb ...
    node-gitlab: Unpacking gpgv (2.2.27-3ubuntu2.5) over (2.2.27-3ubuntu2.4) ...
    node-gitlab: Setting up gpgv (2.2.27-3ubuntu2.5) ...
    node-gitlab: (Reading database ... 
(Reading database ... 5%
(Reading database ... 10%
(Reading database ... 15%
(Reading database ... 20%
(Reading database ... 25%
(Reading database ... 30%
(Reading database ... 35%
(Reading database ... 40%
(Reading database ... 45%
(Reading database ... 50%
(Reading database ... 55%
(Reading database ... 60%
(Reading database ... 65%
(Reading database ... 70%
(Reading database ... 75%
(Reading database ... 80%
(Reading database ... 85%
(Reading database ... 90%
(Reading database ... 95%
(Reading database ... 100%
(Reading database ... 64257 files and directories currently installed.)
    node-gitlab: Preparing to unpack .../curl_7.81.0-1ubuntu1.23_amd64.deb ...
    node-gitlab: Unpacking curl (7.81.0-1ubuntu1.23) over (7.81.0-1ubuntu1.20) ...
    node-gitlab: Preparing to unpack .../libcurl4_7.81.0-1ubuntu1.23_amd64.deb ...
    node-gitlab: Unpacking libcurl4:amd64 (7.81.0-1ubuntu1.23) over (7.81.0-1ubuntu1.20) ...
    node-gitlab: Setting up gnupg-l10n (2.2.27-3ubuntu2.5) ...
    node-gitlab: Setting up gpgconf (2.2.27-3ubuntu2.5) ...
    node-gitlab: Setting up libcurl4:amd64 (7.81.0-1ubuntu1.23) ...
    node-gitlab: Setting up curl (7.81.0-1ubuntu1.23) ...
    node-gitlab: Setting up gpg (2.2.27-3ubuntu2.5) ...
    node-gitlab: Setting up gnupg-utils (2.2.27-3ubuntu2.5) ...
    node-gitlab: Setting up gpg-agent (2.2.27-3ubuntu2.5) ...
    node-gitlab: Setting up gpgsm (2.2.27-3ubuntu2.5) ...
    node-gitlab: Setting up dirmngr (2.2.27-3ubuntu2.5) ...
    node-gitlab: Setting up gpg-wks-server (2.2.27-3ubuntu2.5) ...
    node-gitlab: Setting up gpg-wks-client (2.2.27-3ubuntu2.5) ...
    node-gitlab: Setting up gnupg (2.2.27-3ubuntu2.5) ...
    node-gitlab: Processing triggers for libc-bin (2.35-0ubuntu3.10) ...
    node-gitlab: Processing triggers for man-db (2.10.2-1) ...
    node-gitlab: Processing triggers for install-info (6.8-4build1) ...
    node-gitlab: NEEDRESTART-VER: 3.5
    node-gitlab: NEEDRESTART-KCUR: 5.15.0-144-generic
    node-gitlab: NEEDRESTART-KEXP: 5.15.0-144-generic
    node-gitlab: NEEDRESTART-KSTA: 1
    node-gitlab: Reading package lists...
    node-gitlab: Building dependency tree...
    node-gitlab: Reading state information...
    node-gitlab: The following additional packages will be installed:
    node-gitlab:   docker-buildx-plugin docker-ce-rootless-extras libslirp0 pigz slirp4netns
    node-gitlab: Suggested packages:
    node-gitlab:   cgroupfs-mount | cgroup-lite docker-model-plugin
    node-gitlab: The following NEW packages will be installed:
    node-gitlab:   containerd.io docker-buildx-plugin docker-ce docker-ce-cli
    node-gitlab:   docker-ce-rootless-extras docker-compose-plugin libslirp0 pigz slirp4netns
    node-gitlab: 0 upgraded, 9 newly installed, 0 to remove and 133 not upgraded.
    node-gitlab: Need to get 94.9 MB of archives.
    node-gitlab: After this operation, 365 MB of additional disk space will be used.
    node-gitlab: Get:1 http://archive.ubuntu.com/ubuntu jammy/universe amd64 pigz amd64 2.6-1 [63.6 kB]
    node-gitlab: Get:2 https://download.docker.com/linux/ubuntu jammy/stable amd64 containerd.io amd64 2.2.3-1~ubuntu.22.04~jammy [23.6 MB]
    node-gitlab: Get:3 http://archive.ubuntu.com/ubuntu jammy/main amd64 libslirp0 amd64 4.6.1-1build1 [61.5 kB]
    node-gitlab: Get:4 http://archive.ubuntu.com/ubuntu jammy/universe amd64 slirp4netns amd64 1.0.1-2 [28.2 kB]
    node-gitlab: Get:5 https://download.docker.com/linux/ubuntu jammy/stable amd64 docker-ce-cli amd64 5:29.4.1-1~ubuntu.22.04~jammy [17.0 MB]
    node-gitlab: Get:6 https://download.docker.com/linux/ubuntu jammy/stable amd64 docker-ce amd64 5:29.4.1-1~ubuntu.22.04~jammy [22.7 MB]
    node-gitlab: Get:7 https://download.docker.com/linux/ubuntu jammy/stable amd64 docker-buildx-plugin amd64 0.33.0-1~ubuntu.22.04~jammy [16.9 MB]
    node-gitlab: Get:8 https://download.docker.com/linux/ubuntu jammy/stable amd64 docker-ce-rootless-extras amd64 5:29.4.1-1~ubuntu.22.04~jammy [6560 kB]
    node-gitlab: Get:9 https://download.docker.com/linux/ubuntu jammy/stable amd64 docker-compose-plugin amd64 5.1.3-1~ubuntu.22.04~jammy [8023 kB]
    node-gitlab: Fetched 94.9 MB in 9s (10.1 MB/s)
    node-gitlab: Selecting previously unselected package containerd.io.
    node-gitlab: (Reading database ... 
(Reading database ... 5%
(Reading database ... 10%
(Reading database ... 15%
(Reading database ... 20%
(Reading database ... 25%
(Reading database ... 30%
(Reading database ... 35%
(Reading database ... 40%
(Reading database ... 45%
(Reading database ... 50%
(Reading database ... 55%
(Reading database ... 60%
(Reading database ... 65%
(Reading database ... 70%
(Reading database ... 75%
(Reading database ... 80%
(Reading database ... 85%
(Reading database ... 90%
(Reading database ... 95%
(Reading database ... 100%
(Reading database ... 64257 files and directories currently installed.)
    node-gitlab: Preparing to unpack .../0-containerd.io_2.2.3-1~ubuntu.22.04~jammy_amd64.deb ...
    node-gitlab: Unpacking containerd.io (2.2.3-1~ubuntu.22.04~jammy) ...
    node-gitlab: Selecting previously unselected package docker-ce-cli.
    node-gitlab: Preparing to unpack .../1-docker-ce-cli_5%3a29.4.1-1~ubuntu.22.04~jammy_amd64.deb ...
    node-gitlab: Unpacking docker-ce-cli (5:29.4.1-1~ubuntu.22.04~jammy) ...
    node-gitlab: Selecting previously unselected package docker-ce.
    node-gitlab: Preparing to unpack .../2-docker-ce_5%3a29.4.1-1~ubuntu.22.04~jammy_amd64.deb ...
    node-gitlab: Unpacking docker-ce (5:29.4.1-1~ubuntu.22.04~jammy) ...
    node-gitlab: Selecting previously unselected package pigz.
    node-gitlab: Preparing to unpack .../3-pigz_2.6-1_amd64.deb ...
    node-gitlab: Unpacking pigz (2.6-1) ...
    node-gitlab: Selecting previously unselected package docker-buildx-plugin.
    node-gitlab: Preparing to unpack .../4-docker-buildx-plugin_0.33.0-1~ubuntu.22.04~jammy_amd64.deb ...
    node-gitlab: Unpacking docker-buildx-plugin (0.33.0-1~ubuntu.22.04~jammy) ...
    node-gitlab: Selecting previously unselected package docker-ce-rootless-extras.
    node-gitlab: Preparing to unpack .../5-docker-ce-rootless-extras_5%3a29.4.1-1~ubuntu.22.04~jammy_amd64.deb ...
    node-gitlab: Unpacking docker-ce-rootless-extras (5:29.4.1-1~ubuntu.22.04~jammy) ...
    node-gitlab: Selecting previously unselected package docker-compose-plugin.
    node-gitlab: Preparing to unpack .../6-docker-compose-plugin_5.1.3-1~ubuntu.22.04~jammy_amd64.deb ...
    node-gitlab: Unpacking docker-compose-plugin (5.1.3-1~ubuntu.22.04~jammy) ...
    node-gitlab: Selecting previously unselected package libslirp0:amd64.
    node-gitlab: Preparing to unpack .../7-libslirp0_4.6.1-1build1_amd64.deb ...
    node-gitlab: Unpacking libslirp0:amd64 (4.6.1-1build1) ...
    node-gitlab: Selecting previously unselected package slirp4netns.
    node-gitlab: Preparing to unpack .../8-slirp4netns_1.0.1-2_amd64.deb ...
    node-gitlab: Unpacking slirp4netns (1.0.1-2) ...
    node-gitlab: Setting up docker-buildx-plugin (0.33.0-1~ubuntu.22.04~jammy) ...
    node-gitlab: Setting up containerd.io (2.2.3-1~ubuntu.22.04~jammy) ...
    node-gitlab: Created symlink /etc/systemd/system/multi-user.target.wants/containerd.service → /lib/systemd/system/containerd.service.
    node-gitlab: Setting up docker-compose-plugin (5.1.3-1~ubuntu.22.04~jammy) ...
    node-gitlab: Setting up docker-ce-cli (5:29.4.1-1~ubuntu.22.04~jammy) ...
    node-gitlab: Setting up libslirp0:amd64 (4.6.1-1build1) ...
    node-gitlab: Setting up pigz (2.6-1) ...
    node-gitlab: Setting up docker-ce-rootless-extras (5:29.4.1-1~ubuntu.22.04~jammy) ...
    node-gitlab: Setting up slirp4netns (1.0.1-2) ...
    node-gitlab: Setting up docker-ce (5:29.4.1-1~ubuntu.22.04~jammy) ...
    node-gitlab: Created symlink /etc/systemd/system/multi-user.target.wants/docker.service → /lib/systemd/system/docker.service.
    node-gitlab: Created symlink /etc/systemd/system/sockets.target.wants/docker.socket → /lib/systemd/system/docker.socket.
    node-gitlab: Processing triggers for man-db (2.10.2-1) ...
    node-gitlab: Processing triggers for libc-bin (2.35-0ubuntu3.10) ...
    node-gitlab: NEEDRESTART-VER: 3.5
    node-gitlab: NEEDRESTART-KCUR: 5.15.0-144-generic
    node-gitlab: NEEDRESTART-KEXP: 5.15.0-144-generic
    node-gitlab: NEEDRESTART-KSTA: 1
    node-gitlab: Synchronizing state of docker.service with SysV service script with /lib/systemd/systemd-sysv-install.
    node-gitlab: Executing: /lib/systemd/systemd-sysv-install enable docker
    node-gitlab: [node-gitlab] detected NODE_IP=192.168.56.10
    node-gitlab: Firewall is active and enabled on system startup
    node-gitlab: Rule added
    node-gitlab: Rule added (v6)
    node-gitlab: Rule added
    node-gitlab: Rule added (v6)
    node-gitlab: Rule added
    node-gitlab: Rule added (v6)
    node-gitlab: Rule added
    node-gitlab: Rule added (v6)
    node-gitlab: [node-gitlab] starting GitLab container (это займёт 5-10 минут на первом старте)...
    node-gitlab:  Image gitlab/gitlab-ce:16.11.10-ce.0 Pulling
    node-gitlab:  593a7107a1a7 Pulling fs layer 0B
    node-gitlab:  a94369ef6758 Pulling fs layer 0B
    node-gitlab:  857cc8cb19c0 Pulling fs layer 0B
    node-gitlab:  015434abbe99 Pulling fs layer 0B
    node-gitlab:  f36042b6a203 Pulling fs layer 0B
    node-gitlab:  459b426ff184 Pulling fs layer 0B
    node-gitlab:  5d1b92dc061c Pulling fs layer 0B
    node-gitlab:  b570f1357c2a Pulling fs layer 0B
    node-gitlab:  df82ff08fcb9 Pulling fs layer 0B
    node-gitlab:  459b426ff184 Download complete 0B
    node-gitlab:  a94369ef6758 Downloading 438.1kB
    node-gitlab:  a94369ef6758 Download complete 0B
    node-gitlab:  015434abbe99 Download complete 0B
    node-gitlab:  b570f1357c2a Download complete 0B
    node-gitlab:  df82ff08fcb9 Downloading 5.039kB
    node-gitlab:  857cc8cb19c0 Downloading 1.049MB
    node-gitlab:  df82ff08fcb9 Download complete 0B
    node-gitlab:  857cc8cb19c0 Downloading 1.049MB
    node-gitlab:  593a7107a1a7 Downloading 1.049MB
    node-gitlab:  593a7107a1a7 Downloading 1.049MB
    node-gitlab:  857cc8cb19c0 Downloading 2.097MB
    node-gitlab:  857cc8cb19c0 Downloading 2.097MB
    node-gitlab:  593a7107a1a7 Downloading 2.097MB
    node-gitlab:  5d1b92dc061c Download complete 0B
    node-gitlab:  857cc8cb19c0 Downloading 2.097MB
    node-gitlab:  593a7107a1a7 Downloading 2.097MB
    node-gitlab:  593a7107a1a7 Downloading 3.146MB
    node-gitlab:  857cc8cb19c0 Downloading 3.146MB
    node-gitlab:  857cc8cb19c0 Downloading 3.146MB
    node-gitlab:  593a7107a1a7 Downloading 3.146MB
    node-gitlab:  857cc8cb19c0 Downloading 3.146MB
    node-gitlab:  593a7107a1a7 Downloading 3.146MB
    node-gitlab:  857cc8cb19c0 Downloading 4.194MB
    node-gitlab:  f36042b6a203 Downloading 1.049MB
    node-gitlab:  593a7107a1a7 Downloading 4.194MB
    node-gitlab:  593a7107a1a7 Downloading 4.194MB
    node-gitlab:  857cc8cb19c0 Downloading 4.194MB
    node-gitlab:  f36042b6a203 Downloading 1.049MB
    node-gitlab:  857cc8cb19c0 Downloading 4.194MB
    node-gitlab:  f36042b6a203 Downloading 1.049MB
    node-gitlab:  593a7107a1a7 Downloading 4.194MB
    node-gitlab:  857cc8cb19c0 Downloading 5.243MB
    node-gitlab:  f36042b6a203 Downloading 2.097MB
    node-gitlab:  593a7107a1a7 Downloading 4.194MB
    node-gitlab:  857cc8cb19c0 Downloading 5.243MB
    node-gitlab:  f36042b6a203 Downloading 2.097MB
    node-gitlab:  593a7107a1a7 Downloading 5.243MB
    node-gitlab:  593a7107a1a7 Downloading 5.243MB
    node-gitlab:  857cc8cb19c0 Downloading 5.243MB
    node-gitlab:  f36042b6a203 Downloading 2.605MB
    node-gitlab:  857cc8cb19c0 Downloading 5.243MB
    node-gitlab:  f36042b6a203 Downloading 3.146MB
    node-gitlab:  593a7107a1a7 Downloading 5.243MB
    node-gitlab:  857cc8cb19c0 Downloading 6.291MB
    node-gitlab:  f36042b6a203 Downloading 4.194MB
    node-gitlab:  593a7107a1a7 Downloading 6.291MB
    node-gitlab:  857cc8cb19c0 Downloading 6.291MB
    node-gitlab:  f36042b6a203 Downloading 4.194MB
    node-gitlab:  593a7107a1a7 Downloading 6.291MB
    node-gitlab:  857cc8cb19c0 Downloading 6.291MB
    node-gitlab:  f36042b6a203 Downloading 4.194MB
    node-gitlab:  593a7107a1a7 Downloading 6.291MB
    node-gitlab:  593a7107a1a7 Downloading 7.34MB
    node-gitlab:  857cc8cb19c0 Downloading 7.34MB
    node-gitlab:  f36042b6a203 Downloading 5.243MB
    node-gitlab:  857cc8cb19c0 Downloading 7.34MB
    node-gitlab:  f36042b6a203 Downloading 5.243MB
    node-gitlab:  593a7107a1a7 Downloading 7.34MB
    node-gitlab:  857cc8cb19c0 Downloading 7.34MB
    node-gitlab:  f36042b6a203 Downloading 5.243MB
    node-gitlab:  593a7107a1a7 Downloading 7.537MB
    node-gitlab:  857cc8cb19c0 Downloading 8.389MB
    node-gitlab:  f36042b6a203 Downloading 5.243MB
    node-gitlab:  593a7107a1a7 Downloading 8.389MB
    node-gitlab:  593a7107a1a7 Downloading 8.389MB
    node-gitlab:  857cc8cb19c0 Downloading 8.389MB
    node-gitlab:  f36042b6a203 Downloading 6.291MB
    node-gitlab:  857cc8cb19c0 Downloading 8.389MB
    node-gitlab:  f36042b6a203 Downloading 6.291MB
    node-gitlab:  593a7107a1a7 Downloading 8.389MB
    node-gitlab:  593a7107a1a7 Downloading 9.437MB
    node-gitlab:  857cc8cb19c0 Downloading 9.437MB
    node-gitlab:  f36042b6a203 Downloading 7.34MB
    node-gitlab:  f36042b6a203 Downloading 7.34MB
    node-gitlab:  593a7107a1a7 Downloading 9.437MB
    node-gitlab:  857cc8cb19c0 Downloading 9.437MB
    node-gitlab:  857cc8cb19c0 Downloading 9.437MB
    node-gitlab:  f36042b6a203 Downloading 7.34MB
    node-gitlab:  593a7107a1a7 Downloading 10.49MB
    node-gitlab:  857cc8cb19c0 Downloading 9.437MB
    node-gitlab:  f36042b6a203 Downloading 7.34MB
    node-gitlab:  593a7107a1a7 Downloading 10.49MB
    node-gitlab:  857cc8cb19c0 Downloading 10.49MB
    node-gitlab:  f36042b6a203 Downloading 8.389MB
    node-gitlab:  593a7107a1a7 Downloading 10.49MB
    node-gitlab:  857cc8cb19c0 Downloading 10.49MB
    node-gitlab:  f36042b6a203 Downloading 8.389MB
    node-gitlab:  593a7107a1a7 Downloading 11.53MB
    node-gitlab:  593a7107a1a7 Downloading 11.53MB
    node-gitlab:  857cc8cb19c0 Downloading 10.49MB
    node-gitlab:  f36042b6a203 Downloading 8.389MB
    node-gitlab:  f36042b6a203 Downloading 8.389MB
    node-gitlab:  593a7107a1a7 Downloading 11.53MB
    node-gitlab:  857cc8cb19c0 Downloading 10.49MB
    node-gitlab:  593a7107a1a7 Downloading 11.86MB
    node-gitlab:  857cc8cb19c0 Downloading 11.53MB
    node-gitlab:  f36042b6a203 Downloading 9.437MB
    node-gitlab:  f36042b6a203 Downloading 10.49MB
    node-gitlab:  593a7107a1a7 Downloading 12.58MB
    node-gitlab:  857cc8cb19c0 Downloading 11.53MB
    node-gitlab:  857cc8cb19c0 Downloading 11.53MB
    node-gitlab:  f36042b6a203 Downloading 10.49MB
    node-gitlab:  593a7107a1a7 Downloading 12.58MB
    node-gitlab:  857cc8cb19c0 Downloading 12.58MB
    node-gitlab:  f36042b6a203 Downloading 10.49MB
    node-gitlab:  593a7107a1a7 Downloading 12.58MB
    node-gitlab:  857cc8cb19c0 Downloading 12.58MB
    node-gitlab:  f36042b6a203 Downloading 10.49MB
    node-gitlab:  593a7107a1a7 Downloading 13.63MB
    node-gitlab:  f36042b6a203 Downloading 11.53MB
    node-gitlab:  593a7107a1a7 Downloading 13.63MB
    node-gitlab:  857cc8cb19c0 Downloading 13.63MB
    node-gitlab:  857cc8cb19c0 Downloading 13.63MB
    node-gitlab:  f36042b6a203 Downloading 11.53MB
    node-gitlab:  593a7107a1a7 Downloading 14.68MB
    node-gitlab:  857cc8cb19c0 Downloading 13.63MB
    node-gitlab:  f36042b6a203 Downloading 12.58MB
    node-gitlab:  593a7107a1a7 Downloading 14.68MB
    node-gitlab:  f36042b6a203 Downloading 12.58MB
    node-gitlab:  593a7107a1a7 Downloading 15.73MB
    node-gitlab:  857cc8cb19c0 Downloading 14.68MB
    node-gitlab:  593a7107a1a7 Downloading 15.73MB
    node-gitlab:  857cc8cb19c0 Downloading 14.68MB
    node-gitlab:  f36042b6a203 Downloading 12.58MB
    node-gitlab:  593a7107a1a7 Downloading 15.73MB
    node-gitlab:  857cc8cb19c0 Downloading 14.68MB
    node-gitlab:  f36042b6a203 Downloading 13.63MB
    node-gitlab:  857cc8cb19c0 Downloading 15.73MB
    node-gitlab:  f36042b6a203 Downloading 13.63MB
    node-gitlab:  593a7107a1a7 Downloading 16.78MB
    node-gitlab:  857cc8cb19c0 Downloading 15.73MB
    node-gitlab:  f36042b6a203 Downloading 14.68MB
    node-gitlab:  593a7107a1a7 Downloading 16.78MB
    node-gitlab:  593a7107a1a7 Downloading 17.83MB
    node-gitlab:  857cc8cb19c0 Downloading 16.78MB
    node-gitlab:  f36042b6a203 Downloading 14.68MB
    node-gitlab:  857cc8cb19c0 Downloading 16.78MB
    node-gitlab:  f36042b6a203 Downloading 14.68MB
    node-gitlab:  593a7107a1a7 Downloading 17.83MB
    node-gitlab:  593a7107a1a7 Downloading 17.83MB
    node-gitlab:  857cc8cb19c0 Downloading 16.78MB
    node-gitlab:  f36042b6a203 Downloading 15.73MB
    node-gitlab:  593a7107a1a7 Downloading 17.83MB
    node-gitlab:  857cc8cb19c0 Downloading 17.83MB
    node-gitlab:  f36042b6a203 Downloading 15.73MB
    node-gitlab:  857cc8cb19c0 Downloading 17.83MB
    node-gitlab:  f36042b6a203 Downloading 16.78MB
    node-gitlab:  593a7107a1a7 Downloading 18.87MB
    node-gitlab:  857cc8cb19c0 Downloading 17.9MB
    node-gitlab:  f36042b6a203 Downloading 16.8MB
    node-gitlab:  593a7107a1a7 Downloading 18.87MB
    node-gitlab:  857cc8cb19c0 Downloading 18.87MB
    node-gitlab:  f36042b6a203 Downloading 17.16MB
    node-gitlab:  593a7107a1a7 Downloading 19.92MB
    node-gitlab:  857cc8cb19c0 Downloading 18.87MB
    node-gitlab:  f36042b6a203 Download complete 0B
    node-gitlab:  593a7107a1a7 Downloading 19.92MB
    node-gitlab:  593a7107a1a7 Downloading 20.97MB
    node-gitlab:  857cc8cb19c0 Downloading 19.92MB
    node-gitlab:  593a7107a1a7 Downloading 20.97MB
    node-gitlab:  857cc8cb19c0 Downloading 19.92MB
    node-gitlab:  593a7107a1a7 Downloading 22.02MB
    node-gitlab:  857cc8cb19c0 Downloading 20.97MB
    node-gitlab:  593a7107a1a7 Downloading 22.02MB
    node-gitlab:  857cc8cb19c0 Downloading 22.02MB
    node-gitlab:  857cc8cb19c0 Downloading 22.02MB
    node-gitlab:  593a7107a1a7 Downloading 23.07MB
    node-gitlab:  593a7107a1a7 Downloading 23.07MB
    node-gitlab:  857cc8cb19c0 Downloading 23.07MB
    node-gitlab:  593a7107a1a7 Downloading 23.07MB
    node-gitlab:  857cc8cb19c0 Downloading 23.07MB
    node-gitlab:  593a7107a1a7 Downloading 24.12MB
    node-gitlab:  857cc8cb19c0 Downloading 24.12MB
    node-gitlab:  857cc8cb19c0 Downloading 24.12MB
    node-gitlab:  593a7107a1a7 Downloading 24.12MB
    node-gitlab:  593a7107a1a7 Downloading 24.12MB
    node-gitlab:  857cc8cb19c0 Downloading 24.12MB
    node-gitlab:  593a7107a1a7 Downloading 25.17MB
    node-gitlab:  857cc8cb19c0 Downloading 24.85MB
    node-gitlab:  857cc8cb19c0 Downloading 25.17MB
    node-gitlab:  593a7107a1a7 Downloading 25.17MB
    node-gitlab:  857cc8cb19c0 Downloading 26.21MB
    node-gitlab:  593a7107a1a7 Downloading 26.21MB
    node-gitlab:  593a7107a1a7 Downloading 26.21MB
    node-gitlab:  857cc8cb19c0 Downloading 26.21MB
    node-gitlab:  857cc8cb19c0 Downloading 27.26MB
    node-gitlab:  593a7107a1a7 Downloading 26.22MB
    node-gitlab:  857cc8cb19c0 Downloading 27.26MB
    node-gitlab:  593a7107a1a7 Downloading 27.26MB
    node-gitlab:  593a7107a1a7 Downloading 27.26MB
    node-gitlab:  857cc8cb19c0 Downloading 28.31MB
    node-gitlab:  857cc8cb19c0 Downloading 28.31MB
    node-gitlab:  593a7107a1a7 Downloading 27.26MB
    node-gitlab:  593a7107a1a7 Downloading 28.31MB
    node-gitlab:  857cc8cb19c0 Downloading 28.4MB
    node-gitlab:  857cc8cb19c0 Downloading 29.54MB
    node-gitlab:  593a7107a1a7 Downloading 28.31MB
    node-gitlab:  593a7107a1a7 Downloading 29.36MB
    node-gitlab:  857cc8cb19c0 Downloading 29.54MB
    node-gitlab:  857cc8cb19c0 Download complete 0B
    node-gitlab:  593a7107a1a7 Downloading 29.36MB
    node-gitlab:  857cc8cb19c0 Extracting 1B
    node-gitlab:  593a7107a1a7 Downloading 30.41MB
    node-gitlab:  857cc8cb19c0 Extracting 1B
    node-gitlab:  593a7107a1a7 Downloading 30.41MB
    node-gitlab:  857cc8cb19c0 Extracting 1B
    node-gitlab:  593a7107a1a7 Downloading 30.41MB
    node-gitlab:  857cc8cb19c0 Extracting 1B
    node-gitlab:  593a7107a1a7 Downloading 31.46MB
    node-gitlab:  857cc8cb19c0 Extracting 1B
    node-gitlab:  593a7107a1a7 Downloading 31.46MB
    node-gitlab:  857cc8cb19c0 Extracting 1B
    node-gitlab:  593a7107a1a7 Downloading 31.46MB
    node-gitlab:  857cc8cb19c0 Extracting 1B
    node-gitlab:  593a7107a1a7 Downloading 33.55MB
    node-gitlab:  857cc8cb19c0 Extracting 1B
    node-gitlab:  593a7107a1a7 Downloading 33.55MB
    node-gitlab:  857cc8cb19c0 Extracting 1B
    node-gitlab:  593a7107a1a7 Downloading 34.6MB
    node-gitlab:  857cc8cb19c0 Extracting 2B
    node-gitlab:  593a7107a1a7 Downloading 35.65MB
    node-gitlab:  857cc8cb19c0 Extracting 2B
    node-gitlab:  593a7107a1a7 Downloading 35.65MB
    node-gitlab:  857cc8cb19c0 Extracting 2B
    node-gitlab:  593a7107a1a7 Downloading 36.7MB
    node-gitlab:  857cc8cb19c0 Extracting 2B
    node-gitlab:  593a7107a1a7 Downloading 37.75MB
    node-gitlab:  857cc8cb19c0 Extracting 2B
    node-gitlab:  593a7107a1a7 Downloading 37.75MB
    node-gitlab:  857cc8cb19c0 Extracting 2B
    node-gitlab:  593a7107a1a7 Downloading 38.8MB
    node-gitlab:  857cc8cb19c0 Extracting 2B
    node-gitlab:  593a7107a1a7 Downloading 39.85MB
    node-gitlab:  857cc8cb19c0 Extracting 2B
    node-gitlab:  593a7107a1a7 Downloading 40.89MB
    node-gitlab:  857cc8cb19c0 Extracting 2B
    node-gitlab:  593a7107a1a7 Downloading 41.21MB
    node-gitlab:  857cc8cb19c0 Extracting 2B
    node-gitlab:  593a7107a1a7 Downloading 41.94MB
    node-gitlab:  857cc8cb19c0 Extracting 3B
    node-gitlab:  593a7107a1a7 Downloading 41.94MB
    node-gitlab:  857cc8cb19c0 Extracting 3B
    node-gitlab:  593a7107a1a7 Downloading 42.99MB
    node-gitlab:  857cc8cb19c0 Extracting 3B
    node-gitlab:  593a7107a1a7 Downloading 42.99MB
    node-gitlab:  857cc8cb19c0 Extracting 3B
    node-gitlab:  593a7107a1a7 Downloading 44.04MB
    node-gitlab:  857cc8cb19c0 Extracting 3B
    node-gitlab:  593a7107a1a7 Downloading 44.04MB
    node-gitlab:  857cc8cb19c0 Extracting 3B
    node-gitlab:  593a7107a1a7 Downloading 44.14MB
    node-gitlab:  857cc8cb19c0 Extracting 3B
    node-gitlab:  593a7107a1a7 Downloading 45.09MB
    node-gitlab:  857cc8cb19c0 Extracting 3B
    node-gitlab:  593a7107a1a7 Downloading 45.09MB
    node-gitlab:  857cc8cb19c0 Extracting 3B
    node-gitlab:  593a7107a1a7 Downloading 47.19MB
    node-gitlab:  857cc8cb19c0 Extracting 3B
    node-gitlab:  593a7107a1a7 Downloading 48.23MB
    node-gitlab:  857cc8cb19c0 Extracting 4B
    node-gitlab:  593a7107a1a7 Downloading 48.23MB
    node-gitlab:  857cc8cb19c0 Extracting 4B
    node-gitlab:  593a7107a1a7 Downloading 49.28MB
    node-gitlab:  857cc8cb19c0 Extracting 4B
    node-gitlab:  593a7107a1a7 Downloading 50.33MB
    node-gitlab:  857cc8cb19c0 Extracting 4B
    node-gitlab:  593a7107a1a7 Downloading 51.38MB
    node-gitlab:  857cc8cb19c0 Extracting 4B
    node-gitlab:  593a7107a1a7 Downloading 52.43MB
    node-gitlab:  857cc8cb19c0 Extracting 4B
    node-gitlab:  593a7107a1a7 Downloading 52.43MB
    node-gitlab:  857cc8cb19c0 Extracting 4B
    node-gitlab:  593a7107a1a7 Downloading 53.48MB
    node-gitlab:  857cc8cb19c0 Extracting 4B
    node-gitlab:  593a7107a1a7 Downloading 54.53MB
    node-gitlab:  857cc8cb19c0 Extracting 4B
    node-gitlab:  593a7107a1a7 Downloading 54.53MB
    node-gitlab:  857cc8cb19c0 Extracting 4B
    node-gitlab:  593a7107a1a7 Downloading 55.57MB
    node-gitlab:  857cc8cb19c0 Extracting 5B
    node-gitlab:  593a7107a1a7 Downloading 55.57MB
    node-gitlab:  857cc8cb19c0 Extracting 5B
    node-gitlab:  593a7107a1a7 Downloading 56.62MB
    node-gitlab:  857cc8cb19c0 Extracting 5B
    node-gitlab:  593a7107a1a7 Downloading 57.5MB
    node-gitlab:  857cc8cb19c0 Extracting 5B
    node-gitlab:  593a7107a1a7 Downloading 57.67MB
    node-gitlab:  857cc8cb19c0 Extracting 5B
    node-gitlab:  593a7107a1a7 Downloading 58.72MB
    node-gitlab:  857cc8cb19c0 Extracting 5B
    node-gitlab:  593a7107a1a7 Downloading 58.72MB
    node-gitlab:  857cc8cb19c0 Extracting 5B
    node-gitlab:  593a7107a1a7 Downloading 59.77MB
    node-gitlab:  857cc8cb19c0 Extracting 5B
    node-gitlab:  593a7107a1a7 Downloading 60.82MB
    node-gitlab:  857cc8cb19c0 Extracting 5B
    node-gitlab:  593a7107a1a7 Downloading 60.82MB
    node-gitlab:  857cc8cb19c0 Extracting 5B
    node-gitlab:  593a7107a1a7 Downloading 61.87MB
    node-gitlab:  857cc8cb19c0 Extracting 6B
    node-gitlab:  593a7107a1a7 Downloading 62.91MB
    node-gitlab:  857cc8cb19c0 Extracting 6B
    node-gitlab:  593a7107a1a7 Downloading 63.12MB
    node-gitlab:  857cc8cb19c0 Extracting 6B
    node-gitlab:  593a7107a1a7 Downloading 63.96MB
    node-gitlab:  857cc8cb19c0 Extracting 6B
    node-gitlab:  593a7107a1a7 Downloading 65.01MB
    node-gitlab:  857cc8cb19c0 Extracting 6B
    node-gitlab:  593a7107a1a7 Downloading 66.06MB
    node-gitlab:  857cc8cb19c0 Extracting 6B
    node-gitlab:  593a7107a1a7 Downloading 66.06MB
    node-gitlab:  857cc8cb19c0 Extracting 6B
    node-gitlab:  593a7107a1a7 Downloading 67.11MB
    node-gitlab:  857cc8cb19c0 Extracting 6B
    node-gitlab:  593a7107a1a7 Downloading 67.53MB
    node-gitlab:  857cc8cb19c0 Extracting 6B
    node-gitlab:  593a7107a1a7 Downloading 68.16MB
    node-gitlab:  857cc8cb19c0 Extracting 6B
    node-gitlab:  593a7107a1a7 Downloading 68.76MB
    node-gitlab:  857cc8cb19c0 Extracting 7B
    node-gitlab:  593a7107a1a7 Downloading 69.21MB
    node-gitlab:  857cc8cb19c0 Extracting 7B
    node-gitlab:  593a7107a1a7 Downloading 70.25MB
    node-gitlab:  857cc8cb19c0 Extracting 7B
    node-gitlab:  593a7107a1a7 Downloading 70.25MB
    node-gitlab:  857cc8cb19c0 Extracting 7B
    node-gitlab:  593a7107a1a7 Downloading 71.3MB
    node-gitlab:  857cc8cb19c0 Extracting 7B
    node-gitlab:  593a7107a1a7 Downloading 72.35MB
    node-gitlab:  857cc8cb19c0 Extracting 7B
    node-gitlab:  593a7107a1a7 Downloading 72.89MB
    node-gitlab:  857cc8cb19c0 Extracting 7B
    node-gitlab:  593a7107a1a7 Downloading 73.4MB
    node-gitlab:  857cc8cb19c0 Extracting 7B
    node-gitlab:  593a7107a1a7 Downloading 74.45MB
    node-gitlab:  857cc8cb19c0 Extracting 7B
    node-gitlab:  593a7107a1a7 Downloading 74.45MB
    node-gitlab:  857cc8cb19c0 Extracting 7B
    node-gitlab:  593a7107a1a7 Downloading 75.5MB
    node-gitlab:  857cc8cb19c0 Extracting 8B
    node-gitlab:  593a7107a1a7 Downloading 75.5MB
    node-gitlab:  857cc8cb19c0 Extracting 8B
    node-gitlab:  593a7107a1a7 Downloading 76.55MB
    node-gitlab:  857cc8cb19c0 Extracting 8B
    node-gitlab:  593a7107a1a7 Downloading 77.59MB
    node-gitlab:  857cc8cb19c0 Extracting 8B
    node-gitlab:  593a7107a1a7 Downloading 77.59MB
    node-gitlab:  857cc8cb19c0 Extracting 8B
    node-gitlab:  593a7107a1a7 Downloading 78.04MB
    node-gitlab:  857cc8cb19c0 Extracting 8B
    node-gitlab:  593a7107a1a7 Downloading 78.64MB
    node-gitlab:  857cc8cb19c0 Extracting 8B
    node-gitlab:  593a7107a1a7 Downloading 78.64MB
    node-gitlab:  857cc8cb19c0 Extracting 8B
    node-gitlab:  593a7107a1a7 Downloading 79.69MB
    node-gitlab:  857cc8cb19c0 Extracting 9B
    node-gitlab:  593a7107a1a7 Downloading 79.69MB
    node-gitlab:  857cc8cb19c0 Extracting 9B
    node-gitlab:  593a7107a1a7 Downloading 79.7MB
    node-gitlab:  857cc8cb19c0 Extracting 9B
    node-gitlab:  593a7107a1a7 Downloading 80.74MB
    node-gitlab:  857cc8cb19c0 Extracting 9B
    node-gitlab:  593a7107a1a7 Downloading 81.79MB
    node-gitlab:  857cc8cb19c0 Extracting 9B
    node-gitlab:  593a7107a1a7 Downloading 82.07MB
    node-gitlab:  857cc8cb19c0 Extracting 9B
    node-gitlab:  593a7107a1a7 Downloading 82.84MB
    node-gitlab:  857cc8cb19c0 Extracting 9B
    node-gitlab:  593a7107a1a7 Downloading 83.26MB
    node-gitlab:  857cc8cb19c0 Extracting 9B
    node-gitlab:  593a7107a1a7 Downloading 83.73MB
    node-gitlab:  857cc8cb19c0 Extracting 9B
    node-gitlab:  593a7107a1a7 Downloading 84.93MB
    node-gitlab:  857cc8cb19c0 Extracting 9B
    node-gitlab:  593a7107a1a7 Downloading 84.93MB
    node-gitlab:  857cc8cb19c0 Extracting 9B
    node-gitlab:  593a7107a1a7 Downloading 85.98MB
    node-gitlab:  857cc8cb19c0 Extracting 10B
    node-gitlab:  593a7107a1a7 Downloading 86.56MB
    node-gitlab:  857cc8cb19c0 Extracting 10B
    node-gitlab:  593a7107a1a7 Downloading 87.03MB
    node-gitlab:  857cc8cb19c0 Extracting 10B
    node-gitlab:  593a7107a1a7 Downloading 88.08MB
    node-gitlab:  857cc8cb19c0 Extracting 10B
    node-gitlab:  593a7107a1a7 Downloading 88.08MB
    node-gitlab:  857cc8cb19c0 Extracting 10B
    node-gitlab:  593a7107a1a7 Downloading 89.13MB
    node-gitlab:  857cc8cb19c0 Extracting 10B
    node-gitlab:  593a7107a1a7 Downloading 90.18MB
    node-gitlab:  857cc8cb19c0 Extracting 10B
    node-gitlab:  593a7107a1a7 Downloading 90.18MB
    node-gitlab:  857cc8cb19c0 Extracting 10B
    node-gitlab:  593a7107a1a7 Downloading 91.23MB
    node-gitlab:  857cc8cb19c0 Extracting 10B
    node-gitlab:  593a7107a1a7 Downloading 92.27MB
    node-gitlab:  857cc8cb19c0 Extracting 10B
    node-gitlab:  593a7107a1a7 Downloading 92.27MB
    node-gitlab:  857cc8cb19c0 Extracting 11B
    node-gitlab:  593a7107a1a7 Downloading 93.32MB
    node-gitlab:  857cc8cb19c0 Extracting 11B
    node-gitlab:  593a7107a1a7 Downloading 94.37MB
    node-gitlab:  857cc8cb19c0 Extracting 11B
    node-gitlab:  593a7107a1a7 Downloading 94.37MB
    node-gitlab:  857cc8cb19c0 Extracting 11B
    node-gitlab:  593a7107a1a7 Downloading 95.42MB
    node-gitlab:  857cc8cb19c0 Extracting 11B
    node-gitlab:  593a7107a1a7 Downloading 95.81MB
    node-gitlab:  857cc8cb19c0 Extracting 11B
    node-gitlab:  593a7107a1a7 Downloading 96.47MB
    node-gitlab:  857cc8cb19c0 Extracting 11B
    node-gitlab:  593a7107a1a7 Downloading 97.52MB
    node-gitlab:  857cc8cb19c0 Extracting 11B
    node-gitlab:  593a7107a1a7 Downloading 98.57MB
    node-gitlab:  857cc8cb19c0 Extracting 11B
    node-gitlab:  593a7107a1a7 Downloading 98.57MB
    node-gitlab:  857cc8cb19c0 Extracting 11B
    node-gitlab:  593a7107a1a7 Downloading 99.61MB
    node-gitlab:  857cc8cb19c0 Extracting 12B
    node-gitlab:  593a7107a1a7 Downloading 100.7MB
    node-gitlab:  857cc8cb19c0 Extracting 12B
    node-gitlab:  593a7107a1a7 Downloading 101.1MB
    node-gitlab:  857cc8cb19c0 Extracting 12B
    node-gitlab:  593a7107a1a7 Downloading 101.7MB
    node-gitlab:  857cc8cb19c0 Extracting 12B
    node-gitlab:  593a7107a1a7 Downloading 101.7MB
    node-gitlab:  857cc8cb19c0 Extracting 12B
    node-gitlab:  593a7107a1a7 Downloading 102.8MB
    node-gitlab:  857cc8cb19c0 Extracting 12B
    node-gitlab:  593a7107a1a7 Downloading 102.8MB
    node-gitlab:  857cc8cb19c0 Extracting 12B
    node-gitlab:  593a7107a1a7 Downloading 103.8MB
    node-gitlab:  857cc8cb19c0 Extracting 12B
    node-gitlab:  593a7107a1a7 Downloading 104.5MB
    node-gitlab:  857cc8cb19c0 Extracting 12B
    node-gitlab:  593a7107a1a7 Downloading 104.9MB
    node-gitlab:  857cc8cb19c0 Extracting 13B
    node-gitlab:  593a7107a1a7 Downloading 105.9MB
    node-gitlab:  857cc8cb19c0 Extracting 13B
    node-gitlab:  593a7107a1a7 Downloading 106.4MB
    node-gitlab:  857cc8cb19c0 Extracting 13B
    node-gitlab:  593a7107a1a7 Downloading 107MB
    node-gitlab:  857cc8cb19c0 Extracting 13B
    node-gitlab:  593a7107a1a7 Downloading 108MB
    node-gitlab:  857cc8cb19c0 Extracting 13B
    node-gitlab:  593a7107a1a7 Downloading 108MB
    node-gitlab:  857cc8cb19c0 Extracting 13B
    node-gitlab:  593a7107a1a7 Downloading 109.1MB
    node-gitlab:  857cc8cb19c0 Extracting 13B
    node-gitlab:  593a7107a1a7 Downloading 110.1MB
    node-gitlab:  857cc8cb19c0 Extracting 13B
    node-gitlab:  593a7107a1a7 Downloading 110.1MB
    node-gitlab:  857cc8cb19c0 Extracting 13B
    node-gitlab:  593a7107a1a7 Downloading 111.1MB
    node-gitlab:  857cc8cb19c0 Extracting 13B
    node-gitlab:  593a7107a1a7 Downloading 112.2MB
    node-gitlab:  857cc8cb19c0 Extracting 14B
    node-gitlab:  593a7107a1a7 Downloading 113.2MB
    node-gitlab:  857cc8cb19c0 Extracting 14B
    node-gitlab:  593a7107a1a7 Downloading 113.2MB
    node-gitlab:  857cc8cb19c0 Extracting 14B
    node-gitlab:  593a7107a1a7 Downloading 114MB
    node-gitlab:  857cc8cb19c0 Extracting 14B
    node-gitlab:  593a7107a1a7 Downloading 114.3MB
    node-gitlab:  857cc8cb19c0 Extracting 14B
    node-gitlab:  593a7107a1a7 Downloading 114.3MB
    node-gitlab:  857cc8cb19c0 Extracting 14B
    node-gitlab:  593a7107a1a7 Downloading 115.3MB
    node-gitlab:  857cc8cb19c0 Extracting 14B
    node-gitlab:  593a7107a1a7 Downloading 115.3MB
    node-gitlab:  857cc8cb19c0 Extracting 14B
    node-gitlab:  593a7107a1a7 Downloading 116.4MB
    node-gitlab:  593a7107a1a7 Downloading 116.4MB
    node-gitlab:  857cc8cb19c0 Pull complete 0B
    node-gitlab:  593a7107a1a7 Downloading 117.4MB
    node-gitlab:  593a7107a1a7 Downloading 117.9MB
    node-gitlab:  593a7107a1a7 Downloading 118.5MB
    node-gitlab:  015434abbe99 Pull complete 0B
    node-gitlab:  f36042b6a203 Extracting 1B
    node-gitlab:  593a7107a1a7 Downloading 119.5MB
    node-gitlab:  f36042b6a203 Extracting 1B
    node-gitlab:  593a7107a1a7 Downloading 120.6MB
    node-gitlab:  f36042b6a203 Extracting 1B
    node-gitlab:  593a7107a1a7 Downloading 120.6MB
    node-gitlab:  f36042b6a203 Extracting 1B
    node-gitlab:  593a7107a1a7 Downloading 121.6MB
    node-gitlab:  f36042b6a203 Extracting 1B
    node-gitlab:  593a7107a1a7 Downloading 122.4MB
    node-gitlab:  f36042b6a203 Extracting 1B
    node-gitlab:  593a7107a1a7 Downloading 122.7MB
    node-gitlab:  f36042b6a203 Extracting 1B
    node-gitlab:  593a7107a1a7 Downloading 123.7MB
    node-gitlab:  f36042b6a203 Extracting 1B
    node-gitlab:  593a7107a1a7 Downloading 124.4MB
    node-gitlab:  f36042b6a203 Extracting 1B
    node-gitlab:  593a7107a1a7 Downloading 124.8MB
    node-gitlab:  f36042b6a203 Extracting 1B
    node-gitlab:  593a7107a1a7 Downloading 125.8MB
    node-gitlab:  f36042b6a203 Extracting 2B
    node-gitlab:  593a7107a1a7 Downloading 126.5MB
    node-gitlab:  f36042b6a203 Extracting 2B
    node-gitlab:  593a7107a1a7 Downloading 126.9MB
    node-gitlab:  f36042b6a203 Extracting 2B
    node-gitlab:  593a7107a1a7 Downloading 127.9MB
    node-gitlab:  f36042b6a203 Extracting 2B
    node-gitlab:  593a7107a1a7 Downloading 128.5MB
    node-gitlab:  f36042b6a203 Extracting 2B
    node-gitlab:  593a7107a1a7 Downloading 129MB
    node-gitlab:  f36042b6a203 Extracting 2B
    node-gitlab:  593a7107a1a7 Downloading 130MB
    node-gitlab:  f36042b6a203 Extracting 2B
    node-gitlab:  593a7107a1a7 Downloading 131.1MB
    node-gitlab:  f36042b6a203 Extracting 2B
    node-gitlab:  593a7107a1a7 Downloading 131.1MB
    node-gitlab:  f36042b6a203 Extracting 2B
    node-gitlab:  593a7107a1a7 Downloading 132.1MB
    node-gitlab:  f36042b6a203 Extracting 2B
    node-gitlab:  593a7107a1a7 Downloading 132.5MB
    node-gitlab:  f36042b6a203 Extracting 2B
    node-gitlab:  593a7107a1a7 Downloading 133.2MB
    node-gitlab:  f36042b6a203 Extracting 3B
    node-gitlab:  593a7107a1a7 Downloading 134.2MB
    node-gitlab:  f36042b6a203 Extracting 3B
    node-gitlab:  593a7107a1a7 Downloading 134.2MB
    node-gitlab:  f36042b6a203 Extracting 3B
    node-gitlab:  593a7107a1a7 Downloading 135.3MB
    node-gitlab:  f36042b6a203 Extracting 3B
    node-gitlab:  593a7107a1a7 Downloading 135.3MB
    node-gitlab:  f36042b6a203 Extracting 3B
    node-gitlab:  593a7107a1a7 Downloading 136.3MB
    node-gitlab:  f36042b6a203 Extracting 3B
    node-gitlab:  593a7107a1a7 Downloading 136.3MB
    node-gitlab:  f36042b6a203 Extracting 3B
    node-gitlab:  593a7107a1a7 Downloading 137MB
    node-gitlab:  f36042b6a203 Extracting 3B
    node-gitlab:  593a7107a1a7 Downloading 138.4MB
    node-gitlab:  f36042b6a203 Extracting 3B
    node-gitlab:  593a7107a1a7 Downloading 138.5MB
    node-gitlab:  f36042b6a203 Extracting 4B
    node-gitlab:  593a7107a1a7 Downloading 139.5MB
    node-gitlab:  f36042b6a203 Extracting 4B
    node-gitlab:  593a7107a1a7 Downloading 140.1MB
    node-gitlab:  f36042b6a203 Extracting 4B
    node-gitlab:  593a7107a1a7 Downloading 140.5MB
    node-gitlab:  f36042b6a203 Extracting 4B
    node-gitlab:  593a7107a1a7 Downloading 141.6MB
    node-gitlab:  f36042b6a203 Extracting 4B
    node-gitlab:  593a7107a1a7 Downloading 141.6MB
    node-gitlab:  f36042b6a203 Extracting 4B
    node-gitlab:  593a7107a1a7 Downloading 142.6MB
    node-gitlab:  f36042b6a203 Extracting 4B
    node-gitlab:  593a7107a1a7 Downloading 143.1MB
    node-gitlab:  f36042b6a203 Extracting 4B
    node-gitlab:  593a7107a1a7 Downloading 143.7MB
    node-gitlab:  f36042b6a203 Extracting 4B
    node-gitlab:  593a7107a1a7 Downloading 143.7MB
    node-gitlab:  f36042b6a203 Extracting 4B
    node-gitlab:  593a7107a1a7 Downloading 144.7MB
    node-gitlab:  f36042b6a203 Extracting 5B
    node-gitlab:  593a7107a1a7 Downloading 145.6MB
    node-gitlab:  f36042b6a203 Extracting 5B
    node-gitlab:  593a7107a1a7 Downloading 145.8MB
    node-gitlab:  f36042b6a203 Extracting 5B
    node-gitlab:  593a7107a1a7 Downloading 146.8MB
    node-gitlab:  f36042b6a203 Extracting 5B
    node-gitlab:  593a7107a1a7 Downloading 147.8MB
    node-gitlab:  f36042b6a203 Extracting 5B
    node-gitlab:  593a7107a1a7 Downloading 148.4MB
    node-gitlab:  f36042b6a203 Extracting 5B
    node-gitlab:  593a7107a1a7 Downloading 148.9MB
    node-gitlab:  f36042b6a203 Extracting 5B
    node-gitlab:  593a7107a1a7 Downloading 149.4MB
    node-gitlab:  f36042b6a203 Extracting 5B
    node-gitlab:  593a7107a1a7 Downloading 149.9MB
    node-gitlab:  f36042b6a203 Extracting 5B
    node-gitlab:  593a7107a1a7 Downloading 150.2MB
    node-gitlab:  f36042b6a203 Extracting 5B
    node-gitlab:  593a7107a1a7 Downloading 151MB
    node-gitlab:  f36042b6a203 Extracting 6B
    node-gitlab:  593a7107a1a7 Downloading 151MB
    node-gitlab:  f36042b6a203 Extracting 6B
    node-gitlab:  593a7107a1a7 Downloading 151MB
    node-gitlab:  f36042b6a203 Extracting 6B
    node-gitlab:  593a7107a1a7 Downloading 152MB
    node-gitlab:  f36042b6a203 Extracting 6B
    node-gitlab:  593a7107a1a7 Downloading 152MB
    node-gitlab:  f36042b6a203 Extracting 6B
    node-gitlab:  593a7107a1a7 Downloading 153.1MB
    node-gitlab:  f36042b6a203 Extracting 6B
    node-gitlab:  593a7107a1a7 Downloading 154.1MB
    node-gitlab:  f36042b6a203 Extracting 6B
    node-gitlab:  593a7107a1a7 Downloading 155.2MB
    node-gitlab:  f36042b6a203 Extracting 6B
    node-gitlab:  593a7107a1a7 Downloading 155.3MB
    node-gitlab:  f36042b6a203 Extracting 6B
    node-gitlab:  593a7107a1a7 Downloading 156.2MB
    node-gitlab:  f36042b6a203 Extracting 6B
    node-gitlab:  593a7107a1a7 Downloading 156.2MB
    node-gitlab:  f36042b6a203 Extracting 7B
    node-gitlab:  593a7107a1a7 Downloading 157.3MB
    node-gitlab:  f36042b6a203 Extracting 7B
    node-gitlab:  593a7107a1a7 Downloading 157.9MB
    node-gitlab:  f36042b6a203 Extracting 7B
    node-gitlab:  593a7107a1a7 Downloading 158.3MB
    node-gitlab:  f36042b6a203 Extracting 7B
    node-gitlab:  593a7107a1a7 Downloading 158.3MB
    node-gitlab:  f36042b6a203 Extracting 7B
    node-gitlab:  593a7107a1a7 Downloading 159.4MB
    node-gitlab:  f36042b6a203 Extracting 7B
    node-gitlab:  593a7107a1a7 Downloading 160.4MB
    node-gitlab:  f36042b6a203 Extracting 7B
    node-gitlab:  593a7107a1a7 Downloading 161.5MB
    node-gitlab:  f36042b6a203 Extracting 7B
    node-gitlab:  593a7107a1a7 Downloading 161.5MB
    node-gitlab:  f36042b6a203 Extracting 7B
    node-gitlab:  593a7107a1a7 Downloading 161.5MB
    node-gitlab:  f36042b6a203 Extracting 7B
    node-gitlab:  593a7107a1a7 Downloading 162.5MB
    node-gitlab:  f36042b6a203 Extracting 8B
    node-gitlab:  593a7107a1a7 Downloading 163.6MB
    node-gitlab:  f36042b6a203 Extracting 8B
    node-gitlab:  593a7107a1a7 Downloading 163.6MB
    node-gitlab:  f36042b6a203 Extracting 8B
    node-gitlab:  593a7107a1a7 Downloading 164.6MB
    node-gitlab:  f36042b6a203 Extracting 8B
    node-gitlab:  593a7107a1a7 Downloading 164.6MB
    node-gitlab:  f36042b6a203 Extracting 8B
    node-gitlab:  593a7107a1a7 Downloading 165.7MB
    node-gitlab:  f36042b6a203 Extracting 8B
    node-gitlab:  593a7107a1a7 Downloading 166.7MB
    node-gitlab:  f36042b6a203 Extracting 8B
    node-gitlab:  593a7107a1a7 Downloading 166.7MB
    node-gitlab:  f36042b6a203 Extracting 8B
    node-gitlab:  593a7107a1a7 Downloading 167.8MB
    node-gitlab:  f36042b6a203 Extracting 8B
    node-gitlab:  593a7107a1a7 Downloading 167.9MB
    node-gitlab:  f36042b6a203 Extracting 8B
    node-gitlab:  593a7107a1a7 Downloading 168.8MB
    node-gitlab:  f36042b6a203 Extracting 9B
    node-gitlab:  593a7107a1a7 Downloading 169.9MB
    node-gitlab:  f36042b6a203 Extracting 9B
    node-gitlab:  593a7107a1a7 Downloading 169.9MB
    node-gitlab:  f36042b6a203 Extracting 9B
    node-gitlab:  593a7107a1a7 Downloading 170.9MB
    node-gitlab:  f36042b6a203 Extracting 9B
    node-gitlab:  593a7107a1a7 Downloading 170.9MB
    node-gitlab:  f36042b6a203 Extracting 9B
    node-gitlab:  593a7107a1a7 Downloading 171.8MB
    node-gitlab:  f36042b6a203 Extracting 9B
    node-gitlab:  593a7107a1a7 Downloading 172MB
    node-gitlab:  f36042b6a203 Extracting 9B
    node-gitlab:  593a7107a1a7 Downloading 173MB
    node-gitlab:  f36042b6a203 Extracting 9B
    node-gitlab:  593a7107a1a7 Downloading 173MB
    node-gitlab:  f36042b6a203 Extracting 9B
    node-gitlab:  593a7107a1a7 Downloading 173.8MB
    node-gitlab:  f36042b6a203 Extracting 9B
    node-gitlab:  593a7107a1a7 Downloading 174.1MB
    node-gitlab:  f36042b6a203 Extracting 10B
    node-gitlab:  593a7107a1a7 Downloading 174.8MB
    node-gitlab:  f36042b6a203 Extracting 10B
    node-gitlab:  593a7107a1a7 Downloading 175.1MB
    node-gitlab:  f36042b6a203 Extracting 10B
    node-gitlab:  593a7107a1a7 Downloading 175.1MB
    node-gitlab:  f36042b6a203 Extracting 10B
    node-gitlab:  593a7107a1a7 Downloading 176.2MB
    node-gitlab:  f36042b6a203 Extracting 10B
    node-gitlab:  593a7107a1a7 Downloading 177.2MB
    node-gitlab:  f36042b6a203 Extracting 10B
    node-gitlab:  593a7107a1a7 Downloading 177.2MB
    node-gitlab:  f36042b6a203 Extracting 10B
    node-gitlab:  593a7107a1a7 Downloading 178.3MB
    node-gitlab:  f36042b6a203 Extracting 10B
    node-gitlab:  593a7107a1a7 Downloading 179.3MB
    node-gitlab:  f36042b6a203 Extracting 10B
    node-gitlab:  593a7107a1a7 Downloading 179.3MB
    node-gitlab:  f36042b6a203 Extracting 10B
    node-gitlab:  593a7107a1a7 Downloading 180.4MB
    node-gitlab:  f36042b6a203 Extracting 11B
    node-gitlab:  593a7107a1a7 Downloading 180.4MB
    node-gitlab:  f36042b6a203 Extracting 11B
    node-gitlab:  593a7107a1a7 Downloading 181.4MB
    node-gitlab:  f36042b6a203 Extracting 11B
    node-gitlab:  593a7107a1a7 Downloading 181.4MB
    node-gitlab:  f36042b6a203 Extracting 11B
    node-gitlab:  593a7107a1a7 Downloading 182.4MB
    node-gitlab:  f36042b6a203 Extracting 11B
    node-gitlab:  593a7107a1a7 Downloading 182.5MB
    node-gitlab:  f36042b6a203 Extracting 11B
    node-gitlab:  593a7107a1a7 Downloading 182.5MB
    node-gitlab:  f36042b6a203 Extracting 11B
    node-gitlab:  593a7107a1a7 Downloading 183.2MB
    node-gitlab:  f36042b6a203 Extracting 11B
    node-gitlab:  593a7107a1a7 Downloading 183.5MB
    node-gitlab:  f36042b6a203 Extracting 11B
    node-gitlab:  593a7107a1a7 Downloading 183.5MB
    node-gitlab:  f36042b6a203 Extracting 11B
    node-gitlab:  593a7107a1a7 Downloading 183.5MB
    node-gitlab:  f36042b6a203 Extracting 12B
    node-gitlab:  593a7107a1a7 Downloading 184.5MB
    node-gitlab:  f36042b6a203 Extracting 12B
    node-gitlab:  593a7107a1a7 Downloading 184.5MB
    node-gitlab:  f36042b6a203 Extracting 12B
    node-gitlab:  593a7107a1a7 Downloading 185.6MB
    node-gitlab:  f36042b6a203 Extracting 12B
    node-gitlab:  593a7107a1a7 Downloading 186.6MB
    node-gitlab:  f36042b6a203 Extracting 12B
    node-gitlab:  593a7107a1a7 Downloading 186.6MB
    node-gitlab:  f36042b6a203 Extracting 12B
    node-gitlab:  593a7107a1a7 Downloading 187.7MB
    node-gitlab:  f36042b6a203 Extracting 12B
    node-gitlab:  593a7107a1a7 Downloading 188.7MB
    node-gitlab:  f36042b6a203 Extracting 12B
    node-gitlab:  593a7107a1a7 Downloading 188.9MB
    node-gitlab:  f36042b6a203 Extracting 12B
    node-gitlab:  593a7107a1a7 Downloading 189.8MB
    node-gitlab:  f36042b6a203 Extracting 12B
    node-gitlab:  593a7107a1a7 Downloading 190.8MB
    node-gitlab:  f36042b6a203 Extracting 13B
    node-gitlab:  593a7107a1a7 Downloading 191.4MB
    node-gitlab:  f36042b6a203 Extracting 13B
    node-gitlab:  593a7107a1a7 Downloading 191.9MB
    node-gitlab:  f36042b6a203 Extracting 13B
    node-gitlab:  593a7107a1a7 Downloading 192.9MB
    node-gitlab:  f36042b6a203 Extracting 13B
    node-gitlab:  593a7107a1a7 Downloading 193.2MB
    node-gitlab:  f36042b6a203 Extracting 13B
    node-gitlab:  593a7107a1a7 Downloading 194MB
    node-gitlab:  f36042b6a203 Extracting 13B
    node-gitlab:  593a7107a1a7 Downloading 195MB
    node-gitlab:  f36042b6a203 Extracting 13B
    node-gitlab:  593a7107a1a7 Downloading 195MB
    node-gitlab:  f36042b6a203 Extracting 13B
    node-gitlab:  593a7107a1a7 Downloading 196.1MB
    node-gitlab:  f36042b6a203 Extracting 13B
    node-gitlab:  593a7107a1a7 Downloading 196.2MB
    node-gitlab:  f36042b6a203 Extracting 13B
    node-gitlab:  593a7107a1a7 Downloading 197.1MB
    node-gitlab:  f36042b6a203 Extracting 14B
    node-gitlab:  593a7107a1a7 Downloading 197.1MB
    node-gitlab:  f36042b6a203 Extracting 14B
    node-gitlab:  593a7107a1a7 Downloading 198.2MB
    node-gitlab:  f36042b6a203 Extracting 14B
    node-gitlab:  593a7107a1a7 Downloading 199.2MB
    node-gitlab:  f36042b6a203 Extracting 14B
    node-gitlab:  593a7107a1a7 Downloading 199.2MB
    node-gitlab:  f36042b6a203 Extracting 14B
    node-gitlab:  593a7107a1a7 Downloading 200.3MB
    node-gitlab:  f36042b6a203 Extracting 14B
    node-gitlab:  593a7107a1a7 Downloading 200.3MB
    node-gitlab:  f36042b6a203 Extracting 14B
    node-gitlab:  593a7107a1a7 Downloading 201.3MB
    node-gitlab:  f36042b6a203 Extracting 14B
    node-gitlab:  593a7107a1a7 Downloading 202.4MB
    node-gitlab:  f36042b6a203 Extracting 14B
    node-gitlab:  593a7107a1a7 Downloading 202.4MB
    node-gitlab:  f36042b6a203 Extracting 14B
    node-gitlab:  593a7107a1a7 Downloading 202.4MB
    node-gitlab:  f36042b6a203 Extracting 15B
    node-gitlab:  593a7107a1a7 Downloading 203.4MB
    node-gitlab:  f36042b6a203 Extracting 15B
    node-gitlab:  593a7107a1a7 Downloading 204.5MB
    node-gitlab:  f36042b6a203 Extracting 15B
    node-gitlab:  593a7107a1a7 Downloading 204.5MB
    node-gitlab:  f36042b6a203 Extracting 15B
    node-gitlab:  593a7107a1a7 Downloading 205.5MB
    node-gitlab:  593a7107a1a7 Downloading 206.6MB
    node-gitlab:  f36042b6a203 Pull complete 0B
    node-gitlab:  593a7107a1a7 Downloading 206.6MB
    node-gitlab:  a94369ef6758 Extracting 1B
    node-gitlab:  593a7107a1a7 Downloading 207.6MB
    node-gitlab:  a94369ef6758 Extracting 1B
    node-gitlab:  593a7107a1a7 Downloading 207.6MB
    node-gitlab:  a94369ef6758 Pull complete 0B
    node-gitlab:  593a7107a1a7 Downloading 208.7MB
    node-gitlab:  5d1b92dc061c Extracting 1B
    node-gitlab:  593a7107a1a7 Downloading 209.7MB
    node-gitlab:  593a7107a1a7 Downloading 209.7MB
    node-gitlab:  5d1b92dc061c Pull complete 0B
    node-gitlab:  593a7107a1a7 Downloading 210.8MB
    node-gitlab:  459b426ff184 Extracting 1B
    node-gitlab:  593a7107a1a7 Downloading 210.9MB
    node-gitlab:  459b426ff184 Pull complete 0B
    node-gitlab:  593a7107a1a7 Downloading 211.8MB
    node-gitlab:  b570f1357c2a Extracting 1B
    node-gitlab:  593a7107a1a7 Downloading 212.9MB
    node-gitlab:  b570f1357c2a Pull complete 0B
    node-gitlab:  593a7107a1a7 Downloading 212.9MB
    node-gitlab:  593a7107a1a7 Downloading 213.9MB
    node-gitlab:  593a7107a1a7 Downloading 214.2MB
    node-gitlab:  df82ff08fcb9 Pull complete 0B
    node-gitlab:  593a7107a1a7 Downloading 215MB
    node-gitlab:  593a7107a1a7 Downloading 216MB
    node-gitlab:  593a7107a1a7 Downloading 216MB
    node-gitlab:  593a7107a1a7 Downloading 217.1MB
    node-gitlab:  593a7107a1a7 Downloading 217.5MB
    node-gitlab:  593a7107a1a7 Downloading 218.1MB
    node-gitlab:  593a7107a1a7 Downloading 219.2MB
    node-gitlab:  593a7107a1a7 Downloading 220.2MB
    node-gitlab:  593a7107a1a7 Downloading 221.2MB
    node-gitlab:  593a7107a1a7 Downloading 221.2MB
    node-gitlab:  593a7107a1a7 Downloading 222.3MB
    node-gitlab:  593a7107a1a7 Downloading 222.4MB
    node-gitlab:  593a7107a1a7 Downloading 223.3MB
    node-gitlab:  593a7107a1a7 Downloading 224.4MB
    node-gitlab:  593a7107a1a7 Downloading 224.4MB
    node-gitlab:  593a7107a1a7 Downloading 225.4MB
    node-gitlab:  593a7107a1a7 Downloading 226.5MB
    node-gitlab:  593a7107a1a7 Downloading 226.7MB
    node-gitlab:  593a7107a1a7 Downloading 227.5MB
    node-gitlab:  593a7107a1a7 Downloading 228.6MB
    node-gitlab:  593a7107a1a7 Downloading 229.6MB
    node-gitlab:  593a7107a1a7 Downloading 230.7MB
    node-gitlab:  593a7107a1a7 Downloading 230.7MB
    node-gitlab:  593a7107a1a7 Downloading 231.7MB
    node-gitlab:  593a7107a1a7 Downloading 232.8MB
    node-gitlab:  593a7107a1a7 Downloading 233.3MB
    node-gitlab:  593a7107a1a7 Downloading 233.8MB
    node-gitlab:  593a7107a1a7 Downloading 234.9MB
    node-gitlab:  593a7107a1a7 Downloading 235.7MB
    node-gitlab:  593a7107a1a7 Downloading 235.9MB
    node-gitlab:  593a7107a1a7 Downloading 237MB
    node-gitlab:  593a7107a1a7 Downloading 238MB
    node-gitlab:  593a7107a1a7 Downloading 239.1MB
    node-gitlab:  593a7107a1a7 Downloading 239.1MB
    node-gitlab:  593a7107a1a7 Downloading 240.1MB
    node-gitlab:  593a7107a1a7 Downloading 241.2MB
    node-gitlab:  593a7107a1a7 Downloading 242.2MB
    node-gitlab:  593a7107a1a7 Downloading 243.3MB
    node-gitlab:  593a7107a1a7 Downloading 243.3MB
    node-gitlab:  593a7107a1a7 Downloading 244.3MB
    node-gitlab:  593a7107a1a7 Downloading 245.4MB
    node-gitlab:  593a7107a1a7 Downloading 245.5MB
    node-gitlab:  593a7107a1a7 Downloading 246.4MB
    node-gitlab:  593a7107a1a7 Downloading 247.5MB
    node-gitlab:  593a7107a1a7 Downloading 248.5MB
    node-gitlab:  593a7107a1a7 Downloading 249.6MB
    node-gitlab:  593a7107a1a7 Downloading 250.6MB
    node-gitlab:  593a7107a1a7 Downloading 251.3MB
    node-gitlab:  593a7107a1a7 Downloading 251.7MB
    node-gitlab:  593a7107a1a7 Downloading 252.7MB
    node-gitlab:  593a7107a1a7 Downloading 253.8MB
    node-gitlab:  593a7107a1a7 Downloading 254.8MB
    node-gitlab:  593a7107a1a7 Downloading 255.9MB
    node-gitlab:  593a7107a1a7 Downloading 256.9MB
    node-gitlab:  593a7107a1a7 Downloading 257.9MB
    node-gitlab:  593a7107a1a7 Downloading 257.9MB
    node-gitlab:  593a7107a1a7 Downloading 259MB
    node-gitlab:  593a7107a1a7 Downloading 260MB
    node-gitlab:  593a7107a1a7 Downloading 260MB
    node-gitlab:  593a7107a1a7 Downloading 261.1MB
    node-gitlab:  593a7107a1a7 Downloading 262.1MB
    node-gitlab:  593a7107a1a7 Downloading 262.8MB
    node-gitlab:  593a7107a1a7 Downloading 263.2MB
    node-gitlab:  593a7107a1a7 Downloading 264.2MB
    node-gitlab:  593a7107a1a7 Downloading 265.3MB
    node-gitlab:  593a7107a1a7 Downloading 266.3MB
    node-gitlab:  593a7107a1a7 Downloading 266.3MB
    node-gitlab:  593a7107a1a7 Downloading 267.4MB
    node-gitlab:  593a7107a1a7 Downloading 268.4MB
    node-gitlab:  593a7107a1a7 Downloading 268.9MB
    node-gitlab:  593a7107a1a7 Downloading 269.5MB
    node-gitlab:  593a7107a1a7 Downloading 270.5MB
    node-gitlab:  593a7107a1a7 Downloading 271.6MB
    node-gitlab:  593a7107a1a7 Downloading 272.2MB
    node-gitlab:  593a7107a1a7 Downloading 272.6MB
    node-gitlab:  593a7107a1a7 Downloading 273.7MB
    node-gitlab:  593a7107a1a7 Downloading 274.7MB
    node-gitlab:  593a7107a1a7 Downloading 275.8MB
    node-gitlab:  593a7107a1a7 Downloading 276.8MB
    node-gitlab:  593a7107a1a7 Downloading 277.9MB
    node-gitlab:  593a7107a1a7 Downloading 277.9MB
    node-gitlab:  593a7107a1a7 Downloading 278.9MB
    node-gitlab:  593a7107a1a7 Downloading 280MB
    node-gitlab:  593a7107a1a7 Downloading 281MB
    node-gitlab:  593a7107a1a7 Downloading 281MB
    node-gitlab:  593a7107a1a7 Downloading 282.1MB
    node-gitlab:  593a7107a1a7 Downloading 283.1MB
    node-gitlab:  593a7107a1a7 Downloading 284.2MB
    node-gitlab:  593a7107a1a7 Downloading 284.2MB
    node-gitlab:  593a7107a1a7 Downloading 285.2MB
    node-gitlab:  593a7107a1a7 Downloading 286.3MB
    node-gitlab:  593a7107a1a7 Downloading 287.3MB
    node-gitlab:  593a7107a1a7 Downloading 287.3MB
    node-gitlab:  593a7107a1a7 Downloading 288.4MB
    node-gitlab:  593a7107a1a7 Downloading 289.4MB
    node-gitlab:  593a7107a1a7 Downloading 290.5MB
    node-gitlab:  593a7107a1a7 Downloading 291.5MB
    node-gitlab:  593a7107a1a7 Downloading 291.5MB
    node-gitlab:  593a7107a1a7 Downloading 292.6MB
    node-gitlab:  593a7107a1a7 Downloading 293.6MB
    node-gitlab:  593a7107a1a7 Downloading 294.6MB
    node-gitlab:  593a7107a1a7 Downloading 294.6MB
    node-gitlab:  593a7107a1a7 Downloading 295.7MB
    node-gitlab:  593a7107a1a7 Downloading 296.7MB
    node-gitlab:  593a7107a1a7 Downloading 296.7MB
    node-gitlab:  593a7107a1a7 Downloading 297.8MB
    node-gitlab:  593a7107a1a7 Downloading 297.8MB
    node-gitlab:  593a7107a1a7 Downloading 298.8MB
    node-gitlab:  593a7107a1a7 Downloading 299.9MB
    node-gitlab:  593a7107a1a7 Downloading 299.9MB
    node-gitlab:  593a7107a1a7 Downloading 300MB
    node-gitlab:  593a7107a1a7 Downloading 300.9MB
    node-gitlab:  593a7107a1a7 Downloading 302MB
    node-gitlab:  593a7107a1a7 Downloading 302MB
    node-gitlab:  593a7107a1a7 Downloading 302MB
    node-gitlab:  593a7107a1a7 Downloading 302MB
    node-gitlab:  593a7107a1a7 Downloading 302MB
    node-gitlab:  593a7107a1a7 Downloading 302MB
    node-gitlab:  593a7107a1a7 Downloading 302MB
    node-gitlab:  593a7107a1a7 Downloading 302MB
    node-gitlab:  593a7107a1a7 Downloading 302MB
    node-gitlab:  593a7107a1a7 Downloading 302MB
    node-gitlab:  593a7107a1a7 Downloading 302MB
    node-gitlab:  593a7107a1a7 Downloading 302MB
    node-gitlab:  593a7107a1a7 Downloading 302MB
    node-gitlab:  593a7107a1a7 Downloading 302MB
    node-gitlab:  593a7107a1a7 Downloading 302MB
    node-gitlab:  593a7107a1a7 Downloading 302MB
    node-gitlab:  593a7107a1a7 Downloading 302MB
    node-gitlab:  593a7107a1a7 Downloading 302MB
    node-gitlab:  593a7107a1a7 Downloading 302MB
    node-gitlab:  593a7107a1a7 Downloading 302MB
    node-gitlab:  593a7107a1a7 Downloading 302MB
    node-gitlab:  593a7107a1a7 Downloading 302MB
    node-gitlab:  593a7107a1a7 Downloading 302MB
    node-gitlab:  593a7107a1a7 Downloading 302MB
    node-gitlab:  593a7107a1a7 Downloading 302MB
    node-gitlab:  593a7107a1a7 Downloading 302MB
    node-gitlab:  593a7107a1a7 Downloading 302MB
    node-gitlab:  593a7107a1a7 Downloading 302MB
    node-gitlab:  593a7107a1a7 Downloading 302MB
    node-gitlab:  593a7107a1a7 Downloading 302MB
    node-gitlab:  593a7107a1a7 Downloading 302MB
    node-gitlab:  593a7107a1a7 Downloading 302MB
    node-gitlab:  593a7107a1a7 Downloading 302MB
    node-gitlab:  593a7107a1a7 Downloading 302MB
    node-gitlab:  593a7107a1a7 Downloading 302MB
    node-gitlab:  593a7107a1a7 Downloading 302MB
    node-gitlab:  593a7107a1a7 Downloading 302MB
    node-gitlab:  593a7107a1a7 Downloading 302MB
    node-gitlab:  593a7107a1a7 Downloading 302MB
    node-gitlab:  593a7107a1a7 Downloading 302MB
    node-gitlab:  593a7107a1a7 Downloading 302MB
    node-gitlab:  593a7107a1a7 Downloading 302MB
    node-gitlab:  593a7107a1a7 Downloading 302MB
    node-gitlab:  593a7107a1a7 Downloading 303MB
    node-gitlab:  593a7107a1a7 Downloading 304.1MB
    node-gitlab:  593a7107a1a7 Downloading 305.1MB
    node-gitlab:  593a7107a1a7 Downloading 306.2MB
    node-gitlab:  593a7107a1a7 Downloading 306.9MB
    node-gitlab:  593a7107a1a7 Downloading 307.2MB
    node-gitlab:  593a7107a1a7 Downloading 308.3MB
    node-gitlab:  593a7107a1a7 Downloading 309.3MB
    node-gitlab:  593a7107a1a7 Downloading 309.8MB
    node-gitlab:  593a7107a1a7 Downloading 310.4MB
    node-gitlab:  593a7107a1a7 Downloading 311.4MB
    node-gitlab:  593a7107a1a7 Downloading 312.5MB
    node-gitlab:  593a7107a1a7 Downloading 313.5MB
    node-gitlab:  593a7107a1a7 Downloading 313.5MB
    node-gitlab:  593a7107a1a7 Downloading 314.6MB
    node-gitlab:  593a7107a1a7 Downloading 315.6MB
    node-gitlab:  593a7107a1a7 Downloading 316.7MB
    node-gitlab:  593a7107a1a7 Downloading 316.7MB
    node-gitlab:  593a7107a1a7 Downloading 317.7MB
    node-gitlab:  593a7107a1a7 Downloading 318.8MB
    node-gitlab:  593a7107a1a7 Downloading 319.8MB
    node-gitlab:  593a7107a1a7 Downloading 320.9MB
    node-gitlab:  593a7107a1a7 Downloading 321.9MB
    node-gitlab:  593a7107a1a7 Downloading 323MB
    node-gitlab:  593a7107a1a7 Downloading 323.2MB
    node-gitlab:  593a7107a1a7 Downloading 324MB
    node-gitlab:  593a7107a1a7 Downloading 325.1MB
    node-gitlab:  593a7107a1a7 Downloading 326.1MB
    node-gitlab:  593a7107a1a7 Downloading 327.2MB
    node-gitlab:  593a7107a1a7 Downloading 327.2MB
    node-gitlab:  593a7107a1a7 Downloading 328.2MB
    node-gitlab:  593a7107a1a7 Downloading 329.3MB
    node-gitlab:  593a7107a1a7 Downloading 330.3MB
    node-gitlab:  593a7107a1a7 Downloading 331.4MB
    node-gitlab:  593a7107a1a7 Downloading 332.4MB
    node-gitlab:  593a7107a1a7 Downloading 333.2MB
    node-gitlab:  593a7107a1a7 Downloading 333.4MB
    node-gitlab:  593a7107a1a7 Downloading 334.5MB
    node-gitlab:  593a7107a1a7 Downloading 335.5MB
    node-gitlab:  593a7107a1a7 Downloading 336.6MB
    node-gitlab:  593a7107a1a7 Downloading 337.6MB
    node-gitlab:  593a7107a1a7 Downloading 338.7MB
    node-gitlab:  593a7107a1a7 Downloading 338.7MB
    node-gitlab:  593a7107a1a7 Downloading 339.7MB
    node-gitlab:  593a7107a1a7 Downloading 340.8MB
    node-gitlab:  593a7107a1a7 Downloading 341.8MB
    node-gitlab:  593a7107a1a7 Downloading 342.9MB
    node-gitlab:  593a7107a1a7 Downloading 342.9MB
    node-gitlab:  593a7107a1a7 Downloading 343.9MB
    node-gitlab:  593a7107a1a7 Downloading 345MB
    node-gitlab:  593a7107a1a7 Downloading 345.3MB
    node-gitlab:  593a7107a1a7 Downloading 346MB
    node-gitlab:  593a7107a1a7 Downloading 347.1MB
    node-gitlab:  593a7107a1a7 Downloading 348.1MB
    node-gitlab:  593a7107a1a7 Downloading 348.2MB
    node-gitlab:  593a7107a1a7 Downloading 349.2MB
    node-gitlab:  593a7107a1a7 Downloading 350.2MB
    node-gitlab:  593a7107a1a7 Downloading 351.3MB
    node-gitlab:  593a7107a1a7 Downloading 351.3MB
    node-gitlab:  593a7107a1a7 Downloading 352.3MB
    node-gitlab:  593a7107a1a7 Downloading 353.4MB
    node-gitlab:  593a7107a1a7 Downloading 354.4MB
    node-gitlab:  593a7107a1a7 Downloading 355.5MB
    node-gitlab:  593a7107a1a7 Downloading 356.5MB
    node-gitlab:  593a7107a1a7 Downloading 356.5MB
    node-gitlab:  593a7107a1a7 Downloading 357.6MB
    node-gitlab:  593a7107a1a7 Downloading 358.6MB
    node-gitlab:  593a7107a1a7 Downloading 359.7MB
    node-gitlab:  593a7107a1a7 Downloading 360.7MB
    node-gitlab:  593a7107a1a7 Downloading 361.8MB
    node-gitlab:  593a7107a1a7 Downloading 362.8MB
    node-gitlab:  593a7107a1a7 Downloading 363.5MB
    node-gitlab:  593a7107a1a7 Downloading 363.9MB
    node-gitlab:  593a7107a1a7 Downloading 364.9MB
    node-gitlab:  593a7107a1a7 Downloading 366MB
    node-gitlab:  593a7107a1a7 Downloading 367MB
    node-gitlab:  593a7107a1a7 Downloading 368.1MB
    node-gitlab:  593a7107a1a7 Downloading 369.1MB
    node-gitlab:  593a7107a1a7 Downloading 369.1MB
    node-gitlab:  593a7107a1a7 Downloading 370.1MB
    node-gitlab:  593a7107a1a7 Downloading 371.2MB
    node-gitlab:  593a7107a1a7 Downloading 372.2MB
    node-gitlab:  593a7107a1a7 Downloading 373.3MB
    node-gitlab:  593a7107a1a7 Downloading 373.3MB
    node-gitlab:  593a7107a1a7 Downloading 374.3MB
    node-gitlab:  593a7107a1a7 Downloading 375.4MB
    node-gitlab:  593a7107a1a7 Downloading 376.4MB
    node-gitlab:  593a7107a1a7 Downloading 377.5MB
    node-gitlab:  593a7107a1a7 Downloading 377.5MB
    node-gitlab:  593a7107a1a7 Downloading 378.5MB
    node-gitlab:  593a7107a1a7 Downloading 379.6MB
    node-gitlab:  593a7107a1a7 Downloading 380.6MB
    node-gitlab:  593a7107a1a7 Downloading 380.6MB
    node-gitlab:  593a7107a1a7 Downloading 381.7MB
    node-gitlab:  593a7107a1a7 Downloading 382.7MB
    node-gitlab:  593a7107a1a7 Downloading 383.8MB
    node-gitlab:  593a7107a1a7 Downloading 384.8MB
    node-gitlab:  593a7107a1a7 Downloading 384.8MB
    node-gitlab:  593a7107a1a7 Downloading 385.9MB
    node-gitlab:  593a7107a1a7 Downloading 385.9MB
    node-gitlab:  593a7107a1a7 Downloading 386.9MB
    node-gitlab:  593a7107a1a7 Downloading 386.9MB
    node-gitlab:  593a7107a1a7 Downloading 388MB
    node-gitlab:  593a7107a1a7 Downloading 388MB
    node-gitlab:  593a7107a1a7 Downloading 389MB
    node-gitlab:  593a7107a1a7 Downloading 389MB
    node-gitlab:  593a7107a1a7 Downloading 390.1MB
    node-gitlab:  593a7107a1a7 Downloading 390.1MB
    node-gitlab:  593a7107a1a7 Downloading 390.1MB
    node-gitlab:  593a7107a1a7 Downloading 391.1MB
    node-gitlab:  593a7107a1a7 Downloading 391.1MB
    node-gitlab:  593a7107a1a7 Downloading 391.1MB
    node-gitlab:  593a7107a1a7 Downloading 391.6MB
    node-gitlab:  593a7107a1a7 Downloading 392MB
    node-gitlab:  593a7107a1a7 Downloading 392.2MB
    node-gitlab:  593a7107a1a7 Downloading 392.2MB
    node-gitlab:  593a7107a1a7 Downloading 393.2MB
    node-gitlab:  593a7107a1a7 Downloading 393.2MB
    node-gitlab:  593a7107a1a7 Downloading 393.2MB
    node-gitlab:  593a7107a1a7 Downloading 393.2MB
    node-gitlab:  593a7107a1a7 Downloading 393.2MB
    node-gitlab:  593a7107a1a7 Downloading 393.2MB
    node-gitlab:  593a7107a1a7 Downloading 393.2MB
    node-gitlab:  593a7107a1a7 Downloading 393.2MB
    node-gitlab:  593a7107a1a7 Downloading 393.2MB
    node-gitlab:  593a7107a1a7 Downloading 393.2MB
    node-gitlab:  593a7107a1a7 Downloading 393.2MB
    node-gitlab:  593a7107a1a7 Downloading 393.2MB
    node-gitlab:  593a7107a1a7 Downloading 393.2MB
    node-gitlab:  593a7107a1a7 Downloading 393.2MB
    node-gitlab:  593a7107a1a7 Downloading 393.2MB
    node-gitlab:  593a7107a1a7 Downloading 393.2MB
    node-gitlab:  593a7107a1a7 Downloading 393.2MB
    node-gitlab:  593a7107a1a7 Downloading 393.2MB
    node-gitlab:  593a7107a1a7 Downloading 393.2MB
    node-gitlab:  593a7107a1a7 Downloading 393.2MB
    node-gitlab:  593a7107a1a7 Downloading 393.2MB
    node-gitlab:  593a7107a1a7 Downloading 393.2MB
    node-gitlab:  593a7107a1a7 Downloading 393.2MB
    node-gitlab:  593a7107a1a7 Downloading 393.2MB
    node-gitlab:  593a7107a1a7 Downloading 393.2MB
    node-gitlab:  593a7107a1a7 Downloading 393.2MB
    node-gitlab:  593a7107a1a7 Downloading 393.2MB
    node-gitlab:  593a7107a1a7 Downloading 393.2MB
    node-gitlab:  593a7107a1a7 Downloading 393.2MB
    node-gitlab:  593a7107a1a7 Downloading 393.2MB
    node-gitlab:  593a7107a1a7 Downloading 393.2MB
    node-gitlab:  593a7107a1a7 Downloading 393.2MB
    node-gitlab:  593a7107a1a7 Downloading 393.2MB
    node-gitlab:  593a7107a1a7 Downloading 393.2MB
    node-gitlab:  593a7107a1a7 Downloading 393.2MB
    node-gitlab:  593a7107a1a7 Downloading 393.2MB
    node-gitlab:  593a7107a1a7 Downloading 393.2MB
    node-gitlab:  593a7107a1a7 Downloading 393.2MB
    node-gitlab:  593a7107a1a7 Downloading 393.2MB
    node-gitlab:  593a7107a1a7 Downloading 393.2MB
    node-gitlab:  593a7107a1a7 Downloading 393.2MB
    node-gitlab:  593a7107a1a7 Downloading 394.3MB
    node-gitlab:  593a7107a1a7 Downloading 395.3MB
    node-gitlab:  593a7107a1a7 Downloading 395.3MB
    node-gitlab:  593a7107a1a7 Downloading 396.4MB
    node-gitlab:  593a7107a1a7 Downloading 397.4MB
    node-gitlab:  593a7107a1a7 Downloading 397.4MB
    node-gitlab:  593a7107a1a7 Downloading 398.5MB
    node-gitlab:  593a7107a1a7 Downloading 398.5MB
    node-gitlab:  593a7107a1a7 Downloading 398.5MB
    node-gitlab:  593a7107a1a7 Downloading 398.5MB
    node-gitlab:  593a7107a1a7 Downloading 398.5MB
    node-gitlab:  593a7107a1a7 Downloading 398.5MB
    node-gitlab:  593a7107a1a7 Downloading 398.5MB
    node-gitlab:  593a7107a1a7 Downloading 398.5MB
    node-gitlab:  593a7107a1a7 Downloading 398.5MB
    node-gitlab:  593a7107a1a7 Downloading 398.5MB
    node-gitlab:  593a7107a1a7 Downloading 398.5MB
    node-gitlab:  593a7107a1a7 Downloading 398.5MB
    node-gitlab:  593a7107a1a7 Downloading 398.5MB
    node-gitlab:  593a7107a1a7 Downloading 398.5MB
    node-gitlab:  593a7107a1a7 Downloading 398.5MB
    node-gitlab:  593a7107a1a7 Downloading 398.5MB
    node-gitlab:  593a7107a1a7 Downloading 398.5MB
    node-gitlab:  593a7107a1a7 Downloading 398.5MB
    node-gitlab:  593a7107a1a7 Downloading 398.5MB
    node-gitlab:  593a7107a1a7 Downloading 398.5MB
    node-gitlab:  593a7107a1a7 Downloading 398.5MB
    node-gitlab:  593a7107a1a7 Downloading 398.5MB
    node-gitlab:  593a7107a1a7 Downloading 398.5MB
    node-gitlab:  593a7107a1a7 Downloading 398.5MB
    node-gitlab:  593a7107a1a7 Downloading 398.5MB
    node-gitlab:  593a7107a1a7 Downloading 398.5MB
    node-gitlab:  593a7107a1a7 Downloading 398.5MB
    node-gitlab:  593a7107a1a7 Downloading 398.5MB
    node-gitlab:  593a7107a1a7 Downloading 398.5MB
    node-gitlab:  593a7107a1a7 Downloading 398.5MB
    node-gitlab:  593a7107a1a7 Downloading 398.5MB
    node-gitlab:  593a7107a1a7 Downloading 398.5MB
    node-gitlab:  593a7107a1a7 Downloading 398.5MB
    node-gitlab:  593a7107a1a7 Downloading 398.5MB
    node-gitlab:  593a7107a1a7 Downloading 398.5MB
    node-gitlab:  593a7107a1a7 Downloading 398.5MB
    node-gitlab:  593a7107a1a7 Downloading 398.5MB
    node-gitlab:  593a7107a1a7 Downloading 398.5MB
    node-gitlab:  593a7107a1a7 Downloading 399.5MB
    node-gitlab:  593a7107a1a7 Downloading 399.5MB
    node-gitlab:  593a7107a1a7 Downloading 400.6MB
    node-gitlab:  593a7107a1a7 Downloading 401.5MB
    node-gitlab:  593a7107a1a7 Downloading 401.6MB
    node-gitlab:  593a7107a1a7 Downloading 402.7MB
    node-gitlab:  593a7107a1a7 Downloading 403.7MB
    node-gitlab:  593a7107a1a7 Downloading 404.8MB
    node-gitlab:  593a7107a1a7 Downloading 404.8MB
    node-gitlab:  593a7107a1a7 Downloading 405.8MB
    node-gitlab:  593a7107a1a7 Downloading 406.8MB
    node-gitlab:  593a7107a1a7 Downloading 407.7MB
    node-gitlab:  593a7107a1a7 Downloading 407.9MB
    node-gitlab:  593a7107a1a7 Downloading 408.9MB
    node-gitlab:  593a7107a1a7 Downloading 410MB
    node-gitlab:  593a7107a1a7 Downloading 411MB
    node-gitlab:  593a7107a1a7 Downloading 412.1MB
    node-gitlab:  593a7107a1a7 Downloading 412.1MB
    node-gitlab:  593a7107a1a7 Downloading 413.1MB
    node-gitlab:  593a7107a1a7 Downloading 414.2MB
    node-gitlab:  593a7107a1a7 Downloading 415.2MB
    node-gitlab:  593a7107a1a7 Downloading 415.2MB
    node-gitlab:  593a7107a1a7 Downloading 416.3MB
    node-gitlab:  593a7107a1a7 Downloading 417.3MB
    node-gitlab:  593a7107a1a7 Downloading 418.4MB
    node-gitlab:  593a7107a1a7 Downloading 418.4MB
    node-gitlab:  593a7107a1a7 Downloading 419.4MB
    node-gitlab:  593a7107a1a7 Downloading 420.5MB
    node-gitlab:  593a7107a1a7 Downloading 420.5MB
    node-gitlab:  593a7107a1a7 Downloading 421.5MB
    node-gitlab:  593a7107a1a7 Downloading 422.2MB
    node-gitlab:  593a7107a1a7 Downloading 422.6MB
    node-gitlab:  593a7107a1a7 Downloading 423.6MB
    node-gitlab:  593a7107a1a7 Downloading 424.7MB
    node-gitlab:  593a7107a1a7 Downloading 425.7MB
    node-gitlab:  593a7107a1a7 Downloading 426.8MB
    node-gitlab:  593a7107a1a7 Downloading 426.8MB
    node-gitlab:  593a7107a1a7 Downloading 427.8MB
    node-gitlab:  593a7107a1a7 Downloading 427.8MB
    node-gitlab:  593a7107a1a7 Downloading 428.9MB
    node-gitlab:  593a7107a1a7 Downloading 429.9MB
    node-gitlab:  593a7107a1a7 Downloading 429.9MB
    node-gitlab:  593a7107a1a7 Downloading 431MB
    node-gitlab:  593a7107a1a7 Downloading 431MB
    node-gitlab:  593a7107a1a7 Downloading 432MB
    node-gitlab:  593a7107a1a7 Downloading 433.1MB
    node-gitlab:  593a7107a1a7 Downloading 433.1MB
    node-gitlab:  593a7107a1a7 Downloading 433.1MB
    node-gitlab:  593a7107a1a7 Downloading 434.1MB
    node-gitlab:  593a7107a1a7 Downloading 434.1MB
    node-gitlab:  593a7107a1a7 Downloading 434.1MB
    node-gitlab:  593a7107a1a7 Downloading 435.2MB
    node-gitlab:  593a7107a1a7 Downloading 435.2MB
    node-gitlab:  593a7107a1a7 Downloading 436.2MB
    node-gitlab:  593a7107a1a7 Downloading 436.2MB
    node-gitlab:  593a7107a1a7 Downloading 437.3MB
    node-gitlab:  593a7107a1a7 Downloading 438.3MB
    node-gitlab:  593a7107a1a7 Downloading 439.4MB
    node-gitlab:  593a7107a1a7 Downloading 439.4MB
    node-gitlab:  593a7107a1a7 Downloading 440.4MB
    node-gitlab:  593a7107a1a7 Downloading 441.5MB
    node-gitlab:  593a7107a1a7 Downloading 442.5MB
    node-gitlab:  593a7107a1a7 Downloading 443.5MB
    node-gitlab:  593a7107a1a7 Downloading 444.4MB
    node-gitlab:  593a7107a1a7 Downloading 444.6MB
    node-gitlab:  593a7107a1a7 Downloading 445.6MB
    node-gitlab:  593a7107a1a7 Downloading 446.7MB
    node-gitlab:  593a7107a1a7 Downloading 446.7MB
    node-gitlab:  593a7107a1a7 Downloading 447.7MB
    node-gitlab:  593a7107a1a7 Downloading 448.8MB
    node-gitlab:  593a7107a1a7 Downloading 449.8MB
    node-gitlab:  593a7107a1a7 Downloading 450.7MB
    node-gitlab:  593a7107a1a7 Downloading 450.9MB
    node-gitlab:  593a7107a1a7 Downloading 451.9MB
    node-gitlab:  593a7107a1a7 Downloading 453MB
    node-gitlab:  593a7107a1a7 Downloading 454MB
    node-gitlab:  593a7107a1a7 Downloading 455.1MB
    node-gitlab:  593a7107a1a7 Downloading 455.3MB
    node-gitlab:  593a7107a1a7 Downloading 456.1MB
    node-gitlab:  593a7107a1a7 Downloading 457.2MB
    node-gitlab:  593a7107a1a7 Downloading 458.2MB
    node-gitlab:  593a7107a1a7 Downloading 458.2MB
    node-gitlab:  593a7107a1a7 Downloading 459.3MB
    node-gitlab:  593a7107a1a7 Downloading 460.3MB
    node-gitlab:  593a7107a1a7 Downloading 461.4MB
    node-gitlab:  593a7107a1a7 Downloading 462.4MB
    node-gitlab:  593a7107a1a7 Downloading 463.5MB
    node-gitlab:  593a7107a1a7 Downloading 464.5MB
    node-gitlab:  593a7107a1a7 Downloading 464.8MB
    node-gitlab:  593a7107a1a7 Downloading 465.6MB
    node-gitlab:  593a7107a1a7 Downloading 466.6MB
    node-gitlab:  593a7107a1a7 Downloading 467.7MB
    node-gitlab:  593a7107a1a7 Downloading 467.9MB
    node-gitlab:  593a7107a1a7 Downloading 468.7MB
    node-gitlab:  593a7107a1a7 Downloading 469.8MB
    node-gitlab:  593a7107a1a7 Downloading 470.8MB
    node-gitlab:  593a7107a1a7 Downloading 470.8MB
    node-gitlab:  593a7107a1a7 Downloading 471.9MB
    node-gitlab:  593a7107a1a7 Downloading 472.9MB
    node-gitlab:  593a7107a1a7 Downloading 474MB
    node-gitlab:  593a7107a1a7 Downloading 474.8MB
    node-gitlab:  593a7107a1a7 Downloading 475MB
    node-gitlab:  593a7107a1a7 Downloading 476.1MB
    node-gitlab:  593a7107a1a7 Downloading 476.1MB
    node-gitlab:  593a7107a1a7 Downloading 477.1MB
    node-gitlab:  593a7107a1a7 Downloading 478.2MB
    node-gitlab:  593a7107a1a7 Downloading 478.2MB
    node-gitlab:  593a7107a1a7 Downloading 478.7MB
    node-gitlab:  593a7107a1a7 Downloading 479.2MB
    node-gitlab:  593a7107a1a7 Downloading 480.2MB
    node-gitlab:  593a7107a1a7 Downloading 480.2MB
    node-gitlab:  593a7107a1a7 Downloading 481.3MB
    node-gitlab:  593a7107a1a7 Downloading 481.3MB
    node-gitlab:  593a7107a1a7 Downloading 482.3MB
    node-gitlab:  593a7107a1a7 Downloading 482.3MB
    node-gitlab:  593a7107a1a7 Downloading 482.9MB
    node-gitlab:  593a7107a1a7 Downloading 483.4MB
    node-gitlab:  593a7107a1a7 Downloading 484.3MB
    node-gitlab:  593a7107a1a7 Downloading 484.4MB
    node-gitlab:  593a7107a1a7 Downloading 485.5MB
    node-gitlab:  593a7107a1a7 Downloading 485.5MB
    node-gitlab:  593a7107a1a7 Downloading 486.5MB
    node-gitlab:  593a7107a1a7 Downloading 486.5MB
    node-gitlab:  593a7107a1a7 Downloading 487.6MB
    node-gitlab:  593a7107a1a7 Downloading 487.6MB
    node-gitlab:  593a7107a1a7 Downloading 488.6MB
    node-gitlab:  593a7107a1a7 Downloading 489.7MB
    node-gitlab:  593a7107a1a7 Downloading 490.5MB
    node-gitlab:  593a7107a1a7 Downloading 490.7MB
    node-gitlab:  593a7107a1a7 Downloading 491.8MB
    node-gitlab:  593a7107a1a7 Downloading 492.8MB
    node-gitlab:  593a7107a1a7 Downloading 493.9MB
    node-gitlab:  593a7107a1a7 Downloading 494.9MB
    node-gitlab:  593a7107a1a7 Downloading 495.7MB
    node-gitlab:  593a7107a1a7 Downloading 496MB
    node-gitlab:  593a7107a1a7 Downloading 497MB
    node-gitlab:  593a7107a1a7 Downloading 498.1MB
    node-gitlab:  593a7107a1a7 Downloading 499.1MB
    node-gitlab:  593a7107a1a7 Downloading 499.1MB
    node-gitlab:  593a7107a1a7 Downloading 500.2MB
    node-gitlab:  593a7107a1a7 Downloading 501.2MB
    node-gitlab:  593a7107a1a7 Downloading 502.3MB
    node-gitlab:  593a7107a1a7 Downloading 502.3MB
    node-gitlab:  593a7107a1a7 Downloading 503.3MB
    node-gitlab:  593a7107a1a7 Downloading 504.4MB
    node-gitlab:  593a7107a1a7 Downloading 505.4MB
    node-gitlab:  593a7107a1a7 Downloading 505.4MB
    node-gitlab:  593a7107a1a7 Downloading 506.5MB
    node-gitlab:  593a7107a1a7 Downloading 507.5MB
    node-gitlab:  593a7107a1a7 Downloading 507.5MB
    node-gitlab:  593a7107a1a7 Downloading 507.5MB
    node-gitlab:  593a7107a1a7 Downloading 508.6MB
    node-gitlab:  593a7107a1a7 Downloading 509.2MB
    node-gitlab:  593a7107a1a7 Downloading 509.6MB
    node-gitlab:  593a7107a1a7 Downloading 510.7MB
    node-gitlab:  593a7107a1a7 Downloading 510.7MB
    node-gitlab:  593a7107a1a7 Downloading 510.7MB
    node-gitlab:  593a7107a1a7 Downloading 511.7MB
    node-gitlab:  593a7107a1a7 Downloading 512.8MB
    node-gitlab:  593a7107a1a7 Downloading 512.8MB
    node-gitlab:  593a7107a1a7 Downloading 513.8MB
    node-gitlab:  593a7107a1a7 Downloading 514.9MB
    node-gitlab:  593a7107a1a7 Downloading 514.9MB
    node-gitlab:  593a7107a1a7 Downloading 515.9MB
    node-gitlab:  593a7107a1a7 Downloading 516.9MB
    node-gitlab:  593a7107a1a7 Downloading 516.9MB
    node-gitlab:  593a7107a1a7 Downloading 518MB
    node-gitlab:  593a7107a1a7 Downloading 519MB
    node-gitlab:  593a7107a1a7 Downloading 519MB
    node-gitlab:  593a7107a1a7 Downloading 520.1MB
    node-gitlab:  593a7107a1a7 Downloading 520.2MB
    node-gitlab:  593a7107a1a7 Downloading 521.1MB
    node-gitlab:  593a7107a1a7 Downloading 522.2MB
    node-gitlab:  593a7107a1a7 Downloading 522.2MB
    node-gitlab:  593a7107a1a7 Downloading 523.2MB
    node-gitlab:  593a7107a1a7 Downloading 523.2MB
    node-gitlab:  593a7107a1a7 Downloading 524.3MB
    node-gitlab:  593a7107a1a7 Downloading 525.3MB
    node-gitlab:  593a7107a1a7 Downloading 525.3MB
    node-gitlab:  593a7107a1a7 Downloading 526.4MB
    node-gitlab:  593a7107a1a7 Downloading 526.9MB
    node-gitlab:  593a7107a1a7 Downloading 527.4MB
    node-gitlab:  593a7107a1a7 Downloading 528.5MB
    node-gitlab:  593a7107a1a7 Downloading 529.5MB
    node-gitlab:  593a7107a1a7 Downloading 529.5MB
    node-gitlab:  593a7107a1a7 Downloading 530.6MB
    node-gitlab:  593a7107a1a7 Downloading 531.6MB
    node-gitlab:  593a7107a1a7 Downloading 531.6MB
    node-gitlab:  593a7107a1a7 Downloading 532.7MB
    node-gitlab:  593a7107a1a7 Downloading 533.7MB
    node-gitlab:  593a7107a1a7 Downloading 533.7MB
    node-gitlab:  593a7107a1a7 Downloading 534.8MB
    node-gitlab:  593a7107a1a7 Downloading 535.8MB
    node-gitlab:  593a7107a1a7 Downloading 535.8MB
    node-gitlab:  593a7107a1a7 Downloading 536.9MB
    node-gitlab:  593a7107a1a7 Downloading 537.2MB
    node-gitlab:  593a7107a1a7 Downloading 537.9MB
    node-gitlab:  593a7107a1a7 Downloading 539MB
    node-gitlab:  593a7107a1a7 Downloading 539MB
    node-gitlab:  593a7107a1a7 Downloading 540MB
    node-gitlab:  593a7107a1a7 Downloading 541.1MB
    node-gitlab:  593a7107a1a7 Downloading 541.1MB
    node-gitlab:  593a7107a1a7 Downloading 542.1MB
    node-gitlab:  593a7107a1a7 Downloading 543.2MB
    node-gitlab:  593a7107a1a7 Downloading 543.2MB
    node-gitlab:  593a7107a1a7 Downloading 545.1MB
    node-gitlab:  593a7107a1a7 Downloading 546.3MB
    node-gitlab:  593a7107a1a7 Downloading 546.3MB
    node-gitlab:  593a7107a1a7 Downloading 547.4MB
    node-gitlab:  593a7107a1a7 Downloading 547.4MB
    node-gitlab:  593a7107a1a7 Downloading 548.4MB
    node-gitlab:  593a7107a1a7 Downloading 549.5MB
    node-gitlab:  593a7107a1a7 Downloading 550MB
    node-gitlab:  593a7107a1a7 Downloading 550.5MB
    node-gitlab:  593a7107a1a7 Downloading 551.6MB
    node-gitlab:  593a7107a1a7 Downloading 552.6MB
    node-gitlab:  593a7107a1a7 Downloading 553.6MB
    node-gitlab:  593a7107a1a7 Downloading 554.7MB
    node-gitlab:  593a7107a1a7 Downloading 555.7MB
    node-gitlab:  593a7107a1a7 Downloading 556.8MB
    node-gitlab:  593a7107a1a7 Downloading 556.8MB
    node-gitlab:  593a7107a1a7 Downloading 557.8MB
    node-gitlab:  593a7107a1a7 Downloading 558.9MB
    node-gitlab:  593a7107a1a7 Downloading 559.9MB
    node-gitlab:  593a7107a1a7 Downloading 560.3MB
    node-gitlab:  593a7107a1a7 Downloading 561MB
    node-gitlab:  593a7107a1a7 Downloading 562MB
    node-gitlab:  593a7107a1a7 Downloading 563.1MB
    node-gitlab:  593a7107a1a7 Downloading 564.1MB
    node-gitlab:  593a7107a1a7 Downloading 564.1MB
    node-gitlab:  593a7107a1a7 Downloading 565.2MB
    node-gitlab:  593a7107a1a7 Downloading 566.2MB
    node-gitlab:  593a7107a1a7 Downloading 566.7MB
    node-gitlab:  593a7107a1a7 Downloading 567.3MB
    node-gitlab:  593a7107a1a7 Downloading 568.3MB
    node-gitlab:  593a7107a1a7 Downloading 569.4MB
    node-gitlab:  593a7107a1a7 Downloading 570.4MB
    node-gitlab:  593a7107a1a7 Downloading 570.4MB
    node-gitlab:  593a7107a1a7 Downloading 571.5MB
    node-gitlab:  593a7107a1a7 Downloading 572.5MB
    node-gitlab:  593a7107a1a7 Downloading 573.5MB
    node-gitlab:  593a7107a1a7 Downloading 573.6MB
    node-gitlab:  593a7107a1a7 Downloading 574.6MB
    node-gitlab:  593a7107a1a7 Downloading 575.7MB
    node-gitlab:  593a7107a1a7 Downloading 575.7MB
    node-gitlab:  593a7107a1a7 Downloading 576.7MB
    node-gitlab:  593a7107a1a7 Downloading 577.5MB
    node-gitlab:  593a7107a1a7 Downloading 577.8MB
    node-gitlab:  593a7107a1a7 Downloading 578.8MB
    node-gitlab:  593a7107a1a7 Downloading 579.9MB
    node-gitlab:  593a7107a1a7 Downloading 580.9MB
    node-gitlab:  593a7107a1a7 Downloading 580.9MB
    node-gitlab:  593a7107a1a7 Downloading 582MB
    node-gitlab:  593a7107a1a7 Downloading 583MB
    node-gitlab:  593a7107a1a7 Downloading 584.1MB
    node-gitlab:  593a7107a1a7 Downloading 584.1MB
    node-gitlab:  593a7107a1a7 Downloading 585.1MB
    node-gitlab:  593a7107a1a7 Downloading 586.2MB
    node-gitlab:  593a7107a1a7 Downloading 587MB
    node-gitlab:  593a7107a1a7 Downloading 587.2MB
    node-gitlab:  593a7107a1a7 Downloading 588.3MB
    node-gitlab:  593a7107a1a7 Downloading 589.3MB
    node-gitlab:  593a7107a1a7 Downloading 590.3MB
    node-gitlab:  593a7107a1a7 Downloading 590.8MB
    node-gitlab:  593a7107a1a7 Downloading 591.4MB
    node-gitlab:  593a7107a1a7 Downloading 592.4MB
    node-gitlab:  593a7107a1a7 Downloading 592.7MB
    node-gitlab:  593a7107a1a7 Downloading 593.5MB
    node-gitlab:  593a7107a1a7 Downloading 594.5MB
    node-gitlab:  593a7107a1a7 Downloading 595.6MB
    node-gitlab:  593a7107a1a7 Downloading 596.6MB
    node-gitlab:  593a7107a1a7 Downloading 597.7MB
    node-gitlab:  593a7107a1a7 Downloading 597.7MB
    node-gitlab:  593a7107a1a7 Downloading 598.7MB
    node-gitlab:  593a7107a1a7 Downloading 599.8MB
    node-gitlab:  593a7107a1a7 Downloading 600.8MB
    node-gitlab:  593a7107a1a7 Downloading 601.6MB
    node-gitlab:  593a7107a1a7 Downloading 602.6MB
    node-gitlab:  593a7107a1a7 Downloading 602.9MB
    node-gitlab:  593a7107a1a7 Downloading 604MB
    node-gitlab:  593a7107a1a7 Downloading 605MB
    node-gitlab:  593a7107a1a7 Downloading 606.1MB
    node-gitlab:  593a7107a1a7 Downloading 606.3MB
    node-gitlab:  593a7107a1a7 Downloading 607.1MB
    node-gitlab:  593a7107a1a7 Downloading 608.2MB
    node-gitlab:  593a7107a1a7 Downloading 609MB
    node-gitlab:  593a7107a1a7 Downloading 609.2MB
    node-gitlab:  593a7107a1a7 Downloading 610.3MB
    node-gitlab:  593a7107a1a7 Downloading 611.3MB
    node-gitlab:  593a7107a1a7 Downloading 612.4MB
    node-gitlab:  593a7107a1a7 Downloading 612.4MB
    node-gitlab:  593a7107a1a7 Downloading 613.4MB
    node-gitlab:  593a7107a1a7 Downloading 613.4MB
    node-gitlab:  593a7107a1a7 Downloading 614.5MB
    node-gitlab:  593a7107a1a7 Downloading 614.5MB
    node-gitlab:  593a7107a1a7 Downloading 615.5MB
    node-gitlab:  593a7107a1a7 Downloading 616.6MB
    node-gitlab:  593a7107a1a7 Downloading 617.6MB
    node-gitlab:  593a7107a1a7 Downloading 618.7MB
    node-gitlab:  593a7107a1a7 Downloading 619.7MB
    node-gitlab:  593a7107a1a7 Downloading 620.8MB
    node-gitlab:  593a7107a1a7 Downloading 621.8MB
    node-gitlab:  593a7107a1a7 Downloading 622.9MB
    node-gitlab:  593a7107a1a7 Downloading 623.2MB
    node-gitlab:  593a7107a1a7 Downloading 623.9MB
    node-gitlab:  593a7107a1a7 Downloading 625MB
    node-gitlab:  593a7107a1a7 Downloading 626MB
    node-gitlab:  593a7107a1a7 Downloading 627MB
    node-gitlab:  593a7107a1a7 Downloading 628.1MB
    node-gitlab:  593a7107a1a7 Downloading 629.1MB
    node-gitlab:  593a7107a1a7 Downloading 630.2MB
    node-gitlab:  593a7107a1a7 Downloading 630.2MB
    node-gitlab:  593a7107a1a7 Downloading 631.8MB
    node-gitlab:  593a7107a1a7 Downloading 632.3MB
    node-gitlab:  593a7107a1a7 Downloading 633.3MB
    node-gitlab:  593a7107a1a7 Downloading 634.4MB
    node-gitlab:  593a7107a1a7 Downloading 635.4MB
    node-gitlab:  593a7107a1a7 Downloading 636.5MB
    node-gitlab:  593a7107a1a7 Downloading 637.5MB
    node-gitlab:  593a7107a1a7 Downloading 638.6MB
    node-gitlab:  593a7107a1a7 Downloading 638.6MB
    node-gitlab:  593a7107a1a7 Downloading 638.6MB
    node-gitlab:  593a7107a1a7 Downloading 638.6MB
    node-gitlab:  593a7107a1a7 Downloading 638.6MB
    node-gitlab:  593a7107a1a7 Downloading 638.6MB
    node-gitlab:  593a7107a1a7 Downloading 638.6MB
    node-gitlab:  593a7107a1a7 Downloading 638.6MB
    node-gitlab:  593a7107a1a7 Downloading 638.6MB
    node-gitlab:  593a7107a1a7 Downloading 638.6MB
    node-gitlab:  593a7107a1a7 Downloading 638.6MB
    node-gitlab:  593a7107a1a7 Downloading 638.6MB
    node-gitlab:  593a7107a1a7 Downloading 638.6MB
    node-gitlab:  593a7107a1a7 Downloading 638.6MB
    node-gitlab:  593a7107a1a7 Downloading 638.6MB
    node-gitlab:  593a7107a1a7 Downloading 638.6MB
    node-gitlab:  593a7107a1a7 Downloading 638.6MB
    node-gitlab:  593a7107a1a7 Downloading 638.6MB
    node-gitlab:  593a7107a1a7 Downloading 638.6MB
    node-gitlab:  593a7107a1a7 Downloading 638.6MB
    node-gitlab:  593a7107a1a7 Downloading 638.6MB
    node-gitlab:  593a7107a1a7 Downloading 638.6MB
    node-gitlab:  593a7107a1a7 Downloading 638.6MB
    node-gitlab:  593a7107a1a7 Downloading 638.6MB
    node-gitlab:  593a7107a1a7 Downloading 638.6MB
    node-gitlab:  593a7107a1a7 Downloading 638.6MB
    node-gitlab:  593a7107a1a7 Downloading 638.6MB
    node-gitlab:  593a7107a1a7 Downloading 638.6MB
    node-gitlab:  593a7107a1a7 Downloading 638.6MB
    node-gitlab:  593a7107a1a7 Downloading 638.6MB
    node-gitlab:  593a7107a1a7 Downloading 638.6MB
    node-gitlab:  593a7107a1a7 Downloading 638.6MB
    node-gitlab:  593a7107a1a7 Downloading 638.6MB
    node-gitlab:  593a7107a1a7 Downloading 638.6MB
    node-gitlab:  593a7107a1a7 Downloading 638.6MB
    node-gitlab:  593a7107a1a7 Downloading 638.6MB
    node-gitlab:  593a7107a1a7 Downloading 638.6MB
    node-gitlab:  593a7107a1a7 Downloading 639.6MB
    node-gitlab:  593a7107a1a7 Downloading 639.6MB
    node-gitlab:  593a7107a1a7 Downloading 639.6MB
    node-gitlab:  593a7107a1a7 Downloading 639.6MB
    node-gitlab:  593a7107a1a7 Downloading 639.6MB
    node-gitlab:  593a7107a1a7 Downloading 639.6MB
    node-gitlab:  593a7107a1a7 Downloading 639.6MB
    node-gitlab:  593a7107a1a7 Downloading 639.6MB
    node-gitlab:  593a7107a1a7 Downloading 639.6MB
    node-gitlab:  593a7107a1a7 Downloading 639.6MB
    node-gitlab:  593a7107a1a7 Downloading 639.6MB
    node-gitlab:  593a7107a1a7 Downloading 639.6MB
    node-gitlab:  593a7107a1a7 Downloading 639.6MB
    node-gitlab:  593a7107a1a7 Downloading 639.6MB
    node-gitlab:  593a7107a1a7 Downloading 639.6MB
    node-gitlab:  593a7107a1a7 Downloading 639.6MB
    node-gitlab:  593a7107a1a7 Downloading 639.6MB
    node-gitlab:  593a7107a1a7 Downloading 639.6MB
    node-gitlab:  593a7107a1a7 Downloading 639.6MB
    node-gitlab:  593a7107a1a7 Downloading 639.6MB
    node-gitlab:  593a7107a1a7 Downloading 639.6MB
    node-gitlab:  593a7107a1a7 Downloading 639.6MB
    node-gitlab:  593a7107a1a7 Downloading 639.6MB
    node-gitlab:  593a7107a1a7 Downloading 639.6MB
    node-gitlab:  593a7107a1a7 Downloading 639.6MB
    node-gitlab:  593a7107a1a7 Downloading 639.6MB
    node-gitlab:  593a7107a1a7 Downloading 639.6MB
    node-gitlab:  593a7107a1a7 Downloading 639.6MB
    node-gitlab:  593a7107a1a7 Downloading 639.6MB
    node-gitlab:  593a7107a1a7 Downloading 639.6MB
    node-gitlab:  593a7107a1a7 Downloading 639.6MB
    node-gitlab:  593a7107a1a7 Downloading 639.6MB
    node-gitlab:  593a7107a1a7 Downloading 639.6MB
    node-gitlab:  593a7107a1a7 Downloading 639.6MB
    node-gitlab:  593a7107a1a7 Downloading 639.6MB
    node-gitlab:  593a7107a1a7 Downloading 639.6MB
    node-gitlab:  593a7107a1a7 Downloading 639.6MB
    node-gitlab:  593a7107a1a7 Downloading 639.6MB
    node-gitlab:  593a7107a1a7 Downloading 639.6MB
    node-gitlab:  593a7107a1a7 Downloading 639.6MB
    node-gitlab:  593a7107a1a7 Downloading 640.7MB
    node-gitlab:  593a7107a1a7 Downloading 641.7MB
    node-gitlab:  593a7107a1a7 Downloading 643.8MB
    node-gitlab:  593a7107a1a7 Downloading 644.9MB
    node-gitlab:  593a7107a1a7 Downloading 645.9MB
    node-gitlab:  593a7107a1a7 Downloading 647MB
    node-gitlab:  593a7107a1a7 Downloading 648MB
    node-gitlab:  593a7107a1a7 Downloading 649.1MB
    node-gitlab:  593a7107a1a7 Downloading 650.7MB
    node-gitlab:  593a7107a1a7 Downloading 652.2MB
    node-gitlab:  593a7107a1a7 Downloading 653.3MB
    node-gitlab:  593a7107a1a7 Downloading 654.3MB
    node-gitlab:  593a7107a1a7 Downloading 655.4MB
    node-gitlab:  593a7107a1a7 Downloading 656.4MB
    node-gitlab:  593a7107a1a7 Downloading 657.5MB
    node-gitlab:  593a7107a1a7 Downloading 658.5MB
    node-gitlab:  593a7107a1a7 Downloading 660.6MB
    node-gitlab:  593a7107a1a7 Downloading 661.7MB
    node-gitlab:  593a7107a1a7 Downloading 661.7MB
    node-gitlab:  593a7107a1a7 Downloading 662.7MB
    node-gitlab:  593a7107a1a7 Downloading 663.7MB
    node-gitlab:  593a7107a1a7 Downloading 664.8MB
    node-gitlab:  593a7107a1a7 Downloading 665.8MB
    node-gitlab:  593a7107a1a7 Downloading 666.9MB
    node-gitlab:  593a7107a1a7 Downloading 667.9MB
    node-gitlab:  593a7107a1a7 Downloading 669MB
    node-gitlab:  593a7107a1a7 Downloading 670MB
    node-gitlab:  593a7107a1a7 Downloading 671.1MB
    node-gitlab:  593a7107a1a7 Downloading 672.1MB
    node-gitlab:  593a7107a1a7 Downloading 673.2MB
    node-gitlab:  593a7107a1a7 Downloading 674.2MB
    node-gitlab:  593a7107a1a7 Downloading 675.3MB
    node-gitlab:  593a7107a1a7 Downloading 676.3MB
    node-gitlab:  593a7107a1a7 Downloading 677.4MB
    node-gitlab:  593a7107a1a7 Downloading 678.9MB
    node-gitlab:  593a7107a1a7 Downloading 679.9MB
    node-gitlab:  593a7107a1a7 Downloading 680.5MB
    node-gitlab:  593a7107a1a7 Downloading 681.6MB
    node-gitlab:  593a7107a1a7 Downloading 682.6MB
    node-gitlab:  593a7107a1a7 Downloading 682.6MB
    node-gitlab:  593a7107a1a7 Downloading 682.6MB
    node-gitlab:  593a7107a1a7 Downloading 683.7MB
    node-gitlab:  593a7107a1a7 Downloading 684.3MB
    node-gitlab:  593a7107a1a7 Downloading 684.7MB
    node-gitlab:  593a7107a1a7 Downloading 684.7MB
    node-gitlab:  593a7107a1a7 Downloading 684.7MB
    node-gitlab:  593a7107a1a7 Downloading 685MB
    node-gitlab:  593a7107a1a7 Downloading 685.8MB
    node-gitlab:  593a7107a1a7 Downloading 685.8MB
    node-gitlab:  593a7107a1a7 Downloading 685.8MB
    node-gitlab:  593a7107a1a7 Downloading 685.8MB
    node-gitlab:  593a7107a1a7 Downloading 685.8MB
    node-gitlab:  593a7107a1a7 Downloading 685.8MB
    node-gitlab:  593a7107a1a7 Downloading 686.8MB
    node-gitlab:  593a7107a1a7 Downloading 686.8MB
    node-gitlab:  593a7107a1a7 Downloading 687.9MB
    node-gitlab:  593a7107a1a7 Downloading 687.9MB
    node-gitlab:  593a7107a1a7 Downloading 687.9MB
    node-gitlab:  593a7107a1a7 Downloading 688.9MB
    node-gitlab:  593a7107a1a7 Downloading 688.9MB
    node-gitlab:  593a7107a1a7 Downloading 688.9MB
    node-gitlab:  593a7107a1a7 Downloading 688.9MB
    node-gitlab:  593a7107a1a7 Downloading 689.8MB
    node-gitlab:  593a7107a1a7 Downloading 690MB
    node-gitlab:  593a7107a1a7 Downloading 690MB
    node-gitlab:  593a7107a1a7 Downloading 690MB
    node-gitlab:  593a7107a1a7 Downloading 690MB
    node-gitlab:  593a7107a1a7 Downloading 690MB
    node-gitlab:  593a7107a1a7 Downloading 690MB
    node-gitlab:  593a7107a1a7 Downloading 690MB
    node-gitlab:  593a7107a1a7 Downloading 690MB
    node-gitlab:  593a7107a1a7 Downloading 690MB
    node-gitlab:  593a7107a1a7 Downloading 690MB
    node-gitlab:  593a7107a1a7 Downloading 690MB
    node-gitlab:  593a7107a1a7 Downloading 690MB
    node-gitlab:  593a7107a1a7 Downloading 690MB
    node-gitlab:  593a7107a1a7 Downloading 690MB
    node-gitlab:  593a7107a1a7 Downloading 690MB
    node-gitlab:  593a7107a1a7 Downloading 690MB
    node-gitlab:  593a7107a1a7 Downloading 690MB
    node-gitlab:  593a7107a1a7 Downloading 690MB
    node-gitlab:  593a7107a1a7 Downloading 690MB
    node-gitlab:  593a7107a1a7 Downloading 690MB
    node-gitlab:  593a7107a1a7 Downloading 690MB
    node-gitlab:  593a7107a1a7 Downloading 690MB
    node-gitlab:  593a7107a1a7 Downloading 690MB
    node-gitlab:  593a7107a1a7 Downloading 690MB
    node-gitlab:  593a7107a1a7 Downloading 690MB
    node-gitlab:  593a7107a1a7 Downloading 690MB
    node-gitlab:  593a7107a1a7 Downloading 690MB
    node-gitlab:  593a7107a1a7 Downloading 690MB
    node-gitlab:  593a7107a1a7 Downloading 690MB
    node-gitlab:  593a7107a1a7 Downloading 690MB
    node-gitlab:  593a7107a1a7 Downloading 690MB
    node-gitlab:  593a7107a1a7 Downloading 690MB
    node-gitlab:  593a7107a1a7 Downloading 690MB
    node-gitlab:  593a7107a1a7 Downloading 690MB
    node-gitlab:  593a7107a1a7 Downloading 690MB
    node-gitlab:  593a7107a1a7 Downloading 690MB
    node-gitlab:  593a7107a1a7 Downloading 690MB
    node-gitlab:  593a7107a1a7 Downloading 690MB
    node-gitlab:  593a7107a1a7 Downloading 692.1MB
    node-gitlab:  593a7107a1a7 Downloading 693.1MB
    node-gitlab:  593a7107a1a7 Downloading 693.1MB
    node-gitlab:  593a7107a1a7 Downloading 693.1MB
    node-gitlab:  593a7107a1a7 Downloading 693.1MB
    node-gitlab:  593a7107a1a7 Downloading 693.1MB
    node-gitlab:  593a7107a1a7 Downloading 693.1MB
    node-gitlab:  593a7107a1a7 Downloading 693.1MB
    node-gitlab:  593a7107a1a7 Downloading 693.1MB
    node-gitlab:  593a7107a1a7 Downloading 693.1MB
    node-gitlab:  593a7107a1a7 Downloading 693.1MB
    node-gitlab:  593a7107a1a7 Downloading 693.1MB
    node-gitlab:  593a7107a1a7 Downloading 693.1MB
    node-gitlab:  593a7107a1a7 Downloading 695.2MB
    node-gitlab:  593a7107a1a7 Downloading 696.3MB
    node-gitlab:  593a7107a1a7 Downloading 697.3MB
    node-gitlab:  593a7107a1a7 Downloading 698.4MB
    node-gitlab:  593a7107a1a7 Downloading 699.4MB
    node-gitlab:  593a7107a1a7 Downloading 701.5MB
    node-gitlab:  593a7107a1a7 Downloading 702.5MB
    node-gitlab:  593a7107a1a7 Downloading 703.6MB
    node-gitlab:  593a7107a1a7 Downloading 705.7MB
    node-gitlab:  593a7107a1a7 Downloading 706.7MB
    node-gitlab:  593a7107a1a7 Downloading 707.8MB
    node-gitlab:  593a7107a1a7 Downloading 709.9MB
    node-gitlab:  593a7107a1a7 Downloading 710.9MB
    node-gitlab:  593a7107a1a7 Downloading 712MB
    node-gitlab:  593a7107a1a7 Downloading 714.1MB
    node-gitlab:  593a7107a1a7 Downloading 715.1MB
    node-gitlab:  593a7107a1a7 Downloading 716.2MB
    node-gitlab:  593a7107a1a7 Downloading 717.2MB
    node-gitlab:  593a7107a1a7 Downloading 718.3MB
    node-gitlab:  593a7107a1a7 Downloading 719.3MB
    node-gitlab:  593a7107a1a7 Downloading 720.4MB
    node-gitlab:  593a7107a1a7 Downloading 722.5MB
    node-gitlab:  593a7107a1a7 Downloading 723.5MB
    node-gitlab:  593a7107a1a7 Downloading 724.6MB
    node-gitlab:  593a7107a1a7 Downloading 725.6MB
    node-gitlab:  593a7107a1a7 Downloading 726.7MB
    node-gitlab:  593a7107a1a7 Downloading 728.8MB
    node-gitlab:  593a7107a1a7 Downloading 729.8MB
    node-gitlab:  593a7107a1a7 Downloading 730.9MB
    node-gitlab:  593a7107a1a7 Downloading 731.9MB
    node-gitlab:  593a7107a1a7 Downloading 733MB
    node-gitlab:  593a7107a1a7 Downloading 734MB
    node-gitlab:  593a7107a1a7 Downloading 735.2MB
    node-gitlab:  593a7107a1a7 Downloading 737.1MB
    node-gitlab:  593a7107a1a7 Downloading 738.2MB
    node-gitlab:  593a7107a1a7 Downloading 739.2MB
    node-gitlab:  593a7107a1a7 Downloading 740.3MB
    node-gitlab:  593a7107a1a7 Downloading 741.3MB
    node-gitlab:  593a7107a1a7 Downloading 742.4MB
    node-gitlab:  593a7107a1a7 Downloading 742.4MB
    node-gitlab:  593a7107a1a7 Downloading 743.4MB
    node-gitlab:  593a7107a1a7 Downloading 744.5MB
    node-gitlab:  593a7107a1a7 Downloading 745.5MB
    node-gitlab:  593a7107a1a7 Downloading 746.6MB
    node-gitlab:  593a7107a1a7 Downloading 747.6MB
    node-gitlab:  593a7107a1a7 Downloading 748.7MB
    node-gitlab:  593a7107a1a7 Downloading 749.7MB
    node-gitlab:  593a7107a1a7 Downloading 750.3MB
    node-gitlab:  593a7107a1a7 Downloading 750.8MB
    node-gitlab:  593a7107a1a7 Downloading 751.8MB
    node-gitlab:  593a7107a1a7 Downloading 752.9MB
    node-gitlab:  593a7107a1a7 Downloading 753.9MB
    node-gitlab:  593a7107a1a7 Downloading 755MB
    node-gitlab:  593a7107a1a7 Downloading 756MB
    node-gitlab:  593a7107a1a7 Downloading 757.1MB
    node-gitlab:  593a7107a1a7 Downloading 758.1MB
    node-gitlab:  593a7107a1a7 Downloading 760.2MB
    node-gitlab:  593a7107a1a7 Downloading 761.3MB
    node-gitlab:  593a7107a1a7 Downloading 762.3MB
    node-gitlab:  593a7107a1a7 Downloading 763.7MB
    node-gitlab:  593a7107a1a7 Downloading 765.5MB
    node-gitlab:  593a7107a1a7 Downloading 766.5MB
    node-gitlab:  593a7107a1a7 Downloading 767.6MB
    node-gitlab:  593a7107a1a7 Downloading 769MB
    node-gitlab:  593a7107a1a7 Downloading 770.7MB
    node-gitlab:  593a7107a1a7 Downloading 771.8MB
    node-gitlab:  593a7107a1a7 Downloading 773.5MB
    node-gitlab:  593a7107a1a7 Downloading 774.9MB
    node-gitlab:  593a7107a1a7 Downloading 775.9MB
    node-gitlab:  593a7107a1a7 Downloading 778MB
    node-gitlab:  593a7107a1a7 Downloading 779.1MB
    node-gitlab:  593a7107a1a7 Downloading 780.1MB
    node-gitlab:  593a7107a1a7 Downloading 781.2MB
    node-gitlab:  593a7107a1a7 Downloading 783.3MB
    node-gitlab:  593a7107a1a7 Downloading 784.3MB
    node-gitlab:  593a7107a1a7 Downloading 785.4MB
    node-gitlab:  593a7107a1a7 Downloading 786.4MB
    node-gitlab:  593a7107a1a7 Downloading 788.5MB
    node-gitlab:  593a7107a1a7 Downloading 789.6MB
    node-gitlab:  593a7107a1a7 Downloading 791.7MB
    node-gitlab:  593a7107a1a7 Downloading 792.7MB
    node-gitlab:  593a7107a1a7 Downloading 793.8MB
    node-gitlab:  593a7107a1a7 Downloading 795.2MB
    node-gitlab:  593a7107a1a7 Downloading 796.9MB
    node-gitlab:  593a7107a1a7 Downloading 798MB
    node-gitlab:  593a7107a1a7 Downloading 799MB
    node-gitlab:  593a7107a1a7 Downloading 801.1MB
    node-gitlab:  593a7107a1a7 Downloading 802.2MB
    node-gitlab:  593a7107a1a7 Downloading 803.2MB
    node-gitlab:  593a7107a1a7 Downloading 805.3MB
    node-gitlab:  593a7107a1a7 Downloading 806.4MB
    node-gitlab:  593a7107a1a7 Downloading 807.4MB
    node-gitlab:  593a7107a1a7 Downloading 808.5MB
    node-gitlab:  593a7107a1a7 Downloading 809.5MB
    node-gitlab:  593a7107a1a7 Downloading 810.5MB
    node-gitlab:  593a7107a1a7 Downloading 811.6MB
    node-gitlab:  593a7107a1a7 Downloading 812.6MB
    node-gitlab:  593a7107a1a7 Downloading 813.9MB
    node-gitlab:  593a7107a1a7 Downloading 815.8MB
    node-gitlab:  593a7107a1a7 Downloading 815.8MB
    node-gitlab:  593a7107a1a7 Downloading 816.8MB
    node-gitlab:  593a7107a1a7 Downloading 817.9MB
    node-gitlab:  593a7107a1a7 Downloading 820MB
    node-gitlab:  593a7107a1a7 Downloading 821MB
    node-gitlab:  593a7107a1a7 Downloading 821MB
    node-gitlab:  593a7107a1a7 Downloading 822.1MB
    node-gitlab:  593a7107a1a7 Downloading 822.1MB
    node-gitlab:  593a7107a1a7 Downloading 823.1MB
    node-gitlab:  593a7107a1a7 Downloading 823.1MB
    node-gitlab:  593a7107a1a7 Downloading 825.2MB
    node-gitlab:  593a7107a1a7 Downloading 825.2MB
    node-gitlab:  593a7107a1a7 Downloading 827.3MB
    node-gitlab:  593a7107a1a7 Downloading 828.4MB
    node-gitlab:  593a7107a1a7 Downloading 829.4MB
    node-gitlab:  593a7107a1a7 Downloading 831.5MB
    node-gitlab:  593a7107a1a7 Downloading 832.5MB
    node-gitlab:  593a7107a1a7 Downloading 833.6MB
    node-gitlab:  593a7107a1a7 Downloading 834.7MB
    node-gitlab:  593a7107a1a7 Downloading 835.7MB
    node-gitlab:  593a7107a1a7 Downloading 836.8MB
    node-gitlab:  593a7107a1a7 Downloading 838MB
    node-gitlab:  593a7107a1a7 Downloading 839.9MB
    node-gitlab:  593a7107a1a7 Downloading 841MB
    node-gitlab:  593a7107a1a7 Downloading 842.4MB
    node-gitlab:  593a7107a1a7 Downloading 844.1MB
    node-gitlab:  593a7107a1a7 Downloading 845.2MB
    node-gitlab:  593a7107a1a7 Downloading 846.7MB
    node-gitlab:  593a7107a1a7 Downloading 848.3MB
    node-gitlab:  593a7107a1a7 Downloading 849.3MB
    node-gitlab:  593a7107a1a7 Downloading 851.4MB
    node-gitlab:  593a7107a1a7 Downloading 852.5MB
    node-gitlab:  593a7107a1a7 Downloading 853.5MB
    node-gitlab:  593a7107a1a7 Downloading 855.6MB
    node-gitlab:  593a7107a1a7 Downloading 856.7MB
    node-gitlab:  593a7107a1a7 Downloading 857.7MB
    node-gitlab:  593a7107a1a7 Downloading 858.8MB
    node-gitlab:  593a7107a1a7 Downloading 860.9MB
    node-gitlab:  593a7107a1a7 Downloading 861.9MB
    node-gitlab:  593a7107a1a7 Downloading 863MB
    node-gitlab:  593a7107a1a7 Downloading 865MB
    node-gitlab:  593a7107a1a7 Downloading 866.1MB
    node-gitlab:  593a7107a1a7 Downloading 867.2MB
    node-gitlab:  593a7107a1a7 Downloading 868.2MB
    node-gitlab:  593a7107a1a7 Downloading 869.5MB
    node-gitlab:  593a7107a1a7 Downloading 871.4MB
    node-gitlab:  593a7107a1a7 Downloading 872.4MB
    node-gitlab:  593a7107a1a7 Downloading 873.5MB
    node-gitlab:  593a7107a1a7 Downloading 874.5MB
    node-gitlab:  593a7107a1a7 Downloading 876.6MB
    node-gitlab:  593a7107a1a7 Downloading 877.7MB
    node-gitlab:  593a7107a1a7 Downloading 878.7MB
    node-gitlab:  593a7107a1a7 Downloading 879.8MB
    node-gitlab:  593a7107a1a7 Downloading 880.8MB
    node-gitlab:  593a7107a1a7 Downloading 882.9MB
    node-gitlab:  593a7107a1a7 Downloading 883.9MB
    node-gitlab:  593a7107a1a7 Downloading 885MB
    node-gitlab:  593a7107a1a7 Downloading 886MB
    node-gitlab:  593a7107a1a7 Downloading 887.1MB
    node-gitlab:  593a7107a1a7 Downloading 889.2MB
    node-gitlab:  593a7107a1a7 Downloading 890.2MB
    node-gitlab:  593a7107a1a7 Downloading 891.3MB
    node-gitlab:  593a7107a1a7 Downloading 893.4MB
    node-gitlab:  593a7107a1a7 Downloading 894.4MB
    node-gitlab:  593a7107a1a7 Downloading 895.5MB
    node-gitlab:  593a7107a1a7 Downloading 897.6MB
    node-gitlab:  593a7107a1a7 Downloading 898.6MB
    node-gitlab:  593a7107a1a7 Downloading 899.7MB
    node-gitlab:  593a7107a1a7 Downloading 901.8MB
    node-gitlab:  593a7107a1a7 Downloading 902.8MB
    node-gitlab:  593a7107a1a7 Downloading 903.9MB
    node-gitlab:  593a7107a1a7 Downloading 905.3MB
    node-gitlab:  593a7107a1a7 Downloading 906.5MB
    node-gitlab:  593a7107a1a7 Downloading 908.1MB
    node-gitlab:  593a7107a1a7 Downloading 909.1MB
    node-gitlab:  593a7107a1a7 Downloading 910.2MB
    node-gitlab:  593a7107a1a7 Downloading 911.2MB
    node-gitlab:  593a7107a1a7 Downloading 912.3MB
    node-gitlab:  593a7107a1a7 Downloading 913.3MB
    node-gitlab:  593a7107a1a7 Downloading 914.4MB
    node-gitlab:  593a7107a1a7 Downloading 916.5MB
    node-gitlab:  593a7107a1a7 Downloading 917.5MB
    node-gitlab:  593a7107a1a7 Downloading 918.6MB
    node-gitlab:  593a7107a1a7 Downloading 920.6MB
    node-gitlab:  593a7107a1a7 Downloading 921.7MB
    node-gitlab:  593a7107a1a7 Downloading 923.1MB
    node-gitlab:  593a7107a1a7 Downloading 924.8MB
    node-gitlab:  593a7107a1a7 Downloading 925.9MB
    node-gitlab:  593a7107a1a7 Downloading 926.9MB
    node-gitlab:  593a7107a1a7 Downloading 928MB
    node-gitlab:  593a7107a1a7 Downloading 929.2MB
    node-gitlab:  593a7107a1a7 Downloading 931.1MB
    node-gitlab:  593a7107a1a7 Downloading 932.2MB
    node-gitlab:  593a7107a1a7 Downloading 933.2MB
    node-gitlab:  593a7107a1a7 Downloading 934.3MB
    node-gitlab:  593a7107a1a7 Downloading 935.3MB
    node-gitlab:  593a7107a1a7 Downloading 936.4MB
    node-gitlab:  593a7107a1a7 Downloading 938.5MB
    node-gitlab:  593a7107a1a7 Downloading 939.5MB
    node-gitlab:  593a7107a1a7 Downloading 940.6MB
    node-gitlab:  593a7107a1a7 Downloading 941.6MB
    node-gitlab:  593a7107a1a7 Downloading 942.7MB
    node-gitlab:  593a7107a1a7 Downloading 943.7MB
    node-gitlab:  593a7107a1a7 Downloading 945.8MB
    node-gitlab:  593a7107a1a7 Downloading 946.9MB
    node-gitlab:  593a7107a1a7 Downloading 948.1MB
    node-gitlab:  593a7107a1a7 Downloading 950MB
    node-gitlab:  593a7107a1a7 Downloading 951.1MB
    node-gitlab:  593a7107a1a7 Downloading 953.2MB
    node-gitlab:  593a7107a1a7 Downloading 954.2MB
    node-gitlab:  593a7107a1a7 Downloading 955.3MB
    node-gitlab:  593a7107a1a7 Downloading 956.3MB
    node-gitlab:  593a7107a1a7 Downloading 958.1MB
    node-gitlab:  593a7107a1a7 Downloading 959.4MB
    node-gitlab:  593a7107a1a7 Downloading 960.5MB
    node-gitlab:  593a7107a1a7 Downloading 962.4MB
    node-gitlab:  593a7107a1a7 Downloading 963.6MB
    node-gitlab:  593a7107a1a7 Downloading 964.7MB
    node-gitlab:  593a7107a1a7 Downloading 966.8MB
    node-gitlab:  593a7107a1a7 Downloading 967.8MB
    node-gitlab:  593a7107a1a7 Downloading 968.9MB
    node-gitlab:  593a7107a1a7 Downloading 971MB
    node-gitlab:  593a7107a1a7 Downloading 972MB
    node-gitlab:  593a7107a1a7 Downloading 973.1MB
    node-gitlab:  593a7107a1a7 Downloading 974.7MB
    node-gitlab:  593a7107a1a7 Downloading 976.2MB
    node-gitlab:  593a7107a1a7 Downloading 977.3MB
    node-gitlab:  593a7107a1a7 Downloading 979.4MB
    node-gitlab:  593a7107a1a7 Downloading 980.4MB
    node-gitlab:  593a7107a1a7 Downloading 981.5MB
    node-gitlab:  593a7107a1a7 Downloading 983.5MB
    node-gitlab:  593a7107a1a7 Downloading 984.6MB
    node-gitlab:  593a7107a1a7 Downloading 985.7MB
    node-gitlab:  593a7107a1a7 Downloading 986.7MB
    node-gitlab:  593a7107a1a7 Downloading 987.8MB
    node-gitlab:  593a7107a1a7 Downloading 988.8MB
    node-gitlab:  593a7107a1a7 Downloading 989.9MB
    node-gitlab:  593a7107a1a7 Downloading 990.9MB
    node-gitlab:  593a7107a1a7 Downloading 992MB
    node-gitlab:  593a7107a1a7 Downloading 993MB
    node-gitlab:  593a7107a1a7 Downloading 994.1MB
    node-gitlab:  593a7107a1a7 Downloading 995.1MB
    node-gitlab:  593a7107a1a7 Downloading 996.1MB
    node-gitlab:  593a7107a1a7 Downloading 997.2MB
    node-gitlab:  593a7107a1a7 Downloading 998.2MB
    node-gitlab:  593a7107a1a7 Downloading 999.3MB
    node-gitlab:  593a7107a1a7 Downloading 1GB
    node-gitlab:  593a7107a1a7 Downloading 1.001GB
    node-gitlab:  593a7107a1a7 Downloading 1.002GB
    node-gitlab:  593a7107a1a7 Downloading 1.003GB
    node-gitlab:  593a7107a1a7 Downloading 1.005GB
    node-gitlab:  593a7107a1a7 Downloading 1.006GB
    node-gitlab:  593a7107a1a7 Downloading 1.007GB
    node-gitlab:  593a7107a1a7 Downloading 1.009GB
    node-gitlab:  593a7107a1a7 Downloading 1.01GB
    node-gitlab:  593a7107a1a7 Downloading 1.011GB
    node-gitlab:  593a7107a1a7 Downloading 1.013GB
    node-gitlab:  593a7107a1a7 Downloading 1.014GB
    node-gitlab:  593a7107a1a7 Downloading 1.015GB
    node-gitlab:  593a7107a1a7 Downloading 1.017GB
    node-gitlab:  593a7107a1a7 Downloading 1.018GB
    node-gitlab:  593a7107a1a7 Downloading 1.019GB
    node-gitlab:  593a7107a1a7 Downloading 1.021GB
    node-gitlab:  593a7107a1a7 Downloading 1.022GB
    node-gitlab:  593a7107a1a7 Downloading 1.024GB
    node-gitlab:  593a7107a1a7 Downloading 1.026GB
    node-gitlab:  593a7107a1a7 Downloading 1.027GB
    node-gitlab:  593a7107a1a7 Downloading 1.028GB
    node-gitlab:  593a7107a1a7 Downloading 1.03GB
    node-gitlab:  593a7107a1a7 Downloading 1.031GB
    node-gitlab:  593a7107a1a7 Downloading 1.032GB
    node-gitlab:  593a7107a1a7 Downloading 1.033GB
    node-gitlab:  593a7107a1a7 Downloading 1.034GB
    node-gitlab:  593a7107a1a7 Downloading 1.036GB
    node-gitlab:  593a7107a1a7 Downloading 1.037GB
    node-gitlab:  593a7107a1a7 Downloading 1.039GB
    node-gitlab:  593a7107a1a7 Downloading 1.04GB
    node-gitlab:  593a7107a1a7 Downloading 1.041GB
    node-gitlab:  593a7107a1a7 Downloading 1.043GB
    node-gitlab:  593a7107a1a7 Downloading 1.044GB
    node-gitlab:  593a7107a1a7 Downloading 1.045GB
    node-gitlab:  593a7107a1a7 Downloading 1.046GB
    node-gitlab:  593a7107a1a7 Downloading 1.049GB
    node-gitlab:  593a7107a1a7 Downloading 1.05GB
    node-gitlab:  593a7107a1a7 Downloading 1.051GB
    node-gitlab:  593a7107a1a7 Downloading 1.053GB
    node-gitlab:  593a7107a1a7 Downloading 1.054GB
    node-gitlab:  593a7107a1a7 Downloading 1.055GB
    node-gitlab:  593a7107a1a7 Downloading 1.056GB
    node-gitlab:  593a7107a1a7 Downloading 1.058GB
    node-gitlab:  593a7107a1a7 Downloading 1.059GB
    node-gitlab:  593a7107a1a7 Downloading 1.061GB
    node-gitlab:  593a7107a1a7 Downloading 1.062GB
    node-gitlab:  593a7107a1a7 Downloading 1.063GB
    node-gitlab:  593a7107a1a7 Downloading 1.065GB
    node-gitlab:  593a7107a1a7 Downloading 1.066GB
    node-gitlab:  593a7107a1a7 Downloading 1.067GB
    node-gitlab:  593a7107a1a7 Downloading 1.069GB
    node-gitlab:  593a7107a1a7 Downloading 1.071GB
    node-gitlab:  593a7107a1a7 Downloading 1.072GB
    node-gitlab:  593a7107a1a7 Downloading 1.074GB
    node-gitlab:  593a7107a1a7 Downloading 1.076GB
    node-gitlab:  593a7107a1a7 Downloading 1.078GB
    node-gitlab:  593a7107a1a7 Downloading 1.08GB
    node-gitlab:  593a7107a1a7 Downloading 1.082GB
    node-gitlab:  593a7107a1a7 Downloading 1.083GB
    node-gitlab:  593a7107a1a7 Downloading 1.085GB
    node-gitlab:  593a7107a1a7 Downloading 1.087GB
    node-gitlab:  593a7107a1a7 Downloading 1.089GB
    node-gitlab:  593a7107a1a7 Downloading 1.091GB
    node-gitlab:  593a7107a1a7 Downloading 1.093GB
    node-gitlab:  593a7107a1a7 Downloading 1.095GB
    node-gitlab:  593a7107a1a7 Downloading 1.097GB
    node-gitlab:  593a7107a1a7 Downloading 1.098GB
    node-gitlab:  593a7107a1a7 Downloading 1.1GB
    node-gitlab:  593a7107a1a7 Downloading 1.101GB
    node-gitlab:  593a7107a1a7 Downloading 1.103GB
    node-gitlab:  593a7107a1a7 Downloading 1.105GB
    node-gitlab:  593a7107a1a7 Downloading 1.107GB
    node-gitlab:  593a7107a1a7 Downloading 1.109GB
    node-gitlab:  593a7107a1a7 Downloading 1.11GB
    node-gitlab:  593a7107a1a7 Downloading 1.113GB
    node-gitlab:  593a7107a1a7 Downloading 1.115GB
    node-gitlab:  593a7107a1a7 Downloading 1.117GB
    node-gitlab:  593a7107a1a7 Downloading 1.118GB
    node-gitlab:  593a7107a1a7 Downloading 1.12GB
    node-gitlab:  593a7107a1a7 Downloading 1.122GB
    node-gitlab:  593a7107a1a7 Downloading 1.124GB
    node-gitlab:  593a7107a1a7 Downloading 1.126GB
    node-gitlab:  593a7107a1a7 Downloading 1.127GB
    node-gitlab:  593a7107a1a7 Downloading 1.129GB
    node-gitlab:  593a7107a1a7 Downloading 1.13GB
    node-gitlab:  593a7107a1a7 Downloading 1.132GB
    node-gitlab:  593a7107a1a7 Downloading 1.135GB
    node-gitlab:  593a7107a1a7 Downloading 1.136GB
    node-gitlab:  593a7107a1a7 Downloading 1.138GB
    node-gitlab:  593a7107a1a7 Downloading 1.14GB
    node-gitlab:  593a7107a1a7 Downloading 1.141GB
    node-gitlab:  593a7107a1a7 Downloading 1.143GB
    node-gitlab:  593a7107a1a7 Downloading 1.145GB
    node-gitlab:  593a7107a1a7 Downloading 1.147GB
    node-gitlab:  593a7107a1a7 Downloading 1.149GB
    node-gitlab:  593a7107a1a7 Downloading 1.151GB
    node-gitlab:  593a7107a1a7 Downloading 1.152GB
    node-gitlab:  593a7107a1a7 Downloading 1.154GB
    node-gitlab:  593a7107a1a7 Downloading 1.157GB
    node-gitlab:  593a7107a1a7 Downloading 1.158GB
    node-gitlab:  593a7107a1a7 Downloading 1.16GB
    node-gitlab:  593a7107a1a7 Downloading 1.161GB
    node-gitlab:  593a7107a1a7 Downloading 1.163GB
    node-gitlab:  593a7107a1a7 Downloading 1.165GB
    node-gitlab:  593a7107a1a7 Downloading 1.167GB
    node-gitlab:  593a7107a1a7 Downloading 1.169GB
    node-gitlab:  593a7107a1a7 Downloading 1.17GB
    node-gitlab:  593a7107a1a7 Downloading 1.172GB
    node-gitlab:  593a7107a1a7 Downloading 1.174GB
    node-gitlab:  593a7107a1a7 Downloading 1.177GB
    node-gitlab:  593a7107a1a7 Downloading 1.179GB
    node-gitlab:  593a7107a1a7 Downloading 1.181GB
    node-gitlab:  593a7107a1a7 Downloading 1.183GB
    node-gitlab:  593a7107a1a7 Downloading 1.184GB
    node-gitlab:  593a7107a1a7 Downloading 1.186GB
    node-gitlab:  593a7107a1a7 Downloading 1.188GB
    node-gitlab:  593a7107a1a7 Downloading 1.19GB
    node-gitlab:  593a7107a1a7 Downloading 1.191GB
    node-gitlab:  593a7107a1a7 Downloading 1.193GB
    node-gitlab:  593a7107a1a7 Downloading 1.195GB
    node-gitlab:  593a7107a1a7 Downloading 1.197GB
    node-gitlab:  593a7107a1a7 Downloading 1.199GB
    node-gitlab:  593a7107a1a7 Downloading 1.201GB
    node-gitlab:  593a7107a1a7 Downloading 1.203GB
    node-gitlab:  593a7107a1a7 Downloading 1.205GB
    node-gitlab:  593a7107a1a7 Downloading 1.207GB
    node-gitlab:  593a7107a1a7 Downloading 1.208GB
    node-gitlab:  593a7107a1a7 Downloading 1.208GB
    node-gitlab:  593a7107a1a7 Downloading 1.208GB
    node-gitlab:  593a7107a1a7 Downloading 1.208GB
    node-gitlab:  593a7107a1a7 Downloading 1.208GB
    node-gitlab:  593a7107a1a7 Downloading 1.208GB
    node-gitlab:  593a7107a1a7 Downloading 1.208GB
    node-gitlab:  593a7107a1a7 Downloading 1.208GB
    node-gitlab:  593a7107a1a7 Downloading 1.208GB
    node-gitlab:  593a7107a1a7 Downloading 1.208GB
    node-gitlab:  593a7107a1a7 Downloading 1.208GB
    node-gitlab:  593a7107a1a7 Download complete 0B
    node-gitlab:  593a7107a1a7 Extracting 1B
    node-gitlab:  593a7107a1a7 Extracting 1B
    node-gitlab:  593a7107a1a7 Extracting 1B
    node-gitlab:  593a7107a1a7 Extracting 1B
    node-gitlab:  593a7107a1a7 Extracting 1B
    node-gitlab:  593a7107a1a7 Extracting 1B
    node-gitlab:  593a7107a1a7 Extracting 1B
    node-gitlab:  593a7107a1a7 Extracting 1B
    node-gitlab:  593a7107a1a7 Extracting 1B
    node-gitlab:  593a7107a1a7 Extracting 1B
    node-gitlab:  593a7107a1a7 Extracting 1B
    node-gitlab:  593a7107a1a7 Extracting 2B
    node-gitlab:  593a7107a1a7 Extracting 2B
    node-gitlab:  593a7107a1a7 Extracting 2B
    node-gitlab:  593a7107a1a7 Extracting 2B
    node-gitlab:  593a7107a1a7 Extracting 2B
    node-gitlab:  593a7107a1a7 Extracting 2B
    node-gitlab:  593a7107a1a7 Extracting 2B
    node-gitlab:  593a7107a1a7 Extracting 2B
    node-gitlab:  593a7107a1a7 Extracting 2B
    node-gitlab:  593a7107a1a7 Extracting 3B
    node-gitlab:  593a7107a1a7 Extracting 3B
    node-gitlab:  593a7107a1a7 Extracting 3B
    node-gitlab:  593a7107a1a7 Extracting 3B
    node-gitlab:  593a7107a1a7 Extracting 3B
    node-gitlab:  593a7107a1a7 Extracting 3B
    node-gitlab:  593a7107a1a7 Extracting 3B
    node-gitlab:  593a7107a1a7 Extracting 3B
    node-gitlab:  593a7107a1a7 Extracting 3B
    node-gitlab:  593a7107a1a7 Extracting 3B
    node-gitlab:  593a7107a1a7 Extracting 3B
    node-gitlab:  593a7107a1a7 Extracting 4B
    node-gitlab:  593a7107a1a7 Extracting 4B
    node-gitlab:  593a7107a1a7 Extracting 4B
    node-gitlab:  593a7107a1a7 Extracting 4B
    node-gitlab:  593a7107a1a7 Extracting 4B
    node-gitlab:  593a7107a1a7 Extracting 4B
    node-gitlab:  593a7107a1a7 Extracting 4B
    node-gitlab:  593a7107a1a7 Extracting 4B
    node-gitlab:  593a7107a1a7 Extracting 4B
    node-gitlab:  593a7107a1a7 Extracting 4B
    node-gitlab:  593a7107a1a7 Extracting 5B
    node-gitlab:  593a7107a1a7 Extracting 5B
    node-gitlab:  593a7107a1a7 Extracting 5B
    node-gitlab:  593a7107a1a7 Extracting 5B
    node-gitlab:  593a7107a1a7 Extracting 5B
    node-gitlab:  593a7107a1a7 Extracting 5B
    node-gitlab:  593a7107a1a7 Extracting 5B
    node-gitlab:  593a7107a1a7 Extracting 5B
    node-gitlab:  593a7107a1a7 Extracting 5B
    node-gitlab:  593a7107a1a7 Extracting 5B
    node-gitlab:  593a7107a1a7 Extracting 6B
    node-gitlab:  593a7107a1a7 Extracting 6B
    node-gitlab:  593a7107a1a7 Extracting 6B
    node-gitlab:  593a7107a1a7 Extracting 6B
    node-gitlab:  593a7107a1a7 Extracting 6B
    node-gitlab:  593a7107a1a7 Extracting 6B
    node-gitlab:  593a7107a1a7 Extracting 6B
    node-gitlab:  593a7107a1a7 Extracting 6B
    node-gitlab:  593a7107a1a7 Extracting 6B
    node-gitlab:  593a7107a1a7 Extracting 6B
    node-gitlab:  593a7107a1a7 Extracting 7B
    node-gitlab:  593a7107a1a7 Extracting 7B
    node-gitlab:  593a7107a1a7 Extracting 7B
    node-gitlab:  593a7107a1a7 Extracting 7B
    node-gitlab:  593a7107a1a7 Extracting 7B
    node-gitlab:  593a7107a1a7 Extracting 7B
    node-gitlab:  593a7107a1a7 Extracting 7B
    node-gitlab:  593a7107a1a7 Extracting 7B
    node-gitlab:  593a7107a1a7 Extracting 7B
    node-gitlab:  593a7107a1a7 Extracting 7B
    node-gitlab:  593a7107a1a7 Extracting 8B
    node-gitlab:  593a7107a1a7 Extracting 8B
    node-gitlab:  593a7107a1a7 Extracting 8B
    node-gitlab:  593a7107a1a7 Extracting 8B
    node-gitlab:  593a7107a1a7 Extracting 8B
    node-gitlab:  593a7107a1a7 Extracting 8B
    node-gitlab:  593a7107a1a7 Extracting 8B
    node-gitlab:  593a7107a1a7 Extracting 8B
    node-gitlab:  593a7107a1a7 Extracting 8B
    node-gitlab:  593a7107a1a7 Extracting 8B
    node-gitlab:  593a7107a1a7 Extracting 9B
    node-gitlab:  593a7107a1a7 Extracting 9B
    node-gitlab:  593a7107a1a7 Extracting 9B
    node-gitlab:  593a7107a1a7 Extracting 9B
    node-gitlab:  593a7107a1a7 Extracting 9B
    node-gitlab:  593a7107a1a7 Extracting 9B
    node-gitlab:  593a7107a1a7 Extracting 9B
    node-gitlab:  593a7107a1a7 Extracting 9B
    node-gitlab:  593a7107a1a7 Extracting 9B
    node-gitlab:  593a7107a1a7 Extracting 9B
    node-gitlab:  593a7107a1a7 Extracting 10B
    node-gitlab:  593a7107a1a7 Extracting 10B
    node-gitlab:  593a7107a1a7 Extracting 10B
    node-gitlab:  593a7107a1a7 Extracting 10B
    node-gitlab:  593a7107a1a7 Extracting 10B
    node-gitlab:  593a7107a1a7 Extracting 10B
    node-gitlab:  593a7107a1a7 Extracting 10B
    node-gitlab:  593a7107a1a7 Extracting 10B
    node-gitlab:  593a7107a1a7 Extracting 10B
    node-gitlab:  593a7107a1a7 Extracting 10B
    node-gitlab:  593a7107a1a7 Extracting 11B
    node-gitlab:  593a7107a1a7 Extracting 11B
    node-gitlab:  593a7107a1a7 Extracting 11B
    node-gitlab:  593a7107a1a7 Extracting 11B
    node-gitlab:  593a7107a1a7 Extracting 11B
    node-gitlab:  593a7107a1a7 Extracting 11B
    node-gitlab:  593a7107a1a7 Extracting 11B
    node-gitlab:  593a7107a1a7 Extracting 11B
    node-gitlab:  593a7107a1a7 Extracting 12B
    node-gitlab:  593a7107a1a7 Extracting 12B
    node-gitlab:  593a7107a1a7 Extracting 12B
    node-gitlab:  593a7107a1a7 Extracting 12B
    node-gitlab:  593a7107a1a7 Extracting 12B
    node-gitlab:  593a7107a1a7 Extracting 12B
    node-gitlab:  593a7107a1a7 Extracting 12B
    node-gitlab:  593a7107a1a7 Extracting 12B
    node-gitlab:  593a7107a1a7 Extracting 12B
    node-gitlab:  593a7107a1a7 Extracting 12B
    node-gitlab:  593a7107a1a7 Extracting 13B
    node-gitlab:  593a7107a1a7 Extracting 13B
    node-gitlab:  593a7107a1a7 Extracting 13B
    node-gitlab:  593a7107a1a7 Extracting 13B
    node-gitlab:  593a7107a1a7 Extracting 13B
    node-gitlab:  593a7107a1a7 Extracting 13B
    node-gitlab:  593a7107a1a7 Extracting 13B
    node-gitlab:  593a7107a1a7 Extracting 13B
    node-gitlab:  593a7107a1a7 Extracting 13B
    node-gitlab:  593a7107a1a7 Extracting 14B
    node-gitlab:  593a7107a1a7 Extracting 14B
    node-gitlab:  593a7107a1a7 Extracting 14B
    node-gitlab:  593a7107a1a7 Extracting 14B
    node-gitlab:  593a7107a1a7 Extracting 14B
    node-gitlab:  593a7107a1a7 Extracting 14B
    node-gitlab:  593a7107a1a7 Extracting 14B
    node-gitlab:  593a7107a1a7 Extracting 14B
    node-gitlab:  593a7107a1a7 Extracting 14B
    node-gitlab:  593a7107a1a7 Extracting 14B
    node-gitlab:  593a7107a1a7 Extracting 15B
    node-gitlab:  593a7107a1a7 Extracting 15B
    node-gitlab:  593a7107a1a7 Extracting 15B
    node-gitlab:  593a7107a1a7 Extracting 15B
    node-gitlab:  593a7107a1a7 Extracting 15B
    node-gitlab:  593a7107a1a7 Extracting 15B
    node-gitlab:  593a7107a1a7 Extracting 15B
    node-gitlab:  593a7107a1a7 Extracting 15B
    node-gitlab:  593a7107a1a7 Extracting 15B
    node-gitlab:  593a7107a1a7 Extracting 15B
    node-gitlab:  593a7107a1a7 Extracting 15B
    node-gitlab:  593a7107a1a7 Extracting 16B
    node-gitlab:  593a7107a1a7 Extracting 16B
    node-gitlab:  593a7107a1a7 Extracting 16B
    node-gitlab:  593a7107a1a7 Extracting 16B
    node-gitlab:  593a7107a1a7 Extracting 16B
    node-gitlab:  593a7107a1a7 Extracting 16B
    node-gitlab:  593a7107a1a7 Extracting 16B
    node-gitlab:  593a7107a1a7 Extracting 16B
    node-gitlab:  593a7107a1a7 Extracting 16B
    node-gitlab:  593a7107a1a7 Extracting 17B
    node-gitlab:  593a7107a1a7 Extracting 17B
    node-gitlab:  593a7107a1a7 Extracting 17B
    node-gitlab:  593a7107a1a7 Extracting 17B
    node-gitlab:  593a7107a1a7 Extracting 17B
    node-gitlab:  593a7107a1a7 Extracting 17B
    node-gitlab:  593a7107a1a7 Extracting 17B
    node-gitlab:  593a7107a1a7 Extracting 17B
    node-gitlab:  593a7107a1a7 Extracting 17B
    node-gitlab:  593a7107a1a7 Extracting 17B
    node-gitlab:  593a7107a1a7 Extracting 17B
    node-gitlab:  593a7107a1a7 Extracting 18B
    node-gitlab:  593a7107a1a7 Extracting 18B
    node-gitlab:  593a7107a1a7 Extracting 18B
    node-gitlab:  593a7107a1a7 Extracting 18B
    node-gitlab:  593a7107a1a7 Extracting 18B
    node-gitlab:  593a7107a1a7 Extracting 18B
    node-gitlab:  593a7107a1a7 Extracting 18B
    node-gitlab:  593a7107a1a7 Extracting 18B
    node-gitlab:  593a7107a1a7 Extracting 18B
    node-gitlab:  593a7107a1a7 Extracting 19B
    node-gitlab:  593a7107a1a7 Extracting 19B
    node-gitlab:  593a7107a1a7 Extracting 19B
    node-gitlab:  593a7107a1a7 Extracting 19B
    node-gitlab:  593a7107a1a7 Extracting 19B
    node-gitlab:  593a7107a1a7 Extracting 19B
    node-gitlab:  593a7107a1a7 Extracting 19B
    node-gitlab:  593a7107a1a7 Extracting 19B
    node-gitlab:  593a7107a1a7 Extracting 19B
    node-gitlab:  593a7107a1a7 Extracting 19B
    node-gitlab:  593a7107a1a7 Extracting 20B
    node-gitlab:  593a7107a1a7 Extracting 20B
    node-gitlab:  593a7107a1a7 Extracting 20B
    node-gitlab:  593a7107a1a7 Extracting 20B
    node-gitlab:  593a7107a1a7 Extracting 20B
    node-gitlab:  593a7107a1a7 Extracting 20B
    node-gitlab:  593a7107a1a7 Extracting 20B
    node-gitlab:  593a7107a1a7 Extracting 20B
    node-gitlab:  593a7107a1a7 Extracting 20B
    node-gitlab:  593a7107a1a7 Extracting 20B
    node-gitlab:  593a7107a1a7 Extracting 20B
    node-gitlab:  593a7107a1a7 Extracting 21B
    node-gitlab:  593a7107a1a7 Extracting 21B
    node-gitlab:  593a7107a1a7 Extracting 21B
    node-gitlab:  593a7107a1a7 Extracting 21B
    node-gitlab:  593a7107a1a7 Extracting 21B
    node-gitlab:  593a7107a1a7 Extracting 21B
    node-gitlab:  593a7107a1a7 Extracting 21B
    node-gitlab:  593a7107a1a7 Extracting 21B
    node-gitlab:  593a7107a1a7 Extracting 21B
    node-gitlab:  593a7107a1a7 Extracting 22B
    node-gitlab:  593a7107a1a7 Extracting 22B
    node-gitlab:  593a7107a1a7 Extracting 22B
    node-gitlab:  593a7107a1a7 Extracting 22B
    node-gitlab:  593a7107a1a7 Extracting 22B
    node-gitlab:  593a7107a1a7 Extracting 22B
    node-gitlab:  593a7107a1a7 Extracting 22B
    node-gitlab:  593a7107a1a7 Extracting 22B
    node-gitlab:  593a7107a1a7 Extracting 22B
    node-gitlab:  593a7107a1a7 Extracting 22B
    node-gitlab:  593a7107a1a7 Extracting 22B
    node-gitlab:  593a7107a1a7 Extracting 23B
    node-gitlab:  593a7107a1a7 Extracting 23B
    node-gitlab:  593a7107a1a7 Extracting 23B
    node-gitlab:  593a7107a1a7 Extracting 23B
    node-gitlab:  593a7107a1a7 Extracting 23B
    node-gitlab:  593a7107a1a7 Extracting 23B
    node-gitlab:  593a7107a1a7 Extracting 23B
    node-gitlab:  593a7107a1a7 Extracting 23B
    node-gitlab:  593a7107a1a7 Extracting 23B
    node-gitlab:  593a7107a1a7 Extracting 23B
    node-gitlab:  593a7107a1a7 Extracting 24B
    node-gitlab:  593a7107a1a7 Extracting 24B
    node-gitlab:  593a7107a1a7 Extracting 24B
    node-gitlab:  593a7107a1a7 Extracting 24B
    node-gitlab:  593a7107a1a7 Extracting 24B
    node-gitlab:  593a7107a1a7 Extracting 24B
    node-gitlab:  593a7107a1a7 Extracting 24B
    node-gitlab:  593a7107a1a7 Extracting 24B
    node-gitlab:  593a7107a1a7 Extracting 24B
    node-gitlab:  593a7107a1a7 Extracting 24B
    node-gitlab:  593a7107a1a7 Extracting 25B
    node-gitlab:  593a7107a1a7 Extracting 25B
    node-gitlab:  593a7107a1a7 Extracting 25B
    node-gitlab:  593a7107a1a7 Extracting 25B
    node-gitlab:  593a7107a1a7 Extracting 25B
    node-gitlab:  593a7107a1a7 Extracting 25B
    node-gitlab:  593a7107a1a7 Extracting 25B
    node-gitlab:  593a7107a1a7 Extracting 25B
    node-gitlab:  593a7107a1a7 Extracting 25B
    node-gitlab:  593a7107a1a7 Extracting 25B
    node-gitlab:  593a7107a1a7 Extracting 26B
    node-gitlab:  593a7107a1a7 Extracting 26B
    node-gitlab:  593a7107a1a7 Extracting 26B
    node-gitlab:  593a7107a1a7 Extracting 26B
    node-gitlab:  593a7107a1a7 Extracting 26B
    node-gitlab:  593a7107a1a7 Extracting 31B
    node-gitlab:  593a7107a1a7 Extracting 31B
    node-gitlab:  593a7107a1a7 Extracting 31B
    node-gitlab:  593a7107a1a7 Extracting 31B
    node-gitlab:  593a7107a1a7 Extracting 31B
    node-gitlab:  593a7107a1a7 Extracting 31B
    node-gitlab:  593a7107a1a7 Extracting 32B
    node-gitlab:  593a7107a1a7 Extracting 32B
    node-gitlab:  593a7107a1a7 Extracting 32B
    node-gitlab:  593a7107a1a7 Extracting 32B
    node-gitlab:  593a7107a1a7 Extracting 32B
    node-gitlab:  593a7107a1a7 Extracting 32B
    node-gitlab:  593a7107a1a7 Extracting 32B
    node-gitlab:  593a7107a1a7 Extracting 32B
    node-gitlab:  593a7107a1a7 Extracting 32B
    node-gitlab:  593a7107a1a7 Extracting 33B
    node-gitlab:  593a7107a1a7 Extracting 33B
    node-gitlab:  593a7107a1a7 Extracting 33B
    node-gitlab:  593a7107a1a7 Extracting 33B
    node-gitlab:  593a7107a1a7 Extracting 33B
    node-gitlab:  593a7107a1a7 Extracting 33B
    node-gitlab:  593a7107a1a7 Extracting 33B
    node-gitlab:  593a7107a1a7 Extracting 33B
    node-gitlab:  593a7107a1a7 Extracting 33B
    node-gitlab:  593a7107a1a7 Extracting 33B
    node-gitlab:  593a7107a1a7 Extracting 33B
    node-gitlab:  593a7107a1a7 Extracting 34B
    node-gitlab:  593a7107a1a7 Extracting 34B
    node-gitlab:  593a7107a1a7 Extracting 34B
    node-gitlab:  593a7107a1a7 Extracting 34B
    node-gitlab:  593a7107a1a7 Extracting 34B
    node-gitlab:  593a7107a1a7 Extracting 34B
    node-gitlab:  593a7107a1a7 Extracting 34B
    node-gitlab:  593a7107a1a7 Extracting 34B
    node-gitlab:  593a7107a1a7 Extracting 34B
    node-gitlab:  593a7107a1a7 Extracting 34B
    node-gitlab:  593a7107a1a7 Extracting 35B
    node-gitlab:  593a7107a1a7 Extracting 35B
    node-gitlab:  593a7107a1a7 Extracting 35B
    node-gitlab:  593a7107a1a7 Extracting 35B
    node-gitlab:  593a7107a1a7 Extracting 35B
    node-gitlab:  593a7107a1a7 Extracting 35B
    node-gitlab:  593a7107a1a7 Extracting 35B
    node-gitlab:  593a7107a1a7 Extracting 35B
    node-gitlab:  593a7107a1a7 Extracting 35B
    node-gitlab:  593a7107a1a7 Extracting 35B
    node-gitlab:  593a7107a1a7 Extracting 36B
    node-gitlab:  593a7107a1a7 Extracting 36B
    node-gitlab:  593a7107a1a7 Extracting 36B
    node-gitlab:  593a7107a1a7 Extracting 36B
    node-gitlab:  593a7107a1a7 Extracting 36B
    node-gitlab:  593a7107a1a7 Extracting 36B
    node-gitlab:  593a7107a1a7 Extracting 36B
    node-gitlab:  593a7107a1a7 Extracting 36B
    node-gitlab:  593a7107a1a7 Extracting 36B
    node-gitlab:  593a7107a1a7 Extracting 36B
    node-gitlab:  593a7107a1a7 Extracting 37B
    node-gitlab:  593a7107a1a7 Extracting 37B
    node-gitlab:  593a7107a1a7 Extracting 37B
    node-gitlab:  593a7107a1a7 Extracting 37B
    node-gitlab:  593a7107a1a7 Extracting 37B
    node-gitlab:  593a7107a1a7 Extracting 37B
    node-gitlab:  593a7107a1a7 Extracting 37B
    node-gitlab:  593a7107a1a7 Extracting 37B
    node-gitlab:  593a7107a1a7 Extracting 37B
    node-gitlab:  593a7107a1a7 Extracting 38B
    node-gitlab:  593a7107a1a7 Extracting 38B
    node-gitlab:  593a7107a1a7 Extracting 38B
    node-gitlab:  593a7107a1a7 Extracting 38B
    node-gitlab:  593a7107a1a7 Extracting 38B
    node-gitlab:  593a7107a1a7 Extracting 38B
    node-gitlab:  593a7107a1a7 Extracting 38B
    node-gitlab:  593a7107a1a7 Extracting 38B
    node-gitlab:  593a7107a1a7 Extracting 38B
    node-gitlab:  593a7107a1a7 Extracting 38B
    node-gitlab:  593a7107a1a7 Extracting 38B
    node-gitlab:  593a7107a1a7 Extracting 39B
    node-gitlab:  593a7107a1a7 Extracting 39B
    node-gitlab:  593a7107a1a7 Extracting 39B
    node-gitlab:  593a7107a1a7 Extracting 39B
    node-gitlab:  593a7107a1a7 Extracting 39B
    node-gitlab:  593a7107a1a7 Extracting 39B
    node-gitlab:  593a7107a1a7 Extracting 39B
    node-gitlab:  593a7107a1a7 Extracting 39B
    node-gitlab:  593a7107a1a7 Extracting 39B
    node-gitlab:  593a7107a1a7 Extracting 39B
    node-gitlab:  593a7107a1a7 Extracting 40B
    node-gitlab:  593a7107a1a7 Extracting 40B
    node-gitlab:  593a7107a1a7 Extracting 40B
    node-gitlab:  593a7107a1a7 Extracting 40B
    node-gitlab:  593a7107a1a7 Extracting 40B
    node-gitlab:  593a7107a1a7 Extracting 40B
    node-gitlab:  593a7107a1a7 Extracting 40B
    node-gitlab:  593a7107a1a7 Extracting 40B
    node-gitlab:  593a7107a1a7 Extracting 40B
    node-gitlab:  593a7107a1a7 Extracting 40B
    node-gitlab:  593a7107a1a7 Extracting 41B
    node-gitlab:  593a7107a1a7 Extracting 41B
    node-gitlab:  593a7107a1a7 Extracting 41B
    node-gitlab:  593a7107a1a7 Extracting 41B
    node-gitlab:  593a7107a1a7 Extracting 41B
    node-gitlab:  593a7107a1a7 Extracting 41B
    node-gitlab:  593a7107a1a7 Extracting 41B
    node-gitlab:  593a7107a1a7 Extracting 41B
    node-gitlab:  593a7107a1a7 Extracting 41B
    node-gitlab:  593a7107a1a7 Extracting 41B
    node-gitlab:  593a7107a1a7 Extracting 42B
    node-gitlab:  593a7107a1a7 Extracting 42B
    node-gitlab:  593a7107a1a7 Extracting 42B
    node-gitlab:  593a7107a1a7 Extracting 42B
    node-gitlab:  593a7107a1a7 Extracting 42B
    node-gitlab:  593a7107a1a7 Extracting 42B
    node-gitlab:  593a7107a1a7 Extracting 42B
    node-gitlab:  593a7107a1a7 Extracting 42B
    node-gitlab:  593a7107a1a7 Extracting 42B
    node-gitlab:  593a7107a1a7 Extracting 43B
    node-gitlab:  593a7107a1a7 Extracting 43B
    node-gitlab:  593a7107a1a7 Extracting 43B
    node-gitlab:  593a7107a1a7 Extracting 43B
    node-gitlab:  593a7107a1a7 Extracting 43B
    node-gitlab:  593a7107a1a7 Extracting 43B
    node-gitlab:  593a7107a1a7 Extracting 43B
    node-gitlab:  593a7107a1a7 Extracting 43B
    node-gitlab:  593a7107a1a7 Extracting 43B
    node-gitlab:  593a7107a1a7 Extracting 43B
    node-gitlab:  593a7107a1a7 Extracting 43B
    node-gitlab:  593a7107a1a7 Extracting 44B
    node-gitlab:  593a7107a1a7 Extracting 44B
    node-gitlab:  593a7107a1a7 Extracting 44B
    node-gitlab:  593a7107a1a7 Extracting 44B
    node-gitlab:  593a7107a1a7 Extracting 44B
    node-gitlab:  593a7107a1a7 Extracting 44B
    node-gitlab:  593a7107a1a7 Extracting 44B
    node-gitlab:  593a7107a1a7 Extracting 44B
    node-gitlab:  593a7107a1a7 Extracting 44B
    node-gitlab:  593a7107a1a7 Extracting 44B
    node-gitlab:  593a7107a1a7 Extracting 45B
    node-gitlab:  593a7107a1a7 Extracting 45B
    node-gitlab:  593a7107a1a7 Extracting 45B
    node-gitlab:  593a7107a1a7 Extracting 45B
    node-gitlab:  593a7107a1a7 Extracting 45B
    node-gitlab:  593a7107a1a7 Extracting 45B
    node-gitlab:  593a7107a1a7 Extracting 45B
    node-gitlab:  593a7107a1a7 Extracting 45B
    node-gitlab:  593a7107a1a7 Extracting 45B
    node-gitlab:  593a7107a1a7 Extracting 45B
    node-gitlab:  593a7107a1a7 Extracting 46B
    node-gitlab:  593a7107a1a7 Extracting 46B
    node-gitlab:  593a7107a1a7 Extracting 46B
    node-gitlab:  593a7107a1a7 Extracting 46B
    node-gitlab:  593a7107a1a7 Extracting 46B
    node-gitlab:  593a7107a1a7 Extracting 46B
    node-gitlab:  593a7107a1a7 Extracting 46B
    node-gitlab:  593a7107a1a7 Extracting 46B
    node-gitlab:  593a7107a1a7 Extracting 46B
    node-gitlab:  593a7107a1a7 Extracting 46B
    node-gitlab:  593a7107a1a7 Extracting 47B
    node-gitlab:  593a7107a1a7 Extracting 47B
    node-gitlab:  593a7107a1a7 Extracting 47B
    node-gitlab:  593a7107a1a7 Extracting 47B
    node-gitlab:  593a7107a1a7 Extracting 47B
    node-gitlab:  593a7107a1a7 Extracting 47B
    node-gitlab:  593a7107a1a7 Extracting 47B
    node-gitlab:  593a7107a1a7 Extracting 47B
    node-gitlab:  593a7107a1a7 Extracting 47B
    node-gitlab:  593a7107a1a7 Extracting 47B
    node-gitlab:  593a7107a1a7 Extracting 48B
    node-gitlab:  593a7107a1a7 Extracting 48B
    node-gitlab:  593a7107a1a7 Extracting 48B
    node-gitlab:  593a7107a1a7 Extracting 48B
    node-gitlab:  593a7107a1a7 Extracting 48B
    node-gitlab:  593a7107a1a7 Extracting 48B
    node-gitlab:  593a7107a1a7 Extracting 48B
    node-gitlab:  593a7107a1a7 Extracting 48B
    node-gitlab:  593a7107a1a7 Extracting 48B
    node-gitlab:  593a7107a1a7 Extracting 48B
    node-gitlab:  593a7107a1a7 Extracting 49B
    node-gitlab:  593a7107a1a7 Extracting 49B
    node-gitlab:  593a7107a1a7 Extracting 49B
    node-gitlab:  593a7107a1a7 Extracting 49B
    node-gitlab:  593a7107a1a7 Extracting 49B
    node-gitlab:  593a7107a1a7 Extracting 49B
    node-gitlab:  593a7107a1a7 Extracting 49B
    node-gitlab:  593a7107a1a7 Extracting 49B
    node-gitlab:  593a7107a1a7 Extracting 49B
    node-gitlab:  593a7107a1a7 Extracting 49B
    node-gitlab:  593a7107a1a7 Extracting 50B
    node-gitlab:  593a7107a1a7 Extracting 50B
    node-gitlab:  593a7107a1a7 Extracting 50B
    node-gitlab:  593a7107a1a7 Extracting 50B
    node-gitlab:  593a7107a1a7 Extracting 50B
    node-gitlab:  593a7107a1a7 Extracting 50B
    node-gitlab:  593a7107a1a7 Extracting 50B
    node-gitlab:  593a7107a1a7 Extracting 50B
    node-gitlab:  593a7107a1a7 Extracting 50B
    node-gitlab:  593a7107a1a7 Extracting 50B
    node-gitlab:  593a7107a1a7 Extracting 51B
    node-gitlab:  593a7107a1a7 Extracting 51B
    node-gitlab:  593a7107a1a7 Extracting 51B
    node-gitlab:  593a7107a1a7 Extracting 51B
    node-gitlab:  593a7107a1a7 Extracting 51B
    node-gitlab:  593a7107a1a7 Extracting 51B
    node-gitlab:  593a7107a1a7 Extracting 51B
    node-gitlab:  593a7107a1a7 Extracting 51B
    node-gitlab:  593a7107a1a7 Extracting 51B
    node-gitlab:  593a7107a1a7 Extracting 51B
    node-gitlab:  593a7107a1a7 Extracting 52B
    node-gitlab:  593a7107a1a7 Extracting 52B
    node-gitlab:  593a7107a1a7 Extracting 52B
    node-gitlab:  593a7107a1a7 Extracting 52B
    node-gitlab:  593a7107a1a7 Extracting 52B
    node-gitlab:  593a7107a1a7 Extracting 52B
    node-gitlab:  593a7107a1a7 Extracting 52B
    node-gitlab:  593a7107a1a7 Extracting 52B
    node-gitlab:  593a7107a1a7 Extracting 52B
    node-gitlab:  593a7107a1a7 Extracting 52B
    node-gitlab:  593a7107a1a7 Extracting 53B
    node-gitlab:  593a7107a1a7 Extracting 53B
    node-gitlab:  593a7107a1a7 Extracting 53B
    node-gitlab:  593a7107a1a7 Extracting 53B
    node-gitlab:  593a7107a1a7 Extracting 53B
    node-gitlab:  593a7107a1a7 Extracting 53B
    node-gitlab:  593a7107a1a7 Extracting 53B
    node-gitlab:  593a7107a1a7 Extracting 53B
    node-gitlab:  593a7107a1a7 Extracting 53B
    node-gitlab:  593a7107a1a7 Extracting 53B
    node-gitlab:  593a7107a1a7 Extracting 54B
    node-gitlab:  593a7107a1a7 Extracting 54B
    node-gitlab:  593a7107a1a7 Extracting 54B
    node-gitlab:  593a7107a1a7 Extracting 54B
    node-gitlab:  593a7107a1a7 Extracting 54B
    node-gitlab:  593a7107a1a7 Extracting 54B
    node-gitlab:  593a7107a1a7 Extracting 54B
    node-gitlab:  593a7107a1a7 Extracting 54B
    node-gitlab:  593a7107a1a7 Extracting 54B
    node-gitlab:  593a7107a1a7 Extracting 54B
    node-gitlab:  593a7107a1a7 Extracting 55B
    node-gitlab:  593a7107a1a7 Extracting 55B
    node-gitlab:  593a7107a1a7 Extracting 55B
    node-gitlab:  593a7107a1a7 Extracting 55B
    node-gitlab:  593a7107a1a7 Extracting 55B
    node-gitlab:  593a7107a1a7 Extracting 55B
    node-gitlab:  593a7107a1a7 Extracting 55B
    node-gitlab:  593a7107a1a7 Extracting 55B
    node-gitlab:  593a7107a1a7 Extracting 55B
    node-gitlab:  593a7107a1a7 Extracting 55B
    node-gitlab:  593a7107a1a7 Extracting 56B
    node-gitlab:  593a7107a1a7 Extracting 56B
    node-gitlab:  593a7107a1a7 Extracting 56B
    node-gitlab:  593a7107a1a7 Extracting 56B
    node-gitlab:  593a7107a1a7 Extracting 56B
    node-gitlab:  593a7107a1a7 Extracting 56B
    node-gitlab:  593a7107a1a7 Extracting 56B
    node-gitlab:  593a7107a1a7 Extracting 56B
    node-gitlab:  593a7107a1a7 Extracting 56B
    node-gitlab:  593a7107a1a7 Extracting 56B
    node-gitlab:  593a7107a1a7 Extracting 57B
    node-gitlab:  593a7107a1a7 Extracting 57B
    node-gitlab:  593a7107a1a7 Extracting 57B
    node-gitlab:  593a7107a1a7 Extracting 57B
    node-gitlab:  593a7107a1a7 Extracting 57B
    node-gitlab:  593a7107a1a7 Extracting 57B
    node-gitlab:  593a7107a1a7 Extracting 57B
    node-gitlab:  593a7107a1a7 Extracting 57B
    node-gitlab:  593a7107a1a7 Extracting 57B
    node-gitlab:  593a7107a1a7 Extracting 58B
    node-gitlab:  593a7107a1a7 Extracting 58B
    node-gitlab:  593a7107a1a7 Extracting 58B
    node-gitlab:  593a7107a1a7 Extracting 58B
    node-gitlab:  593a7107a1a7 Extracting 58B
    node-gitlab:  593a7107a1a7 Extracting 58B
    node-gitlab:  593a7107a1a7 Extracting 58B
    node-gitlab:  593a7107a1a7 Extracting 58B
    node-gitlab:  593a7107a1a7 Extracting 58B
    node-gitlab:  593a7107a1a7 Extracting 58B
    node-gitlab:  593a7107a1a7 Extracting 59B
    node-gitlab:  593a7107a1a7 Extracting 59B
    node-gitlab:  593a7107a1a7 Extracting 59B
    node-gitlab:  593a7107a1a7 Extracting 59B
    node-gitlab:  593a7107a1a7 Extracting 59B
    node-gitlab:  593a7107a1a7 Extracting 59B
    node-gitlab:  593a7107a1a7 Extracting 59B
    node-gitlab:  593a7107a1a7 Extracting 59B
    node-gitlab:  593a7107a1a7 Extracting 59B
    node-gitlab:  593a7107a1a7 Extracting 59B
    node-gitlab:  593a7107a1a7 Extracting 59B
    node-gitlab:  593a7107a1a7 Extracting 60B
    node-gitlab:  593a7107a1a7 Extracting 60B
    node-gitlab:  593a7107a1a7 Extracting 60B
    node-gitlab:  593a7107a1a7 Extracting 60B
    node-gitlab:  593a7107a1a7 Extracting 60B
    node-gitlab:  593a7107a1a7 Extracting 60B
    node-gitlab:  593a7107a1a7 Extracting 60B
    node-gitlab:  593a7107a1a7 Extracting 60B
    node-gitlab:  593a7107a1a7 Extracting 60B
    node-gitlab:  593a7107a1a7 Extracting 60B
    node-gitlab:  593a7107a1a7 Extracting 61B
    node-gitlab:  593a7107a1a7 Extracting 61B
    node-gitlab:  593a7107a1a7 Extracting 61B
    node-gitlab:  593a7107a1a7 Extracting 61B
    node-gitlab:  593a7107a1a7 Extracting 61B
    node-gitlab:  593a7107a1a7 Extracting 61B
    node-gitlab:  593a7107a1a7 Extracting 61B
    node-gitlab:  593a7107a1a7 Extracting 61B
    node-gitlab:  593a7107a1a7 Extracting 61B
    node-gitlab:  593a7107a1a7 Extracting 61B
    node-gitlab:  593a7107a1a7 Extracting 62B
    node-gitlab:  593a7107a1a7 Extracting 62B
    node-gitlab:  593a7107a1a7 Extracting 62B
    node-gitlab:  593a7107a1a7 Extracting 62B
    node-gitlab:  593a7107a1a7 Extracting 62B
    node-gitlab:  593a7107a1a7 Extracting 62B
    node-gitlab:  593a7107a1a7 Extracting 62B
    node-gitlab:  593a7107a1a7 Extracting 62B
    node-gitlab:  593a7107a1a7 Extracting 62B
    node-gitlab:  593a7107a1a7 Extracting 63B
    node-gitlab:  593a7107a1a7 Extracting 63B
    node-gitlab:  593a7107a1a7 Extracting 63B
    node-gitlab:  593a7107a1a7 Extracting 63B
    node-gitlab:  593a7107a1a7 Extracting 63B
    node-gitlab:  593a7107a1a7 Extracting 63B
    node-gitlab:  593a7107a1a7 Extracting 63B
    node-gitlab:  593a7107a1a7 Extracting 63B
    node-gitlab:  593a7107a1a7 Extracting 63B
    node-gitlab:  593a7107a1a7 Extracting 63B
    node-gitlab:  593a7107a1a7 Extracting 64B
    node-gitlab:  593a7107a1a7 Extracting 64B
    node-gitlab:  593a7107a1a7 Extracting 64B
    node-gitlab:  593a7107a1a7 Extracting 64B
    node-gitlab:  593a7107a1a7 Extracting 64B
    node-gitlab:  593a7107a1a7 Extracting 64B
    node-gitlab:  593a7107a1a7 Extracting 64B
    node-gitlab:  593a7107a1a7 Extracting 64B
    node-gitlab:  593a7107a1a7 Extracting 64B
    node-gitlab:  593a7107a1a7 Extracting 64B
    node-gitlab:  593a7107a1a7 Extracting 64B
    node-gitlab:  593a7107a1a7 Extracting 65B
    node-gitlab:  593a7107a1a7 Extracting 65B
    node-gitlab:  593a7107a1a7 Extracting 65B
    node-gitlab:  593a7107a1a7 Extracting 65B
    node-gitlab:  593a7107a1a7 Extracting 65B
    node-gitlab:  593a7107a1a7 Extracting 65B
    node-gitlab:  593a7107a1a7 Extracting 65B
    node-gitlab:  593a7107a1a7 Extracting 65B
    node-gitlab:  593a7107a1a7 Extracting 65B
    node-gitlab:  593a7107a1a7 Extracting 65B
    node-gitlab:  593a7107a1a7 Extracting 66B
    node-gitlab:  593a7107a1a7 Extracting 66B
    node-gitlab:  593a7107a1a7 Extracting 66B
    node-gitlab:  593a7107a1a7 Extracting 66B
    node-gitlab:  593a7107a1a7 Extracting 66B
    node-gitlab:  593a7107a1a7 Extracting 66B
    node-gitlab:  593a7107a1a7 Extracting 66B
    node-gitlab:  593a7107a1a7 Extracting 66B
    node-gitlab:  593a7107a1a7 Extracting 66B
    node-gitlab:  593a7107a1a7 Extracting 66B
    node-gitlab:  593a7107a1a7 Extracting 67B
    node-gitlab:  593a7107a1a7 Extracting 67B
    node-gitlab:  593a7107a1a7 Extracting 67B
    node-gitlab:  593a7107a1a7 Extracting 67B
    node-gitlab:  593a7107a1a7 Extracting 67B
    node-gitlab:  593a7107a1a7 Extracting 67B
    node-gitlab:  593a7107a1a7 Extracting 67B
    node-gitlab:  593a7107a1a7 Extracting 67B
    node-gitlab:  593a7107a1a7 Extracting 67B
    node-gitlab:  593a7107a1a7 Extracting 67B
    node-gitlab:  593a7107a1a7 Extracting 68B
    node-gitlab:  593a7107a1a7 Extracting 68B
    node-gitlab:  593a7107a1a7 Extracting 68B
    node-gitlab:  593a7107a1a7 Extracting 68B
    node-gitlab:  593a7107a1a7 Extracting 68B
    node-gitlab:  593a7107a1a7 Extracting 68B
    node-gitlab:  593a7107a1a7 Extracting 68B
    node-gitlab:  593a7107a1a7 Extracting 68B
    node-gitlab:  593a7107a1a7 Extracting 68B
    node-gitlab:  593a7107a1a7 Extracting 68B
    node-gitlab:  593a7107a1a7 Extracting 69B
    node-gitlab:  593a7107a1a7 Extracting 69B
    node-gitlab:  593a7107a1a7 Extracting 69B
    node-gitlab:  593a7107a1a7 Extracting 69B
    node-gitlab:  593a7107a1a7 Extracting 69B
    node-gitlab:  593a7107a1a7 Extracting 69B
    node-gitlab:  593a7107a1a7 Extracting 69B
    node-gitlab:  593a7107a1a7 Extracting 69B
    node-gitlab:  593a7107a1a7 Extracting 69B
    node-gitlab:  593a7107a1a7 Extracting 70B
    node-gitlab:  593a7107a1a7 Extracting 70B
    node-gitlab:  593a7107a1a7 Extracting 70B
    node-gitlab:  593a7107a1a7 Extracting 70B
    node-gitlab:  593a7107a1a7 Extracting 70B
    node-gitlab:  593a7107a1a7 Extracting 70B
    node-gitlab:  593a7107a1a7 Extracting 70B
    node-gitlab:  593a7107a1a7 Extracting 70B
    node-gitlab:  593a7107a1a7 Extracting 70B
    node-gitlab:  593a7107a1a7 Extracting 70B
    node-gitlab:  593a7107a1a7 Extracting 70B
    node-gitlab:  593a7107a1a7 Extracting 71B
    node-gitlab:  593a7107a1a7 Extracting 71B
    node-gitlab:  593a7107a1a7 Extracting 71B
    node-gitlab:  593a7107a1a7 Extracting 71B
    node-gitlab:  593a7107a1a7 Extracting 71B
    node-gitlab:  593a7107a1a7 Extracting 71B
    node-gitlab:  593a7107a1a7 Extracting 71B
    node-gitlab:  593a7107a1a7 Extracting 71B
    node-gitlab:  593a7107a1a7 Extracting 71B
    node-gitlab:  593a7107a1a7 Extracting 72B
    node-gitlab:  593a7107a1a7 Extracting 72B
    node-gitlab:  593a7107a1a7 Extracting 72B
    node-gitlab:  593a7107a1a7 Extracting 72B
    node-gitlab:  593a7107a1a7 Extracting 72B
    node-gitlab:  593a7107a1a7 Extracting 72B
    node-gitlab:  593a7107a1a7 Extracting 72B
    node-gitlab:  593a7107a1a7 Extracting 72B
    node-gitlab:  593a7107a1a7 Extracting 72B
    node-gitlab:  593a7107a1a7 Extracting 72B
    node-gitlab:  593a7107a1a7 Extracting 72B
    node-gitlab:  593a7107a1a7 Extracting 73B
    node-gitlab:  593a7107a1a7 Extracting 73B
    node-gitlab:  593a7107a1a7 Extracting 73B
    node-gitlab:  593a7107a1a7 Extracting 73B
    node-gitlab:  593a7107a1a7 Extracting 73B
    node-gitlab:  593a7107a1a7 Extracting 73B
    node-gitlab:  593a7107a1a7 Extracting 73B
    node-gitlab:  593a7107a1a7 Extracting 73B
    node-gitlab:  593a7107a1a7 Extracting 73B
    node-gitlab:  593a7107a1a7 Extracting 74B
    node-gitlab:  593a7107a1a7 Extracting 74B
    node-gitlab:  593a7107a1a7 Extracting 74B
    node-gitlab:  593a7107a1a7 Extracting 74B
    node-gitlab:  593a7107a1a7 Extracting 74B
    node-gitlab:  593a7107a1a7 Extracting 74B
    node-gitlab:  593a7107a1a7 Extracting 74B
    node-gitlab:  593a7107a1a7 Extracting 74B
    node-gitlab:  593a7107a1a7 Extracting 74B
    node-gitlab:  593a7107a1a7 Extracting 74B
    node-gitlab:  593a7107a1a7 Extracting 74B
    node-gitlab:  593a7107a1a7 Extracting 75B
    node-gitlab:  593a7107a1a7 Extracting 75B
    node-gitlab:  593a7107a1a7 Extracting 75B
    node-gitlab:  593a7107a1a7 Extracting 75B
    node-gitlab:  593a7107a1a7 Extracting 75B
    node-gitlab:  593a7107a1a7 Extracting 75B
    node-gitlab:  593a7107a1a7 Extracting 75B
    node-gitlab:  593a7107a1a7 Extracting 75B
    node-gitlab:  593a7107a1a7 Extracting 75B
    node-gitlab:  593a7107a1a7 Extracting 76B
    node-gitlab:  593a7107a1a7 Extracting 76B
    node-gitlab:  593a7107a1a7 Extracting 76B
    node-gitlab:  593a7107a1a7 Extracting 76B
    node-gitlab:  593a7107a1a7 Extracting 76B
    node-gitlab:  593a7107a1a7 Extracting 76B
    node-gitlab:  593a7107a1a7 Extracting 76B
    node-gitlab:  593a7107a1a7 Extracting 76B
    node-gitlab:  593a7107a1a7 Extracting 76B
    node-gitlab:  593a7107a1a7 Extracting 76B
    node-gitlab:  593a7107a1a7 Extracting 77B
    node-gitlab:  593a7107a1a7 Extracting 77B
    node-gitlab:  593a7107a1a7 Extracting 77B
    node-gitlab:  593a7107a1a7 Extracting 77B
    node-gitlab:  593a7107a1a7 Extracting 77B
    node-gitlab:  593a7107a1a7 Extracting 77B
    node-gitlab:  593a7107a1a7 Extracting 77B
    node-gitlab:  593a7107a1a7 Extracting 77B
    node-gitlab:  593a7107a1a7 Extracting 77B
    node-gitlab:  593a7107a1a7 Extracting 77B
    node-gitlab:  593a7107a1a7 Extracting 77B
    node-gitlab:  593a7107a1a7 Extracting 78B
    node-gitlab:  593a7107a1a7 Extracting 78B
    node-gitlab:  593a7107a1a7 Extracting 78B
    node-gitlab:  593a7107a1a7 Extracting 78B
    node-gitlab:  593a7107a1a7 Extracting 78B
    node-gitlab:  593a7107a1a7 Extracting 78B
    node-gitlab:  593a7107a1a7 Extracting 78B
    node-gitlab:  593a7107a1a7 Extracting 78B
    node-gitlab:  593a7107a1a7 Extracting 78B
    node-gitlab:  593a7107a1a7 Extracting 79B
    node-gitlab:  593a7107a1a7 Extracting 79B
    node-gitlab:  593a7107a1a7 Extracting 79B
    node-gitlab:  593a7107a1a7 Extracting 79B
    node-gitlab:  593a7107a1a7 Extracting 79B
    node-gitlab:  593a7107a1a7 Extracting 79B
    node-gitlab:  593a7107a1a7 Extracting 79B
    node-gitlab:  593a7107a1a7 Extracting 79B
    node-gitlab:  593a7107a1a7 Extracting 79B
    node-gitlab:  593a7107a1a7 Extracting 79B
    node-gitlab:  593a7107a1a7 Extracting 79B
    node-gitlab:  593a7107a1a7 Extracting 80B
    node-gitlab:  593a7107a1a7 Extracting 80B
    node-gitlab:  593a7107a1a7 Extracting 80B
    node-gitlab:  593a7107a1a7 Extracting 80B
    node-gitlab:  593a7107a1a7 Extracting 80B
    node-gitlab:  593a7107a1a7 Extracting 80B
    node-gitlab:  593a7107a1a7 Extracting 80B
    node-gitlab:  593a7107a1a7 Extracting 80B
    node-gitlab:  593a7107a1a7 Extracting 80B
    node-gitlab:  593a7107a1a7 Extracting 80B
    node-gitlab:  593a7107a1a7 Extracting 81B
    node-gitlab:  593a7107a1a7 Extracting 81B
    node-gitlab:  593a7107a1a7 Extracting 81B
    node-gitlab:  593a7107a1a7 Extracting 81B
    node-gitlab:  593a7107a1a7 Extracting 81B
    node-gitlab:  593a7107a1a7 Extracting 81B
    node-gitlab:  593a7107a1a7 Extracting 81B
    node-gitlab:  593a7107a1a7 Extracting 81B
    node-gitlab:  593a7107a1a7 Extracting 81B
    node-gitlab:  593a7107a1a7 Extracting 81B
    node-gitlab:  593a7107a1a7 Extracting 82B
    node-gitlab:  593a7107a1a7 Extracting 82B
    node-gitlab:  593a7107a1a7 Extracting 82B
    node-gitlab:  593a7107a1a7 Extracting 82B
    node-gitlab:  593a7107a1a7 Extracting 82B
    node-gitlab:  593a7107a1a7 Extracting 82B
    node-gitlab:  593a7107a1a7 Extracting 82B
    node-gitlab:  593a7107a1a7 Extracting 82B
    node-gitlab:  593a7107a1a7 Extracting 82B
    node-gitlab:  593a7107a1a7 Extracting 82B
    node-gitlab:  593a7107a1a7 Extracting 83B
    node-gitlab:  593a7107a1a7 Extracting 83B
    node-gitlab:  593a7107a1a7 Extracting 83B
    node-gitlab:  593a7107a1a7 Extracting 83B
    node-gitlab:  593a7107a1a7 Extracting 83B
    node-gitlab:  593a7107a1a7 Extracting 83B
    node-gitlab:  593a7107a1a7 Extracting 83B
    node-gitlab:  593a7107a1a7 Extracting 83B
    node-gitlab:  593a7107a1a7 Extracting 83B
    node-gitlab:  593a7107a1a7 Extracting 88B
    node-gitlab:  593a7107a1a7 Extracting 89B
    node-gitlab:  593a7107a1a7 Extracting 89B
    node-gitlab:  593a7107a1a7 Extracting 89B
    node-gitlab:  593a7107a1a7 Extracting 89B
    node-gitlab:  593a7107a1a7 Extracting 89B
    node-gitlab:  593a7107a1a7 Extracting 89B
    node-gitlab:  593a7107a1a7 Extracting 89B
    node-gitlab:  593a7107a1a7 Extracting 89B
    node-gitlab:  593a7107a1a7 Extracting 89B
    node-gitlab:  593a7107a1a7 Extracting 89B
    node-gitlab:  593a7107a1a7 Extracting 89B
    node-gitlab:  593a7107a1a7 Extracting 90B
    node-gitlab:  593a7107a1a7 Extracting 90B
    node-gitlab:  593a7107a1a7 Extracting 90B
    node-gitlab:  593a7107a1a7 Extracting 90B
    node-gitlab:  593a7107a1a7 Extracting 90B
    node-gitlab:  593a7107a1a7 Extracting 90B
    node-gitlab:  593a7107a1a7 Extracting 90B
    node-gitlab:  593a7107a1a7 Extracting 90B
    node-gitlab:  593a7107a1a7 Pull complete 0B
    node-gitlab:  Image gitlab/gitlab-ce:16.11.10-ce.0 Pulled
    node-gitlab:  Network gitlab_default Creating
    node-gitlab:  Network gitlab_default Created
    node-gitlab:  Container gitlab Creating
    node-gitlab:  Container gitlab Created
    node-gitlab:  Container gitlab Starting
    node-gitlab:  Container gitlab Started
    node-gitlab: [node-gitlab] waiting for GitLab health...
